年	月	日	時	分	縣市	allLocation	GoogleLat	GoogleLng	死	受傷	2-30	天候	光線	道路類別	速限	道路型態	事故位置	路面鋪裝	路面狀態	路面缺陷	障礙物	視距	號誌種類	號誌動作	分向設施	快車道或一般車道間	快慢車道間	路面邊線	事故類型及型態	事故類別
2012	1	22	15	10	新竹市	新竹市1高峰路95巷口						6			50															3
2012	1	22	5	45	新竹市	新竹市2延平路一段200號附近			0	2	0	6	3	5	50	14	9	1	4	4	5	7	4	4	5	5	5	2	9	2
2012	1	21	22	13	新竹市	新竹市2中正路251號前						8			50															3
2012	1	19	9	55	新竹市	新竹市3中華路四段299號前			0	1	0	8	1	5	50	14	9	1	5	4	5	7	4	4	1	4	4	2	16	2
2012	1	12	17	52	新竹市	新竹市3南隘路2段59巷1號對面18.6公尺處			0	2	0	8	3	5	50	14	9	1	5	4	5	7	4	4	5	5	5	2	13	2
2012	1	19	9	9	新竹市	新竹市2富美路與無路名防汛道路路口			0	1	0	8	1	5	50	3	1	1	5	4	5	7	1	1	10	5	5	2	16	2
2012	1	19	11	46	新竹市	新竹市1東大路與公園路口			0	1	0	8	1	5	50	3	1	1	5	4	5	7	4	4	10	5	5	2	16	2
2012	1	16	13	30	新竹市	新竹市1培英街						6			40															3
2012	1	16	17	50	新竹市	新竹市1東門街98號			0	2	0	6	3	5	40	3	2	1	4	4	5	7	4	4	5	4	5	2	6	2
2012	1	23	0	22	新竹市	新竹市1竹市寶山路277號			0	0	0	6	4	5	50	14	9	1	4	4	5	7	4	4	5	5	5	1	19	3
2012	1	17	11	7	新竹市	新竹市2中山路234號			0	1	0	8	1	6	50	14	9	1	5	4	5	7	4	4	5	4	5	2	17	2
2012	1	17	12	3	新竹市	新竹市1寶山路416號						8			50															3
2012	1	17	14	0	新竹市	新竹市1中華路鐵道路路口	24.8105046	120.9849983				8			50															3
2012	1	20	19	15	新竹市	新竹市1光復路一段89巷109號前	24.779001	121.025031	0	1	0	8	3	5	50	14	9	1	5	4	5	7	3	1	5	5	5	1	3	2
2012	1	16	18	55	新竹市	新竹市1忠孝路13號	24.80070555	120.9899569				8			50															3
2012	1	21	4	45	新竹市	新竹市1自由路72號前	24.813568	120.980666	0	1	0	6	3	5	50	14	9	1	4	4	5	7	4	4	5	4	5	2	12	2
2012	1	16	20	58	新竹市	新竹市1建中路98號	24.801897	120.9954761				8			50															3
2012	1	16	21	50	新竹市	新竹市1民族路246巷口弄	24.9068079	121.047921				8			50															3
2012	1	17	13	29	新竹市	新竹市2經國路二段和平路路口	24.8063163	120.9562184				8			50															3
2012	1	13	20	45	新竹市	新竹市2延平路一段214巷67號	24.8054609	120.9534521				8			50															3
2012	1	17	16	10	新竹市	新竹市1高峰路386巷84號	24.778591	120.979293				8			50															3
2012	1	17	16	30	新竹市	新竹市2國光街18巷口	24.9072449	121.044692				8			40															3
2012	1	21	8	57	新竹市	新竹市2成德一街殯儀館旁	24.7895617	120.9566158				6			50															3
2012	1	22	13	20	新竹市	新竹市2東大路二段武陵路路口	24.8171183	120.9658517				6			50															3
2012	1	23	12	50	新竹市	新竹市1中華路一段380號	24.8109992	120.9864629	0	2	0	7	1	5	50	14	9	1	5	4	5	7	1	1	5	5	5	1	13	2
2012	1	15	0	8	新竹市	新竹市2西大路中山路路口	23.8333047	120.4693168				6																		3
2012	1	15	18	40	新竹市	新竹市2經國路二段延平路路口	24.8047718	120.9556443				6																		3
2012	1	23	17	7	新竹市	新竹市1建功一路水源街口	24.8115407	121.0257822	0	2	0	7	2	5	50	4	1	1	5	4	5	7	1	1	10	5	5	2	16	2
2012	1	22	22	20	新竹市	新竹市1經國路光華東街	24.8158715	120.9792625				6			50															3
2012	1	22	19	30	新竹市	新竹市1林森路200巷	24.79873985	120.9637926																						3
2012	1	23	20	15	新竹市	新竹市3竹市明湖路景觀大道前	24.78502665	120.9515781				8			40															3
2012	1	23	23	18	新竹市	新竹市1竹市原興路330號	24.8131479	120.9972952				8			40															3
2012	1	24	1	0	新竹市	新竹市2光華街62巷12號	24.815871	120.972864				8			50															3
2012	1	24	10	30	新竹市	新竹市2田美三街55號	24.8165508	120.9766825				8			50															3
2012	1	24	10	18	新竹市	新竹市1南大路竹蓮街路口	24.7981942	120.9706866				6			50															3
2012	1	23	23	40	新竹市	新竹市2中正路192號	24.810191	120.966032				8			50															3
2012	1	24	1	3	新竹市	新竹市1光復路二段金城一路路口	24.7932831	121.001211	0	2	0	7	3	5	50	3	1	1	5	4	5	7	1	1	10	5	5	2	13	2
2012	1	24	16	2	新竹市	新竹市1食品路180巷11號	24.7974651	120.975858				8			50															3
2012	1	24	17	14	新竹市	新竹市1竹市東門街187號	24.804426	120.966383				8			40															3
2012	1	24	14	57	新竹市	新竹市3西濱快速道路						8			60															3
2012	1	20	14	2	新竹市	新竹市1慈濟路與埔頂一路口			0	1	0	8	1	5	50	4	1	1	5	4	5	7	4	4	10	5	5	2	16	2
2012	1	9	19	2	新竹市	新竹市2公道五路三段防汛道路			0	1	0	8	3	5	50	12	9	1	5	4	5	7	4	4	5	5	5	2	16	2
2012	1	19	22	0	新竹市	新竹市1復興路22號						8			50															3
2012	1	20	16	40	新竹市	新竹市1中華路一段2巷91弄						8			50															3
2012	1	20	17	36	新竹市	新竹市1東山路食品路路口			0	1	0	8	1	5	50	5	2	1	5	4	5	7	1	1	10	5	5	1	10	2
2012	1	24	11	44	新竹市	新竹市2天府路與西濱路口						8			50															3
2012	1	24	17	20	新竹市	新竹市1科學園路與光復路一段607巷口						8			50															3
2012	1	7	17	49	新竹市	新竹市1中華路一段384巷						8			50															3
2012	1	20	21	50	新竹市	新竹市2經國路鐵道路						8			50															3
2012	1	11	18	15	新竹市	新竹市1中央路仁愛街路口			0	1	0	8	3	5	50	4	2	1	5	4	5	7	4	4	10	5	5	2	15	2
2012	1	12	10	56	新竹市	新竹市1忠孝路1號						8			50															3
2012	1	25	8	15	新竹市	新竹市1經國路一段3號竹市經國路一段3號						8			50															3
2012	1	12	13	38	新竹市	新竹市3牛埔東路199號			0	1	0	8	1	5	50	3	2	1	5	4	5	7	3	1	5	5	5	1	12	2
2012	1	21	9	55	新竹市	新竹市1食品路體育館前			0	1	0	8	1	5	50	14	9	1	5	4	5	7	4	4	9	4	5	2	11	2
2012	1	21	12	21	新竹市	新竹市3牛埔東路牛埔路路口			0	1	0	8	1	5	50	3	2	1	5	4	5	7	1	1	10	5	5	2	12	2
2012	1	25	15	6	新竹市	新竹市2鐵道路三段境福街路口			0	2	0	8	1	5	50	4	1	1	5	4	5	7	2	1	10	1	5	2	15	2
2012	1	24	18	0	新竹市	新竹市1公道五路匝道口						6			50															3
2012	1	25	12	50	新竹市	新竹市1中華路與東大路口			0	1	0	8	1	5	50	5	1	1	5	4	5	7	1	1	10	5	5	2	17	2
2012	1	25	17	39	新竹市	新竹市1光復路二段585號						8			50															3
2012	1	25	18	0	新竹市	新竹市2農改場						8			50															3
2012	1	21	10	54	新竹市	新竹市2東大路二段543號						8			50															3
2012	1	20	15	30	新竹市	新竹市1中正路東門圓環路口	24.8044523	120.9702289				8			50															3
2012	1	21	9	19	新竹市	新竹市1中央路三民國中大門前	24.8078458	120.9721101				8			50															3
2012	1	21	14	36	新竹市	新竹市1原興路306號	24.812721	120.998277				8			40															3
2012	1	21	13	43	新竹市	新竹市1東大路一段中華路路口	24.8042903	120.9752282				8			50															3
2012	1	11	0	7	新竹市	新竹市2中山路140號	24.8042031	120.964568				8			50															3
2012	1	6	17	22	新竹市	新竹市3元培街24號	24.7767133	120.9439115	0	1	0	6	1	5	50	14	9	1	4	4	5	7	4	4	5	5	5	1	13	2
2012	1	17	20	37	新竹市	新竹市1食品路508號	24.7943131	120.965925				8			50															3
2012	1	7	19	5	新竹市	新竹市1東西向快速道路6K	24.822319	120.9799914				8			90															3
2012	1	25	21	0	新竹市	新竹市3西濱路77K處	24.8270975	120.927613	0	2	0	7	4	5	50	14	8	1	5	4	5	7	4	4	3	4	3	2	13	2
2012	1	16	18	32	新竹市	新竹市1公道五路二段69號	24.7962926	121.0105979				8			50															3
2012	1	16	19	50	新竹市	新竹市2竹光路磐石路路口						8			50															3
2012	1	20	17	24	新竹市	新竹市2經國路二段227號						8			50															3
2012	1	13	23	29	新竹市	新竹市2延平路三段612巷						8			50															3
2012	1	14	15	4	新竹市	新竹市1明湖路365巷						8			50															3
2012	1	14	16	26	新竹市	新竹市1食品路416號						8			50															3
2012	1	15	9	43	新竹市	新竹市1經國路一段民生路路口						6			50															3
2012	1	15	12	40	新竹市	新竹市2湳雅街147巷						8			40															3
2012	1	26	1	5	新竹市	新竹市2水田街141巷						6			50															3
2012	1	25	22	8	新竹市	新竹市1中央路自由路路口			0	2	0	8	3	5	50	3	1	1	5	4	5	7	2	1	10	5	5	2	13	2
2012	1	19	21	25	新竹市	新竹市2東大路二段鐵道路路口			0	1	0	7	3	5	50	4	1	1	5	4	5	7	2	1	10	5	5	2	16	2
2012	1	18	2	35	新竹市	新竹市2中山路332號			0	1	0	8	3	5	50	14	9	1	5	4	5	7	4	4	5	5	5	2	17	2
2012	1	18	4	55	新竹市	新竹市1公道五路二段東美路路口						8			50															3
2012	1	20	23	12	新竹市	新竹市2湳雅街81號						8			50															3
2012	1	20	21	22	新竹市	新竹市2中華路中山路路口			0	1	0	8	3	5	50	4	1	1	5	4	5	7	1	1	10	5	5	2	16	2
2012	1	18	14	31	新竹市	新竹市1高峰路高翠路路口						8			50															3
2012	1	18	15	43	新竹市	新竹市1光復路二段建中路路口						8			50															3
2012	1	18	16	45	新竹市	新竹市3經國路二段牛埔路路口						8			50															3
2012	1	18	17	42	新竹市	新竹市1食品路165巷			0	1	0	8	2	5	50	3	1	1	5	4	5	7	4	4	10	5	5	2	16	2
2012	1	26	9	50	新竹市	新竹市1中華路二段290號			0	0	0	8	1	5	50	14	9	1	5	4	5	7	4	4	5	5	5	1	16	3
2012	1	19	10	59	新竹市	新竹市2湳雅街、農改路口						8			50															3
2012	1	19	7	55	新竹市	新竹市3中華路六段97巷			0	3	0	8	1	5	50	4	1	1	5	4	5	7	3	1	1	4	5	1	16	2
2012	1	26	11	49	新竹市	新竹市3大庄路38巷						8			50															3
2012	1	26	14	30	新竹市	新竹市1高峰路221巷高峰路路口									50															3
2012	1	26	15	35	新竹市	新竹市3中華路四段428號			0	1	0	7	1	5	50	14	8	1	5	4	5	7	4	4	1	4	4	2	16	2
2012	1	26	16	6	新竹市	新竹市2西門街12巷						8			50															3
2012	1	15	14	24	新竹市	新竹市2東大路四段45號						6			50															3
2012	1	18	10	45	新竹市	新竹市1食品路134巷東南街路口167巷口						8			50															3
2012	1	19	9	9	新竹市	新竹市1明湖路243巷192號旁						8			40															3
2012	1	19	12	5	新竹市	新竹市1中華路二段90號						8			50															3
2012	1	19	14	0	新竹市	新竹市3東華路62號						8			50															3
2012	1	26	18	21	新竹市	新竹市3內湖路29號			0	1	0	8	3	5	50	14	9	1	5	4	5	7	4	4	9	5	5	1	13	2
2012	1	26	20	12	新竹市	新竹市1中華路一段2巷May-69號			0	3	0	8	3	5	50	14	9	1	5	4	5	7	4	4	10	5	5	2	10	2
2012	1	27	0	24	新竹市	新竹市2東大路三段120-2號前約14.5公尺處						8			50															3
2012	1	20	16	4	新竹市	新竹市1光復路二段252號						8			50															3
2012	1	27	21	0	新竹市	新竹市3中華路四段178巷65號						8			50															3
2012	1	28	2	0	新竹市	新竹市3牛埔東路177號						8			50															3
2012	1	14	5	55	新竹市	新竹市1公道五路三段708號			0	2	0	8	3	5	50	14	9	1	5	4	5	7	4	4	9	4	5	2	16	2
2012	1	27	12	30	新竹市	新竹市1竹蓮街頂竹圍公有停車場						8			30															3
2012	1	27	13	46	新竹市	新竹市1中華路二段495號			0	2	0	8	1	5	50	14	9	1	5	4	5	7	4	4	9	4	5	2	13	2
2012	1	22	22	20	新竹市	新竹市2竹光路184巷			0	2	0	6	3	5	40	4	1	1	4	4	5	5	3	1	10	5	5	2	15	2
2012	1	23	15	15	新竹市	新竹市2中山路興南街口						8			50															3
2012	1	27	2	54	新竹市	新竹市2和平路22號						8			50															3
2012	1	23	20	30	新竹市	新竹市2東大路二段經國路路口						8			50															3
2012	1	21	12	50	新竹市	新竹市2中央路與府後街			0	1	0	7	1	5	50	4	1	1	5	4	5	7	4	4	10	5	5	2	16	2
2012	1	24	7	20	新竹市	新竹市1光復路一段683巷			0	1	0	6	1	5	50	3	1	1	4	4	5	7	4	4	10	5	5	2	16	2
2012	1	27	13	55	新竹市	新竹市2東大路新港三路口						8			50															3
2012	1	27	16	0	新竹市	新竹市1食品路59號						8			50															3
2012	1	10	8	4	新竹市	新竹市2湳雅街187巷82號						8			50															3
2012	1	27	17	30	新竹市	新竹市1公道五路慈雲路路口						8			50															3
2012	1	9	19	30	新竹市	新竹市1光復路一段588號						8			50															3
2012	1	21	17	55	新竹市	新竹市2北大路少年街路口						8			50															3
2012	1	24	17	40	新竹市	新竹市1中華路一段自由路口						8			50															3
2012	1	28	7	5	新竹市	新竹市1千甲路原興路口						8			40															3
2012	1	28	7	37	新竹市	新竹市3玄奘路19923號路燈			0	1	0	8	1	5	40	12	9	1	5	4	5	7	4	4	4	5	5	1	18	2
2012	1	27	20	40	新竹市	新竹市3瑞光街遊樂街路口			0	1	0	8	3	5	50	4	1	1	5	4	5	7	3	1	10	5	5	2	15	2
2012	1	8	17	13	新竹市	新竹市1寶山路247號			0	1	0	8	2	4	50	14	9	1	5	4	5	7	4	4	1	4	5	2	23	2
2012	1	27	16	59	新竹市	新竹市1建功一路建新路路口			0	1	0	8	1	5	50	4	1	1	5	4	5	7	1	1	10	5	5	2	16	2
2012	1	28	8	55	新竹市	新竹市2鐵道路二段湳雅街路口			0	1	0	8	1	5	50	4	1	1	5	4	5	7	1	1	10	5	5	2	13	2
2012	1	27	15	48	新竹市	新竹市1北大路70號曙光小學						8			50															3
2012	1	9	18	33	新竹市	新竹市1中華路二段270號	24.8047713	120.9756159	0	1	0	8	3	5	50	14	9	1	5	4	5	7	4	4	1	4	5	2	13	2
2012	1	27	17	5	新竹市	新竹市2公道五路三段湳雅街路口	24.8235233	120.9787074				8			50															3
2012	1	27	21	29	新竹市	新竹市2東大路二段武陵路路口	24.8171183	120.9658517				8			50															3
2012	1	24	9	55	新竹市	新竹市3牛埔北路78巷	24.798941	120.941665				6			50															3
2012	1	20	11	8	新竹市	新竹市2中山路大同路路口	24.34623015	120.6264257				8			50															3
2012	1	20	13	18	新竹市	新竹市3二段169號	24.8051121	120.938151				8			50															3
2012	1	28	12	50	新竹市	新竹市2中山路175號	24.8027507	120.9628105				8			50															3
2012	1	25	18	49	新竹市	新竹市3浸水街3.4巷	24.7964496	120.9377592				8			50															3
2012	1	25	21	25	新竹市	新竹市2西大路西門街路口						8			50															3
2012	1	27	14	40	新竹市	新竹市2南寮街108巷口前						8			50															3
2012	1	27	21	50	新竹市	新竹市1明湖路775巷			0	2	0	8	3	5	50	4	1	1	5	4	5	7	2	1	10	5	5	2	16	2
2012	1	6	8	21	新竹市	新竹市1						6			90															3
2012	1	28	18	32	新竹市	新竹市1忠孝路(大潤發出入口對面車道)						8			50															3
2012	1	16	13	5	新竹市	新竹市1公道五路高架橋上			0	2	0	6	1	5	50	14	9	1	4	4	5	7	4	4	1	4	5	2	12	2
2012	1	6	11	28	新竹市	新竹市1光復路二段建功路路口						6			50															3
2012	1	6	16	11	新竹市	新竹市1東勢街20巷						6			40															3
2012	1	28	19	21	新竹市	新竹市2光華二街81巷10弄24號						8			50															3
2012	1	16	8	0	新竹市	新竹市1寶山路277號			0	1	0	6	1	5	50	14	9	1	4	4	5	1	4	4	10	4	5	2	13	2
2012	1	10	7	55	新竹市	新竹市3吳厝街31巷						8			50															3
2012	1	13	8	10	新竹市	新竹市1中華路一段2巷57號						8			50															3
2012	1	16	8	47	新竹市	新竹市1光復路一段531巷	24.7830941	121.0116058	0	2	0	6	1	5	50	4	1	1	4	4	5	7	3	1	10	5	5	2	11	2
2012	1	13	9	28	新竹市	新竹市1經國路一段113巷17號	24.8156229	120.9924372	0	2	0	8	1	5	50	11	9	1	5	4	5	1	4	4	10	5	5	2	11	2
2012	1	20	16	38	新竹市	新竹市2公道五路三段湳雅街路口	24.8235233	120.9787074				8			50															3
2012	1	21	21	36	新竹市	新竹市2經國路二段16號	24.8138151	120.966858	0	1	0	8	3	5	50	14	9	1	5	4	5	7	4	4	10	4	4	2	13	2
2012	1	25	12	20	新竹市	新竹市3竹市明湖路243巷33號	24.790871	120.970891				8			40															3
2012	1	25	14	43	新竹市	新竹市1竹市林森路29號	24.8016711	120.9690811				8			50															3
2012	1	25	16	26	新竹市	新竹市3竹市中華路4段6號	24.7883966	120.9420809	0	1	0	8	1	8	50	4	2	1	5	4	5	7	1	1	10	5	5	2	13	2
2012	1	28	17	29	新竹市	新竹市2西大路299號	24.801064	120.96623	0	1	0	8	1	5	50	14	9	1	5	4	5	7	4	4	5	4	5	2	16	2
2012	1	29	9	50	新竹市	新竹市2東大路四段27號	24.8413121	120.935942				8			50															3
2012	1	29	11	16	新竹市	新竹市1竹市公道五路愛買前	24.8150922	120.9852896				8			40															3
2012	1	29	12	30	新竹市	新竹市1東光路191號	24.80592435	120.986394				8			50															3
2012	1	12	17	45	新竹市	新竹市1南大路706巷62號	24.79202435	120.9618557	0	2	0	8	3	5	50	14	9	1	5	4	5	7	4	4	10	5	5	2	3	2
2012	1	10	1	0	新竹市	新竹市3景觀大道香檳街口	24.782637	120.9546454	0	2	0	8	3	5	50	3	1	1	5	4	5	7	3	1	10	5	5	2	16	2
2012	1	15	18	5	新竹市	新竹市3中華路四段178巷	24.7956992	120.9499388	0	2	0	6	3	5	50	14	8	1	4	4	5	7	4	4	1	4	4	2	13	2
2012	1	29	18	40	新竹市	新竹市2鐵道路二段10977號路燈旁	24.8190947	120.9712484	0	2	0	7	3	5	50	14	9	1	5	4	3	7	4	4	9	5	5	2	17	2
2012	1	29	22	51	新竹市	新竹市3柴橋路139巷口	24.76312295	120.9642994	0	1	0	8	3	5	40	3	1	1	5	4	5	7	4	4	10	5	5	2	16	2
2012	1	27	14	35	新竹市	新竹市2中正路270號	24.812406	120.964353	0	1	0	8	1	5	50	14	9	1	5	4	5	7	4	4	5	3	5	2	17	2
2012	1	30	9	49	新竹市	新竹市1中華路二段火車站內車道	24.8042903	120.9752282				8			50															3
2012	1	19	16	26	新竹市	新竹市1中華路二段東大路路口	24.8042903	120.9752282	0	1	0	7	1	5	50	4	2	1	5	4	5	7	2	1	1	3	5	2	16	2
2012	1	30	10	49	新竹市	新竹市2竹市中山路45號	24.834143	121.025471				8			50															3
2012	1	17	21	25	新竹市	新竹市2西大路593號	24.809581	120.959265				8			50															3
2012	1	20	7	30	新竹市	新竹市2光華南街101號	24.816432	120.9712197				8			40															3
2012	1	21	8	5	新竹市	新竹市1民生路147號	24.8102438	120.9768128				6			50															3
2012	1	20	9	30	新竹市	新竹市1中央路355巷20號	24.8126531	120.980507				8			40															3
2012	1	23	17	43	新竹市	新竹市1經國路一段民權路路口	24.8139388	120.9704159				8			40															3
2012	1	21	9	42	新竹市	新竹市3延平路二段82號	24.80529	120.940207				8			50															3
2012	1	14	15	17	新竹市	新竹市1中華路一段384巷	24.8128035	120.9853889	0	1	0	8	1	5	50	4	2	1	5	4	5	7	2	1	1	2	5	1	13	2
2012	1	19	8	49	新竹市	新竹市1建功一路59巷20號	24.80006825	120.9942103	0	2	0	8	1	8	10	15	20	4	5	4	5	7	4	4	10	5	5	2	9	2
2012	1	29	12	2	新竹市	新竹市1中華路二段162巷	24.8063911	120.9784284				8			50															3
2012	1	13	14	7	新竹市	新竹市1關新路關新二街	24.7854886	121.0187361	0	2	0	8	1	5	50	4	1	1	5	4	5	7	4	4	10	5	5	2	15	2
2012	1	17	17	34	新竹市	新竹市1學府路17號	24.7944345	120.9771638																						3
2012	1	14	16	57	新竹市	新竹市1南大路257號	24.7986585	120.971638				8			50															3
2012	1	15	21	0	新竹市	新竹市1光復路一段331號	24.814527	120.981914	0	1	0	6	3	5	50	3	2	1	4	4	5	7	2	1	9	4	5	1	12	2
2012	1	30	22	0	新竹市	新竹市1光復路一段212號	24.776491	121.026162	0	2	0	7	3	5	50	14	7	1	5	4	5	7	4	4	5	4	4	2	16	2
2012	1	16	3	44	新竹市	新竹市1東大路一段171號	24.808852	120.971065				6			50															3
2012	1	16	21	41	新竹市	新竹市1南大路706巷35弄75號	24.79001155	120.9632712				8			50															3
2012	1	17	16	1	新竹市	新竹市2中山路304號	24.802103	120.960978				8			50															3
2012	1	29	7	44	新竹市	新竹市1公道五路與東進路口	24.8150922	120.9852896				8			50															3
2012	1	30	18	45	新竹市	新竹市1高峰路461號	24.778159	120.982812				8			50															3
2012	1	17	20	37	新竹市	新竹市1光復路一段102號	24.781637	121.023913				8			50															3
2012	1	17	0	25	新竹市	新竹市2經國路二段中和路路口	24.802071	120.9546306				8			50															3
2012	1	10	14	40	新竹市	新竹市2東大路三段77巷口弄	24.8257773	120.9653918				8			50															3
2012	1	14	11	13	新竹市	新竹市1東門街96巷42號	24.804379	120.973321				8			50															3
2012	1	18	10	38	新竹市	新竹市3大湖路167巷63號	24.764416	120.934651	0	0	0	8			50															3
2012	1	19	8	20	新竹市	新竹市1千甲路150號	24.807297	121.002172	0	2	0	8	1	5	40	3	1	1	5	4	5	7	3	1	10	5	5	2	16	2
2012	1	31	10	1	新竹市	新竹市2東大路三段403巷30弄	24.83661825	120.9414543				8			50															3
2012	1	27	17	17	新竹市	新竹市1體育街地下停車場出口	24.80237885	120.9812581				8			50															3
2012	1	23	16	48	新竹市	新竹市2西大路279號	24.800691	120.966525	0	0	0	8	1	5	50	14	9	1	5	4	3	7	4	4	5	4	5	1	13	3
2012	1	25	21	39	新竹市	新竹市1鐵道路一段中華路路口	24.8128035	120.9853889	0	1	0	6	3	5	50	4	1	1	4	4	4	7	2	1	10	5	5	1	16	2
2012	1	10	17	55	新竹市	新竹市1明湖路443巷	24.7869058	120.9677167	0	1	0	8	3	5	20	3	1	1	5	4	5	7	1	1	10	5	5	2	16	2
2012	1	31	7	50	新竹市	新竹市3竹市牛埔路276號	24.8001041	120.947402				8			50															3
2012	1	19	13	48	新竹市	新竹市1光復路二段153號	24.7983869	120.9940564	0	1	0	8	1	5	50	14	9	1	5	4	5	7	4	4	1	4	5	2	12	2
2012	1	31	11	30	新竹市	新竹市2竹市東大路三段機場彎道	24.8256414	120.9566902	0	1	0	8	1	5	50	3	1	1	5	4	5	7	4	4	4	1	5	1	17	2
2012	1	31	13	54	新竹市	新竹市1竹市建功一路190號	24.8022861	120.995343				8			50															3
2012	1	12	22	20	新竹市	新竹市3西濱快速道路北上78K-01004號路燈	24.8684988	120.9533201				8			70															3
2012	1	13	2	12	新竹市	新竹市3中華路四段142號	24.7961961	120.95071				8			50															3
2012	1	25	23	20	新竹市	新竹市1八德路19巷8號	24.8059571	120.98251	0	0	0	6	3	5	50	14	9	1	4	4	5	7	4	4	9	5	5	1	12	3
2012	1	13	14	0	新竹市	新竹市1東南街52巷1弄5號	24.8028	120.977085				8			40															3
2012	1	26	15	31	新竹市	新竹市2東大路二段101巷5號	24.8111531	120.969269				8			50															3
2012	1	19	14	33	新竹市	新竹市1竹蓮街15號	24.7966927	120.9719879				8			40															3
2012	1	13	16	12	新竹市	新竹市2西濱路一段480號	24.8416315	120.9336119	0	1	0	8	1	8	50	14	9	1	5	4	5	7	4	4	1	4	5	2	13	2
2012	1	13	17	50	新竹市	新竹市1光復路一段114號	24.7815681	121.023723	0	1	0	8	3	5	50	14	9	1	5	4	5	7	4	4	5	4	5	2	12	2
2012	1	13	19	43	新竹市	新竹市3中華路四段64巷	24.79632835	120.9514363				8			50															3
2012	1	14	9	15	新竹市	新竹市1中山路640巷431弄	24.7950925	120.9518455				8			40															3
2012	1	14	10	10	新竹市	新竹市2崧嶺路133號	24.792722	120.953383				8			50															3
2012	1	14	11	38	新竹市	新竹市1南大路537巷	24.79484195	120.9652302	0	2	0	8	1	5	50	3	1	1	5	4	5	7	4	4	10	5	5	2	16	2
2012	1	14	13	30	新竹市	新竹市3牛埔路182巷	24.7996969	120.9515923	0	1	0	7	1	5	50	3	2	1	5	4	5	7	4	4	10	5	5	2	3	2
2012	1	17	8	55	新竹市	新竹市1民生路211巷	24.811723	120.9758325	0	1	0	8	1	5	40	4	1	1	5	4	5	7	4	4	10	5	5	2	16	2
2012	1	17	12	45	新竹市	新竹市1介壽路金山街路口	24.7786679	121.0190966				8			50															3
2012	1	17	16	30	新竹市	新竹市1慈濟路埔頂一路路口						8			50															3
2012	1	18	20	26	新竹市	新竹市3中華路六段67巷			0	2	0	8	3	5	50	4	1	1	5	4	5	7	3	1	10	5	5	2	16	2
2012	1	19	18	43	新竹市	新竹市2無名路						8			50															3
2012	1	19	20	0	新竹市	新竹市1公道五路二段1月1日號						8			50															3
2012	1	20	14	40	新竹市	新竹市2北大路集賢街路口			0	1	0	7	1	5	50	3	1	1	5	4	5	7	4	4	10	5	5	2	16	2
2012	1	16	19	40	新竹市	新竹市2金竹路118巷口弄						8			40															3
2012	1	12	17	50	新竹市	新竹市2成德路成德一街口						8			50															3
2012	1	23	16	50	新竹市	新竹市1水源街建功一路口						8			50															3
2012	1	20	16	20	新竹市	新竹市1經國路二段145號						8			50															3
2012	1	14	12	45	新竹市	新竹市1東門圓環						8			50															3
2012	1	13	12	47	新竹市	新竹市3南外街58號						8			40															3
2012	1	17	11	43	新竹市	新竹市1經國路一段217號						8			50															3
2012	1	16	8	28	新竹市	新竹市1東山街電杆12808號			0	1	0	6	1	5	50	14	9	1	4	4	5	7	4	4	5	4	5	2	16	2
2012	1	13	16	28	新竹市	新竹市2東大路三段2號			0	1	0	8	1	5	50	4	2	1	5	4	5	7	1	1	10	5	5	2	17	2
2012	1	16	8	30	新竹市	新竹市1慈雲路福德宮旁	24.7874802	121.0095148	0	2	0	6	1	5	50	14	9	1	4	4	5	7	4	4	10	5	5	2	16	2
2012	1	31	12	29	新竹市	新竹市3中華路五段582巷	24.77057945	120.9171756	0	1	0	8	1	5	50	14	8	1	5	4	5	7	4	4	1	4	4	2	29	2
2012	1	29	12	19	新竹市	新竹市3牛埔路牛埔北路路口	24.7971079	120.9421713				8			50															3
2012	1	29	13	6	新竹市	新竹市1中華路經國路路口	24.8161395	120.9934274	0	2	0	8	1	5	50	3	1	5	5	4	5	7	1	1	10	5	5	2	12	2
2012	1	31	9	7	新竹市	新竹市3牛埔南路203-8號	24.792835	120.932699				8			50															3
2012	1	31	11	4	新竹市	新竹市1中華路二段347號	24.80345445	120.9739224	0	2	0	8	1	5	50	14	9	1	5	4	5	7	4	4	10	5	5	2	16	2
2012	1	30	15	23	新竹市	新竹市1林森路信義街路口						8			50															3
2012	1	13	7	51	新竹市	新竹市2經國路三段22號						8			50															3
2012	1	13	17	39	新竹市	新竹市1經國路一段252號						8			50															3
2012	1	16	1	35	新竹市	新竹市2東大路三段510巷						8			50															3
2012	1	15	19	36	新竹市	新竹市2東大路一段北大路路口			0	1	0	6	3	5	50	4	18	1	4	4	5	7	1	1	10	5	5	2	3	2
2012	1	15	22	1	新竹市	新竹市1科學園路90號			0	1	0	6	3	5	40	4	1	1	4	4	5	7	4	4	10	5	5	2	15	2
2012	1	28	14	15	新竹市	新竹市1慈雲路公道五路路口						8			50															3
2012	1	31	9	15	新竹市	新竹市1興學街50巷興竹街			0	2	0	8	1	5	50	4	1	1	5	4	5	7	4	4	10	5	5	2	15	2
2012	1	31	17	30	新竹市	新竹市1明湖路608巷2號						8			40															3
2012	1	1	2	50	新竹市	新竹市2北大路長安街口						8			50															3
2012	1	23	15	53	新竹市	新竹市1武昌街文昌街路口						8			40															3