年	月	日	時	分	縣市	allLocation	GoogleLat	GoogleLng	死	受傷	2-30	天候	光線	道路類別	速限	道路型態	事故位置	路面鋪裝	路面狀態	路面缺陷	障礙物	視距	號誌種類	號誌動作	分向設施	快車道或一般車道間	快慢車道間	路面邊線	事故類型及型態	事故類別
2012	1	23	0	10	新竹市	新竹市2延平路一段317巷南勢八街口						8			40															3
2012	1	2	10	55	新竹市	新竹市1寶山路27巷58號						8			40															3
2012	1	23	19	45	新竹市	新竹市1台68快速道路9公里處						8			90															3
2012	1	24	16	46	新竹市	新竹市3中華路六段643號	24.732317	120.915211	0	2	0	8	2	5	50	3	1	1	5	4	5	7	1	1	10	5	5	2	16	2
2012	1	6	19	10	新竹市	新竹市1民權路144號	24.80869215	120.9746173				8			50															3
2012	1	18	14	55	新竹市	新竹市1金山7街81號	24.7765601	121.0201724				8			40															3
2012	1	13	11	40	新竹市	新竹市1興學街19號	24.797852	120.967933				8			50															3
2012	1	7	22	45	新竹市	新竹市2中華路三段180號	24.796946	120.957501	0	1	0	8	3	5	50	11	9	1	5	4	5	7	4	4	5	4	5	2	10	2
2012	1	29	10	52	新竹市	新竹市1金山11街11號	24.777221	121.021996	0	1	0	8	1	5	50	14	9	1	5	4	5	7	4	4	10	5	5	2	3	2
2012	1	20	16	50	新竹市	新竹市1南大路573-1號	24.7891086	120.9665119	0	1	0	8	2	5	50	14	9	1	5	4	5	7	4	4	10	5	5	2	17	2
2012	1	21	7	8	新竹市	新竹市1經國路一段476號	24.81460645	120.9780696				6			50															3
2012	1	30	14	55	新竹市	新竹市1東光路188巷	24.806054	120.986741				8			50															3
2012	1	13	19	19	新竹市	新竹市1東門街	24.8040923	120.9749115				8			50															3
2012	1	15	18	37	新竹市	新竹市1建功路51巷	24.7967715	120.9976192				6			50															3
2012	1	15	16	47	新竹市	新竹市1科學園路112巷	24.7832977	121.0091956	0	2	0	6	2	5	50	14	9	1	4	4	5	7	4	4	10	5	5	2	16	2
2012	1	25	12	0	新竹市	新竹市2西濱快速道路	24.8682845	120.9533929				8			50															3
2012	1	28	13	50	新竹市	新竹市3內湖路中華路路口	24.7461546	120.9063973				8			50															3
2012	1	28	16	24	新竹市	新竹市2延平路三段515巷	24.838549	120.932739				8			50															3
2012	1	27	21	20	新竹市	新竹市2民富街35號	24.8098257	120.9643806				8			50															3
2012	1	13	18	0	新竹市	新竹市3元培街60巷	24.7863442	120.929579	0	2	0	8	3	5	50	14	9	1	5	4	5	6	4	4	5	5	5	1	16	2
2012	1	15	19	30	新竹市	新竹市1食品路41號	24.800067	120.981532	0	1	0	6	3	5	50	11	9	1	4	4	5	7	4	4	5	4	5	2	18	2
2012	1	23	14	41	新竹市	新竹市1中正路東門圓環	24.8044523	120.9702289	0	1	0	8	1	5	50	16	18	1	5	4	5	7	4	4	10	5	5	2	3	2
2012	1	28	22	45	新竹市	新竹市2國華街光華南街路口			0	3	0	8	3	5	40	5	1	1	5	4	5	7	1	1	10	5	5	2	11	2
2012	1	14	15	21	新竹市	新竹市2湳雅街97號			0	1	0	7	1	5	50	3	1	1	5	4	5	7	4	4	9	5	5	2	3	2
2012	1	13	18	20	新竹市	新竹市3香北路33號						8			50															3
2012	1	23	18	13	新竹市	新竹市1光復路二段101號清大前						8			50															3
2012	1	27	9	35	新竹市	新竹市1光復路一段362-22號						8			50															3
2012	1	27	12	50	新竹市	新竹市1民生路8號						8			50															3
2012	1	27	16	35	新竹市	新竹市1東大路一段民族路路口						8			50															3
2012	1	15	23	20	新竹市	新竹市1光復路一段17號	24.781023	121.025977	0	3	0	6	3	5	50	12	9	1	4	4	5	7	3	1	5	4	5	2	3	2
2012	1	16	14	0	新竹市	新竹市1光復路一段525巷	24.78436645	121.0121615	0	2	0	6	1	5	50	11	9	1	4	4	5	1	4	4	10	5	5	1	11	2
2012	1	16	18	41	新竹市	新竹市2延平路一段188號	24.804902	120.955955				8			50															3
2012	1	16	15	45	新竹市	新竹市1文化街46號	24.8072151	120.97069	0	1	0	8	2	5	50	14	9	1	4	4	5	6	4	4	5	5	5	2	17	2
2012	1	16	20	0	新竹市	新竹市1慈雲路179號	24.79311235	121.0115108				8			50															3
2012	1	24	22	28	新竹市	新竹市1金山街金山北一街	24.7768044	121.0249516				8			40															3
2012	1	16	12	8	新竹市	新竹市1東光路93號	24.80210385	120.9869868	0	1	0	7	1	5	50	14	9	1	4	4	5	7	4	4	5	4	5	2	16	2
2012	1	17	9	55	新竹市	新竹市1公道五路交流道	24.7584934	120.96142	0	1	0	8	1	5	50	5	2	1	5	4	5	7	1	1	10	5	5	2	13	2
2012	1	18	13	43	新竹市	新竹市2中正路558-1號	24.8176601	120.956219	0	2	0	8	1	5	50	14	9	1	5	4	5	7	4	4	5	5	5	1	16	2
2012	1	24	17	57	新竹市	新竹市2中正路167號						8			50															3
2012	1	30	10	28	新竹市	新竹市1忠孝路東勢街路口			0	1	0	8	1	5	50	5	1	1	5	4	5	7	2	1	10	5	5	2	15	2
2012	1	17	0	5	新竹市	新竹市3中華路四段466號						8			50															3
2012	1	27	8	12	新竹市	新竹市1光復路一段介壽路路口						8			50															3
2012	1	24	1	29	新竹市	新竹市3牛埔路140號			0	3	0	8	3	5	50	3	2	1	5	4	5	7	4	4	5	4	5	2	16	2
2012	1	26	16	25	新竹市	新竹市2城北街137巷			0	1	0	8	1	5	50	3	2	1	5	4	5	7	4	4	10	5	5	2	16	2
2012	1	31	23	11	新竹市	新竹市1食品路277號			0	1	0	8	3	5	50	14	9	1	5	4	5	7	4	4	9	4	5	1	17	2
2012	1	18	16	20	新竹市	新竹市2中正路191號						8			50															3
2012	1	30	20	5	新竹市	新竹市2中華路二段振興路口						8			50															3
2012	1	26	14	0	新竹市	新竹市3西濱快速道路78.8公里北快上車道						8			80															3
2012	1	19	7	40	新竹市	新竹市1大學路2號						8			50															3
2012	1	23	18	20	新竹市	新竹市1埔頂一路慈雲路路口						8			50															3
2012	1	23	20	59	新竹市	新竹市2西大路江山街口						8			50															3
2012	1	28	19	27	新竹市	新竹市3景觀大道與牛埔東路口附近						8			50															3
2012	1	28	22	35	新竹市	新竹市3元培街與香村路口						8			50															3
2012	1	26	12	0	新竹市	新竹市2竹光路95巷2弄口號						8			40															3
2012	1	8	18	55	新竹市	新竹市2西濱快速道路一段141號						8			50															3
2012	1	12	8	35	新竹市	新竹市1建功路30號						6			40															3
2012	1	19	9	0	新竹市	新竹市1中央路						8			50															3
2012	1	29	1	50	新竹市	新竹市2東大路與西濱路口						6			50															3
2012	1	19	10	17	新竹市	新竹市2竹光路延平路214巷口	24.9384964	121.2025131				8			50															3
2012	1	8	17	20	新竹市	新竹市3中華路五段696號	24.7661589	120.9148839				8			50															3
2012	1	17	23	25	新竹市	新竹市2水田街206巷口弄	24.82342355	120.975618				8			50															3
2012	1	13	18	30	新竹市	新竹市1三民路109巷口弄	24.8330761	121.016938				8			40															3
2012	1	14	7	3	新竹市	新竹市1中正路52號	24.80481	120.970235	0	3	0	8	1	5	50	14	9	1	5	4	5	7	4	4	5	4	5	2	17	2
2012	1	16	22	5	新竹市	新竹市1民生路192號	24.8113986	120.9762863	0	1	0	8	3	5	50	14	9	1	5	4	3	7	4	4	5	4	5	2	18	2
2012	1	22	10	53	新竹市	新竹市2武陵西二路25號	24.819149	120.964271				8			40															3
2012	1	25	17	35	新竹市	新竹市2經國路二段298號	24.808815	120.959171				8			50															3
2012	1	18	12	13	新竹市	新竹市2西門街成德街46巷	24.79479845	120.9578315	0	1	0	8	1	5	50	3	1	1	5	4	5	7	4	4	10	5	5	2	16	2
2012	1	26	14	44	新竹市	新竹市1寶山路145巷1號	24.7919331	120.975885				8			40															3
2012	1	18	16	3	新竹市	新竹市1關東路225號	24.7904647	121.0189622	0	0	0	8	1	5	50	14	9	1	5	4	4	7	4	4	9	5	5	1	16	3
2012	1	26	16	42	新竹市	新竹市3牛埔南路114號	24.796431	120.940544	0	1	0	8	1	5	50	14	9	1	5	4	5	7	4	4	5	5	5	1	17	2
2012	1	22	6	31	新竹市	新竹市2城北街116號	24.8122439	120.9633513				8			40															3
2012	1	22	12	30	新竹市	新竹市1經國路田美三街路口	24.8145218	120.9769905				8			50															3
2012	1	23	18	49	新竹市	新竹市2南寮街44號	24.84644	120.929134	0	2	0	8	3	5	50	3	1	1	5	4	5	7	4	4	10	5	5	2	16	2
2012	1	30	13	6	新竹市	新竹市3浸水街34巷	24.7978644	120.9366838	0	2	0	8	1	5	40	3	1	1	5	4	5	7	4	4	10	5	5	2	16	2
2012	1	24	3	25	新竹市	新竹市2四維路35號	24.795803	120.964326				8			50															3
2012	1	19	12	43	新竹市	新竹市1光復路二段194巷口弄	24.82427895	120.9660599				8			50															3
2012	1	16	20	32	新竹市	新竹市1東門圓環	24.8042116	120.9705392				8			50															3
2012	1	24	22	25	新竹市	新竹市2中華路三段130號	24.7968851	120.959881				6			40															3
2012	1	31	18	30	新竹市	新竹市3大庄路瑞光街25巷口	24.7917064	120.9260284				8			40															3
2012	1	28	8	43	新竹市	新竹市3五福路一段1巷35弄4號	24.743171	120.908756				8			40															3
2012	1	31	8	18	新竹市	新竹市1西大路45號	24.795357	120.971532				8			50															3
2012	1	31	10	40	新竹市	新竹市1忠孝路70號	24.8031245	120.9913895				8			50															3
2012	1	28	21	8	新竹市	新竹市1竹蓮街102號(竹蓮寺)前	24.79869435	120.9699988				8			50															3
2012	1	30	15	5	新竹市	新竹市1明湖路398號	24.7884154	120.9680175	0	0	0	8	1	5	50	3	1	1	5	4	5	7	4	4	9	5	5	2	11	3
2012	1	20	18	20	新竹市	新竹市2湳雅街311巷51弄	24.8235233	120.9787074	0	2	0	8	3	5	40	5	1	1	5	4	5	7	4	4	10	5	5	2	15	2
2012	1	20	21	30	新竹市	新竹市1東大路二段經國路路口	24.8137323	120.9674304				8			50															3
2012	1	25	11	0	新竹市	新竹市2西濱路一段275巷	24.8368086	120.929101	0	1	0	8	1	5	50	4	1	1	5	4	5	7	1	1	10	5	5	2	12	2
2012	1	30	8	20	新竹市	新竹市1民權路73號	24.806725	120.975813				8			50															3
2012	1	30	18	5	新竹市	新竹市3南隘國小	24.727264	120.930938	0	2	0	8	3	5	50	3	19	1	5	4	5	7	3	1	10	5	5	2	3	2
2012	1	31	19	30	新竹市	新竹市2英明街17號	24.806075	120.966711				8			40															3
2012	1	23	13	20	新竹市	新竹市2大同路130號	24.8060031	120.9679801				8			50															3
2012	1	30	16	56	新竹市	新竹市1經國路一段中華路路口	24.8160533	120.9934924	0	1	0	8	2	5	50	14	7	1	5	4	5	6	2	1	1	2	2	1	17	2
2012	1	17	12	40	新竹市	新竹市1寶山路408-1號	23.8548668	120.983603				8			0															3
2012	1	27	19	58	新竹市	新竹市1光復路二段298巷	24.795605	120.998773	0	1	0	8	3	5	40	14	9	1	5	4	5	7	4	4	10	5	5	2	2	2
2012	1	22	7	37	新竹市	新竹市3經國路三段117號	24.7974171	120.953137				6			50															3
2012	1	30	15	5	新竹市	新竹市2天府路西濱路路口						8			50															3
2012	1	25	11	23	新竹市	新竹市3香村路						8			50															3
2012	1	30	16	13	新竹市	新竹市2中央路平和街路口						8			40															3
2012	1	31	11	30	新竹市	新竹市2育英路86巷2號						8			40															3
2012	1	25	14	1	新竹市	新竹市2愛文街112巷25號						8			50															3
2012	1	20	14	35	新竹市	新竹市1中華路一段2巷						8			50															3
2012	1	29	19	31	新竹市	新竹市2光華二街80巷			0	1	0	8	3	5	50	3	2	1	5	4	5	7	4	4	10	5	5	2	16	2
2012	1	21	11	0	新竹市	新竹市2中山路中華路路口			0	1	0	8	1	5	50	4	1	1	5	4	5	7	1	1	10	5	5	2	16	2
2012	1	21	13	0	新竹市	新竹市1北大路民生路路口						8			50															3
2012	1	21	17	59	新竹市	新竹市1光復路一段474巷			0	1	0	8	3	5	50	3	2	1	5	4	5	7	1	1	10	5	5	2	13	2
2012	1	25	5	35	新竹市	新竹市2西大路經國路						8			50															3
2012	1	25	15	5	新竹市	新竹市3明湖路608巷7弄口						8			40															3
2012	1	30	15	39	新竹市	新竹市3牛埔路242號			0	2	0	8	1	5	50	14	7	1	5	4	5	7	4	4	5	5	4	2	16	2
2012	1	22	10	55	新竹市	新竹市2中正路290號						6			50															3
2012	1	27	22	15	新竹市	新竹市2東大路二段239巷5號						8			50															3
2012	1	30	20	49	新竹市	新竹市1水源街建功一路路口			0	1	0	8	3	5	50	4	1	1	5	4	5	7	2	1	10	5	5	2	16	2
2012	1	22	14	10	新竹市	新竹市2經國路二段358號						6			50															3
2012	1	26	6	37	新竹市	新竹市2中山路西大路路口	23.8333047	120.4693168	0	2	0	8	1	5	50	14	9	1	5	4	5	7	4	4	5	5	5	2	11	2
2012	1	20	0	48	新竹市	新竹市1公道五路二段經國路路口	24.819359	120.9825494				8			50															3
2012	1	29	18	13	新竹市	新竹市1明湖路548號	24.7884154	120.9680175	0	0	0	8	3	5	50	14	9	1	5	4	5	7	4	4	10	5	5	2	13	3
2012	1	29	19	57	新竹市	新竹市1光復路二段523號	24.8026828	120.9814558				8			50															3
2012	1	24	23	41	新竹市	新竹市2西大路362號	24.802196	120.965771	0	3	0	8	4	5	50	14	9	1	5	4	5	7	4	4	5	4	5	2	3	2
2012	1	31	22	40	新竹市	新竹市1文昌街43號	24.8028001	120.968423				8			50															3
2012	1	27	19	34	新竹市	新竹市1慈雲路	24.7874802	121.0095148				8			50															3
2012	1	28	4	10	新竹市	新竹市2經國路二段國光街	24.8104823	120.9621044				8			50															3
2012	1	29	1	53	新竹市	新竹市1中華路一段281號			0	2	0	6	3	5	50	14	9	1	4	4	5	7	4	4	3	4	4	2	18	2
2012	1	13	16	50	新竹市	新竹市2中正路建興街路口						8			50															3
2012	1	13	12	20	新竹市	新竹市1建功一路建新路路口						8			50															3
2012	1	10	14	18	新竹市	新竹市2經國路二段中正路路口						8			50															3
2012	1	15	3	30	新竹市	新竹市1中華路一段171號						8			50															3
2012	1	7	12	20	新竹市	新竹市1民權路錦華街路口18巷口						8			50															3
2012	1	16	17	25	新竹市	新竹市1金山街98號			0	1	0	8	2	5	50	4	2	1	5	4	5	6	4	4	10	5	5	2	16	2
2012	1	14	19	30	新竹市	新竹市1光復路一段89巷57號			0	1	0	8	3	5	50	14	9	1	5	4	5	6	4	4	10	5	5	1	17	2
2012	1	16	21	27	新竹市	新竹市1建功路						8			40															3
2012	1	25	1	0	新竹市	新竹市2北大路集福街口						6			50															3
2012	1	18	17	49	新竹市	新竹市1光復路二段47號			0	2	0	8	3	5	50	14	9	1	5	4	5	7	4	4	1	4	5	2	29	2
2012	1	26	10	34	新竹市	新竹市3南大路567巷口陽光國小旁						8			40															3
2012	1	31	17	26	新竹市	新竹市2西大路736巷						8			50															3
2012	1	27	3	5	新竹市	新竹市2東大路三段120-2號						8			50															3
2012	1	1	20	20	新竹市	新竹市2竹光路80號																								3
2012	2	1	7	50	新竹市	新竹市1寶山路396號	24.78628135	120.9877607	0	1	0	8	1	5	50	14	9	1	5	4	5	7	4	4	1	4	5	2	12	2
2012	2	1	8	55	新竹市	新竹市1建華街11號	24.793776	120.974364				8			50															3
2012	2	1	8	22	新竹市	新竹市1明湖路243巷	24.79067095	120.9684448				8			50															3
2012	2	1	8	51	新竹市	新竹市1食品路421號	24.7936467	120.9679651				8			50															3
2012	2	1	8	10	新竹市	新竹市1東門街123號	24.8040691	120.968565				8			50															3
2012	2	1	11	32	新竹市	新竹市1民權路206巷	24.8101928	120.9734446	0	3	0	8	1	5	50	3	1	1	5	4	5	7	4	4	5	5	5	2	15	2
2012	2	1	13	15	新竹市	新竹市1建新路赤土崎二街口	24.7986605	120.9977305	0	1	0	8	1	5	50	4	1	1	5	4	5	7	4	4	5	4	5	1	11	2
2012	2	1	12	0	新竹市	新竹市2經國路和平路路口	24.8063163	120.9562184				8			50															3
2012	2	1	13	0	新竹市	新竹市1經國路光華街路口	24.8140911	120.9725373				8			50															3
2012	2	1	8	20	新竹市	新竹市1寶山路200巷2弄	23.8548668	120.983603	0	1	0	8	1	5	50	4	1	1	5	4	5	7	4	4	10	5	5	2	15	2
2012	2	1	12	31	新竹市	新竹市2鐵道路光華街路口	24.8192785	120.9757087				8			50															3
2012	2	1	9	7	新竹市	新竹市2中華路三段10號	24.7968745	120.9594703				8			50															3
2012	2	1	14	24	新竹市	新竹市2林森路182巷	24.799174	120.964231	0	1	0	8	1	5	50	3	1	1	5	4	5	7	4	4	10	5	5	2	16	2
2012	2	2	18	23	新竹市	新竹市2水田街156號	24.8155052	120.9678008	0	1	0	7	3	5	50	14	9	1	5	4	5	7	4	4	5	5	5	1	16	2
2012	2	1	19	45	新竹市	新竹市2愛文街26巷民富街路口	24.8088969	120.9627575	0	1	0	8	3	5	50	4	1	1	5	4	5	7	4	4	10	5	5	2	11	2
2012	2	2	12	10	新竹市	新竹市1高峰路178-3號	24.782013	120.979299				8			50															3
2012	2	1	16	28	新竹市	新竹市2北大路57號	24.8122001	120.972303				8			50															3
2012	2	1	8	11	新竹市	新竹市2光華二街133巷	24.8213891	120.9773176				8			50															3
2012	2	1	9	41	新竹市	新竹市1經國路一段411號	24.8141411	120.977205				8			50															3
2012	2	2	19	2	新竹市	新竹市1中華路二段347號	24.80345445	120.9739224	0	1	0	8	3	5	50	14	9	1	5	4	5	7	4	4	5	4	5	2	12	2
2012	2	2	23	25	新竹市	新竹市1光復路二段建功路路口	24.7932831	121.001211				8			50															3
2012	2	3	3	10	新竹市	新竹市2中正路107號前	24.807198	120.967767	1	1	0	6	3	5	50	14	9	1	4	4	5	7	4	4	5	4	5	2	19	1
2012	2	2	22	30	新竹市	新竹市1中華路二段信義街路口	24.8009351	120.9698904	0	1	0	7	3	5	50	3	1	1	5	4	5	7	4	4	10	5	5	2	13	2
2012	2	2	22	27	新竹市	新竹市1林森路公有停車場內	24.79797645	120.9638302				8			30															3
2012	2	3	18	36	新竹市	新竹市1中華路民主路路口	30.545	114.308421	0	1	0	1	3	5	50	3	1	1	4	4	5	7	1	1	10	5	5	2	16	2
2012	2	3	19	31	新竹市	新竹市2溪州橋上	24.83497325	121.0047652				6			50															3
2012	2	3	17	36	新竹市	新竹市1光復路一段576巷36號	24.7919681	121.007125	0	1	0	6	3	5	40	14	9	1	4	4	5	7	4	4	9	5	5	2	3	2
2012	2	3	19	20	新竹市	新竹市1慈濟路埔頂一路路口	24.7931955	121.0155735	0	1	0	6	4	5	50	4	1	1	3	4	5	7	4	4	10	5	5	2	16	2
2012	2	3	18	57	新竹市	新竹市1介壽路關東橋所前	24.7757408	121.0167883				6			50															3
2012	2	2	9	30	新竹市	新竹市1振興路94號前	24.796185	120.9594794							50															3
2012	2	3	23	49	新竹市	新竹市1金城一路公有停車場	24.7935471	121.0014				6			40															3
2012	2	2	10	45	新竹市	新竹市3香村路電線桿香村高幹40	24.7827482	120.9329203				8			40															3
2012	2	3	17	10	新竹市	新竹市2中正路武陵路路口	29.0289146	111.6613067				6			50															3
2012	2	4	9	15	新竹市	新竹市1民族路37號	24.8062121	120.973995				8			50															3
2012	2	4	14	14	新竹市	新竹市1光復路一段385巷	24.783575	121.016619	0	2	0	8	1	5	50	3	1	1	5	4	5	7	4	4	10	5	5	2	12	2
2012	2	3	9	0	新竹市	新竹市2西門街120號	24.8015488	120.963392				6			40															3
2012	2	3	17	55	新竹市	新竹市1東南街143巷	24.797705	120.974452	0	1	0	6	3	5	50	4	18	1	4	4	5	7	4	4	10	5	5	2	3	2
2012	2	4	16	58	新竹市	新竹市2湳雅街137號	24.8194399	120.9725494				8			50															3
2012	2	2	18	51	新竹市	新竹市2鐵道路一段台大新竹醫院前	24.8147874	120.9808653	0	1	0	8	3	5	50	4	1	1	5	4	5	7	1	1	10	5	5	2	16	2
2012	2	3	18	35	新竹市	新竹市3中華路五段268號	24.7834637	120.9193786				6			60															3
2012	2	3	19	58	新竹市	新竹市2西大路經國路路口	24.8137323	120.9674304				6			50															3
2012	2	3	10	50	新竹市	新竹市3竹市明湖路648巷口	24.782136	120.9669409				8			40															3
2012	2	3	15	13	新竹市	新竹市1竹市公道五路3段453號	24.81462735	120.9857367				6			50															3
2012	2	3	18	28	新竹市	新竹市3竹市牛埔東路華北路口	24.7973806	120.9471161				8			50															3
2012	2	4	20	17	新竹市	新竹市2竹市湳雅街292號	24.83234335	120.9874026				8			50															3
2012	2	5	8	57	新竹市	新竹市3竹香南路15013電燈處	24.8025404	120.9361391																						3
2012	2	4	9	10	新竹市	新竹市1民生路108號	24.8096038	120.9776378				8			50															3
2012	2	4	10	30	新竹市	新竹市2西大路582巷15弄	24.8072281	120.962562	0	1	0	8	1	5	50	4	1	1	5	4	5	7	4	4	10	5	5	2	15	2
2012	2	4	14	20	新竹市	新竹市1光復路二段建新路路口	24.7975598	120.995739	0	1	0	8	1	5	50	3	1	1	5	4	5	7	2	1	10	5	5	2	15	2
2012	2	3	20	53	新竹市	新竹市3浸水北街香雅橋前			0	0	0	6	3	5	50	14	9	1	4	4	5	7	4	4	10	4	5	1	13	3
2012	2	4	20	46	新竹市	新竹市3大庄路香北路路口			0	1	0	8	3	5	50	4	1	1	5	4	5	7	1	1	10	5	5	2	18	2
2012	2	5	12	12	新竹市	新竹市1東門街60號	24.8044371	120.972732	0	1	0	8	1	5	50	14	9	1	5	4	5	7	4	4	5	5	5	2	16	2
2012	2	5	16	5	新竹市	新竹市1光復路與食品路口	24.7873656	121.0096554				8			50															3
2012	2	3	19	35	新竹市	新竹市1忠孝路279-6號	24.901502	121.044118	0	2	0	6	3	5	50	14	9	1	4	4	5	7	4	4	5	4	5	1	3	2
2012	2	5	17	0	新竹市	新竹市1東門街96號前	24.804244	120.971614	0	3	0	8	1	5	50	14	9	1	5	4	5	7	4	4	5	4	5	2	16	2
2012	2	4	10	33	新竹市	新竹市1中華路二段東大路口	24.8042903	120.9752282	0	1	0	8	1	5	50	5	1	1	5	4	5	7	1	1	1	5	5	2	13	2
2012	2	5	20	13	新竹市	新竹市2台68線5.5公里處	24.82387895	120.980277				8			90															3
2012	2	5	20	30	新竹市	新竹市2仁德街江山街	24.8054239	120.9648553				8			30															3
2012	2	5	23	30	新竹市	新竹市1明湖路648巷	24.7815141	120.9735952	0	1	0	8	3	5	40	4	1	1	5	4	5	7	2	1	10	5	5	2	16	2
2012	2	6	0	3	新竹市	新竹市2武陵路金竹路口	24.8173271	120.9640372	0	1	0	8	3	5	50	4	1	1	5	4	5	7	1	1	1	5	5	2	18	2
2012	2	5	5	46	新竹市	新竹市1竹市東西向快速道路9-10K	24.7964463	121.0102183				6			90															3
2012	2	1	18	36	新竹市	新竹市1中華路六段348號	24.739203	120.909907				8			50															3
2012	2	6	7	54	新竹市	新竹市1寶山路217號	24.79044695	120.9766564	0	1	0	8	1	5	50	14	9	1	5	4	5	7	4	4	1	4	5	1	18	2
2012	2	6	9	56	新竹市	新竹市1光復路二段學府路路口	24.8009967	120.9870539	0	2	0	8	1	5	50	14	9	1	5	4	5	7	4	4	3	2	5	2	3	2
2012	2	6	8	30	新竹市	新竹市1關東路7號	24.7820031	121.022527	0	1	0	8	1	6	50	14	9	1	5	4	5	7	4	4	5	5	5	1	12	2
2012	2	6	9	32	新竹市	新竹市2德成街興南街路口	24.8008093	120.9634188	0	0	0	8	1	5	40	4	1	1	5	4	5	7	4	4	10	5	5	2	15	3
2012	2	6	15	13	新竹市	新竹市1中華路三段35號	24.796897	120.962791	0	1	0	8	1	5	50	14	9	1	5	4	5	7	4	4	9	5	5	1	16	2
2012	2	6	20	0	新竹市	新竹市1經國路一段622號	24.8145321	120.975352																						3
2012	2	6	19	19	新竹市	新竹市1公道五路二段89號	24.7981287	121.0067299				8			50															3
2012	2	6	22	37	新竹市	新竹市1東門街165號	24.8042301	120.966948				6			50															3
2012	2	7	2	0	新竹市	新竹市1中華路二段170巷對面			0	1	0	6	3	5	50	3	1	1	4	4	5	7	3	1	1	5	5	2	16	2
2012	2	1	8	41	新竹市	新竹市1慈雲路26號前對向車道			0	1	0	8	1	5	50	3	1	1	5	4	5	7	4	4	10	5	5	2	16	2
2012	2	7	11	30	新竹市	新竹市1經國路一段670號						6			50															3
2012	2	4	11	15	新竹市	新竹市1林森路145號						8			50															3
2012	2	4	11	30	新竹市	新竹市1光復路二段293號						8			50															3
2012	2	7	13	0	新竹市	新竹市1中正路58號						6			50															3
2012	2	4	14	30	新竹市	新竹市1光復路二段科學園路路口						8			50															3
2012	2	7	13	55	新竹市	新竹市1中華路二段739巷						8			50															3
2012	2	4	16	5	新竹市	新竹市1光復路二段479號						8			50															3
2012	2	7	14	29	新竹市	新竹市2東大路二段水田街路口均豐水果行前			0	1	0	7	1	5	50	14	8	1	5	4	5	7	4	4	1	5	1	2	13	2
2012	2	6	18	27	新竹市	新竹市1竹是建功一路忠孝路口						8			40															3
2012	2	7	7	3	新竹市	新竹市1竹市經國橋往竹北方向						6			50															3
2012	2	7	12	55	新竹市	新竹市1竹市東門街大同路口						8			40															3
2012	2	2	18	43	新竹市	新竹市1學府路東山路路口			0	1	0	8	3	5	50	3	2	1	5	4	5	7	1	1	5	5	5	1	16	2
2012	2	3	8	7	新竹市	新竹市3西濱快速道路海山港路口						6			50															3
2012	2	3	10	29	新竹市	新竹市2東門街129號			0	2	0	6	1	5	50	14	9	1	4	4	5	7	4	4	5	5	5	2	3	2
2012	2	3	11	49	新竹市	新竹市2中山路大同路路口			0	2	0	6	1	5	50	4	2	1	4	4	5	7	3	1	5	5	5	2	15	2
2012	2	3	13	59	新竹市	新竹市1關新路關新二街			0	0	0	6	1	5	50	3	1	1	4	4	5	7	3	1	1	5	5	1	16	3
2012	2	7	18	0	新竹市	新竹市1食品路東山街口			0	3	0	7	3	5	50	5	1	1	5	4	5	7	1	1	10	5	5	2	16	2
2012	2	7	22	35	新竹市	新竹市3經國路二段延平路路口						8			50															3
2012	2	7	22	27	新竹市	新竹市1光復路二段353號						8			50															3
2012	2	1	15	30	新竹市	新竹市1中正路與中央路口			0	1	0	8	1	5	50	4	1	1	5	4	5	7	1	1	5	5	5	2	12	2
2012	2	1	18	30	新竹市	新竹市1公道五路二段12589號路燈						8			50															3
2012	2	1	20	30	新竹市	新竹市1東南街239巷			0	1	0	8	3	5	50	3	1	1	5	4	5	7	4	4	10	5	5	2	16	2
2012	2	7	14	0	新竹市	新竹市1高翠路178之1號						8			40															3
2012	2	7	15	45	新竹市	新竹市2湳雅街83號						8			50															3
2012	2	1	12	48	新竹市	新竹市1光復路二段高速公路橋下(匣道口附近)	24.790798	121.0055625				8			50															3
2012	2	7	22	0	新竹市	新竹市1中華路二段304號	24.80346815	120.9739119	0	0	0	8	3	5	50	14	9	1	5	4	5	7	4	4	5	5	5	1	16	3
2012	2	1	16	27	新竹市	新竹市1中華路二段162巷	24.8063911	120.9784284				8			50															3
2012	2	4	16	27	新竹市	新竹市1林森路111號	24.80058445	120.9667179				8			50															3
2012	2	5	22	8	新竹市	新竹市1光復路二段金城一路路口	24.7932831	121.001211				8			50															3
2012	2	7	6	25	新竹市	新竹市1明湖路715-753號大門前	24.7702698	120.9734533	0	1	0	6	1	5	50	14	9	1	4	4	5	7	4	4	5	5	5	1	9	2
2012	2	8	7	57	新竹市	新竹市1光復路一段607巷	24.78520265	121.0117464				8			50															3
2012	2	2	7	57	新竹市	新竹市1食品路328號	24.794138	120.970331	0	3	0	8	1	5	50	3	1	1	5	4	5	7	4	4	10	5	5	2	16	2
2012	2	8	14	57	新竹市	新竹市2西大路西門街路口	24.8025954	120.9651562				6			50															3
2012	2	8	7	53	新竹市	新竹市3牛埔東路480號	24.79382215	120.9370932	0	1	0	7	1	5	50	14	9	1	5	4	5	7	4	4	4	5	5	1	16	2
2012	2	8	16	52	新竹市	新竹市2經國路二段中和路路口	24.802071	120.9546306																						3