年	月	日	時	分	縣市	allLocation	GoogleLat	GoogleLng	死	受傷	2-30	天候	光線	道路類別	速限	道路型態	事故位置	路面鋪裝	路面狀態	路面缺陷	障礙物	視距	號誌種類	號誌動作	分向設施	快車道或一般車道間	快慢車道間	路面邊線	事故類型及型態	事故類別
2012	2	6	17	38	新竹市	新竹市3大庄路3號	24.788804	120.928621	0	3	0	7	3	5	50	14	9	1	5	4	5	7	4	4	5	5	4	2	9	2
2012	2	2	9	58	新竹市	新竹市1經國路二段528號	24.804058	120.955062				8			50															3
2012	2	2	14	50	新竹市	新竹市1光復路一段介壽路路口	24.7818596	121.0211214				8			50															3
2012	2	2	18	25	新竹市	新竹市2成功路25號	24.8156911	120.956973				8			50															3
2012	2	7	17	14	新竹市	新竹市3牛埔北路257巷						8			50															3
2012	2	7	17	48	新竹市	新竹市3中華路五段富禮街路口						8			50															3
2012	2	8	19	20	新竹市	新竹市2湳中街28號			0	2	0	6	3	5	50	14	9	1	4	4	5	6	4	4	9	5	5	2	2	2
2012	2	8	21	20	新竹市	新竹市1寶山路16號對面			0	2	0	6	3	5	50	14	9	1	4	4	5	7	4	4	5	4	5	2	12	2
2012	2	7	21	18	新竹市	新竹市1東光路忠孝路路口																								3
2012	2	7	19	44	新竹市	新竹市1田美三街鐵道路路口			0	1	0	7	3	5	50	3	1	1	5	4	5	7	4	4	10	5	5	2	16	2
2012	2	9	8	56	新竹市	新竹市2經國路二段東大路路口	24.8137323	120.9674304				8			50															3
2012	2	6	23	24	新竹市	新竹市1光復路一段埔頂派出所對面	24.7873656	121.0096554	0	1	0	8	3	5	50	14	9	1	5	4	5	7	4	4	2	4	5	1	25	2
2012	2	7	21	35	新竹市	新竹市1光復路一段582號	24.79021	121.006191	0	1	0	8	3	5	50	14	9	1	5	4	5	7	4	4	1	4	4	2	12	2
2012	2	6	18	38	新竹市	新竹市1東光陸橋12711號路燈	24.80854965	120.9843547	0	1	0	8	3	5	50	8	11	1	5	4	5	7	4	4	5	4	4	1	13	2
2012	2	8	15	0	新竹市	新竹市1埔頂路276號	24.7939945	121.0137049				8			50															3
2012	2	8	16	1	新竹市	新竹市1光復路一段89巷75號	24.7796291	121.024873	0	1	0	6	1	5	50	14	9	1	4	4	5	7	4	4	9	5	5	2	16	2
2012	2	6	9	13	新竹市	新竹市2延平路三段612巷38號	24.8394033	120.9369819	0	2	0	8	1	5	50	14	9	1	5	4	5	7	4	4	5	4	5	1	17	2
2012	2	6	18	2	新竹市	新竹市3中華路四段牛埔南路路口	24.7887326	120.9300059				8			50															3
2012	2	7	13	5	新竹市	新竹市2中山路348號						6			50															3
2012	2	7	16	30	新竹市	新竹市1田美三街30號			0	2	0	7	1	5	50	14	9	1	5	4	5	7	4	4	9	5	5	2	12	2
2012	2	8	13	31	新竹市	新竹市1關新東路,關新北路口						6			50															3
2012	2	8	15	58	新竹市	新竹市1寶山路88號						6			50															3
2012	2	9	6	10	新竹市	新竹市1民族路民主路路口						8			50															3
2012	2	8	21	38	新竹市	新竹市1公道五路二段北上匝道入口						8			50															3
2012	2	1	16	21	新竹市	新竹市2天府路二段榮濱路路口			0	1	0	8	1	5	50	4	2	1	5	4	5	7	2	1	10	5	5	2	16	2
2012	2	9	19	51	新竹市	新竹市1關新路關新二街口						8			50															3
2012	2	2	12	16	新竹市	新竹市1光復路一段科學園路路口						8			50															3
2012	2	1	23	35	新竹市	新竹市1寶山路312號						8			40															3
2012	2	9	16	47	新竹市	新竹市1南大路473巷			0	1	0	7	1	5	50	3	1	1	4	4	5	7	3	1	10	5	5	2	16	2
2012	2	10	8	8	新竹市	新竹市1光復路一段236巷			0	1	0	7	1	5	50	4	1	1	4	4	5	7	1	1	10	5	5	2	16	2
2012	2	9	17	30	新竹市	新竹市2水田街157號			0	2	0	7	2	5	50	14	9	1	4	4	5	7	4	4	5	5	5	1	16	2
2012	2	9	15	0	新竹市	新竹市1中央路13632路燈桿前	24.8079896	120.973895				8			50															3
2012	2	9	19	3	新竹市	新竹市1金城一路12號	24.7935171	121.001678				8			50															3
2012	2	10	4	53	新竹市	新竹市2延平路一段261巷	24.8045335	120.9518299	0	1	0	6	3	5	50	3	1	1	4	4	5	7	4	4	10	5	5	2	3	2
2012	2	10	15	40	新竹市	新竹市2中和路136巷	24.802067	120.954976				8			50															3
2012	2	10	7	45	新竹市	新竹市1關新路19巷3號	24.7840732	121.0179649				6			50															3
2012	2	10	10	38	新竹市	新竹市1埔頂路埔頂一路路口	24.7909875	121.0171366	0	1	0	7	1	5	50	3	1	1	4	4	5	7	4	4	10	5	5	2	16	2
2012	2	10	9	30	新竹市	新竹市2金竹路118巷67弄2號	24.823897	120.973				8			40															3
2012	2	10	22	11	新竹市	新竹市1經國路二段民權路路口			0	1	0	6	3	5	50	4	2	1	4	4	5	6	2	1	10	5	5	1	13	2
2012	2	2	21	36	新竹市	新竹市2北大路427號						8			50															3
2012	2	3	23	10	新竹市	新竹市1西大路食品路路口						6			50															3
2012	2	2	17	43	新竹市	新竹市2湳雅街129巷			0	1	0	8	2	5	50	4	1	1	5	4	5	7	3	3	10	5	5	2	16	2
2012	2	4	15	33	新竹市	新竹市1光華街95巷						8			50															3
2012	2	4	14	39	新竹市	新竹市1東門街						8			50															3
2012	2	4	18	45	新竹市	新竹市1中華路752號						8			50															3
2012	2	11	1	10	新竹市	新竹市1中華路一段東大路路口			0	1	0	6	3	5	50	5	1	1	4	4	5	7	2	1	10	5	5	2	16	2
2012	2	5	12	26	新竹市	新竹市1南門街勝利路路口						8			50															3
2012	2	11	1	46	新竹市	新竹市1民生路177號			0	1	0	8	3	5	50	14	9	1	5	4	5	7	4	4	5	4	5	1	16	2
2012	2	8	8	30	新竹市	新竹市1中華路二段西大路口			0	1	0	7	1	5	50	4	1	1	5	4	5	7	4	4	10	5	5	2	16	2
2012	2	8	13	25	新竹市	新竹市1南大路575巷1弄			0	1	0	6	1	5	40	3	1	1	4	4	5	7	4	4	10	5	5	2	16	2
2012	2	8	15	1	新竹市	新竹市1光復路二段金城一路口						6			50															3
2012	2	8	16	30	新竹市	新竹市1南大路375號						6			50															3
2012	2	10	18	29	新竹市	新竹市2中正路民富街路口						6			50															3
2012	2	8	14	30	新竹市	新竹市1中央路平和街						6			50															3
2012	2	4	11	31	新竹市	新竹市2東大路三段天府路路口			0	2	0	8	1	5	50	3	1	1	5	4	5	7	1	1	10	5	5	2	12	2
2012	2	8	15	30	新竹市	新竹市1林森路138號	24.800019	120.965406																						3
2012	2	7	15	22	新竹市	新竹市3景觀大道東香路路口	24.7585468	120.9585146				8			50															3
2012	2	7	17	1	新竹市	新竹市1學府路2號	24.7939644	120.9767252	0	1	0	7	1	5	50	3	1	1	5	4	5	7	3	1	10	5	5	2	16	2
2012	2	7	18	11	新竹市	新竹市1光復路二段155巷	24.79834225	120.9906022	0	1	0	7	1	5	50	3	1	1	5	4	5	7	4	4	1	4	5	2	16	2
2012	2	11	8	28	新竹市	新竹市1經國路一段411號	24.8141411	120.977205				8			50															3
2012	2	11	8	25	新竹市	新竹市2延平路一段261巷10弄	24.80462	120.951931				8			50															3
2012	2	11	9	40	新竹市	新竹市2鐵道路二段415巷	24.8190947	120.9712484				8			40															3
2012	2	11	10	11	新竹市	新竹市2境福街37號	24.816522	120.961175				8			40															3
2012	2	10	4	55	新竹市	新竹市1光復路一段84號	24.781547	121.024368	0	2	0	6	4	5	50	14	9	1	4	4	5	7	4	4	10	4	5	2	9	2
2012	2	10	18	25	新竹市	新竹市2光華北街33號	24.817685	120.973573				6			50															3
2012	2	11	11	25	新竹市	新竹市1光復路二段12號	24.791328	121.004469				8			50															3
2012	2	11	13	30	新竹市	新竹市1中正路東門圓環路口	24.8044523	120.9702289				8			50															3
2012	2	11	15	39	新竹市	新竹市1竹市鐵道路一段41號	24.812646	120.9829318				8			50															3
2012	2	7	17	17	新竹市	新竹市1光復路二段312號	24.795646	120.998564	0	1	0	7	1	5	50	14	8	1	5	4	5	7	4	4	1	4	4	2	12	2
2012	2	11	15	45	新竹市	新竹市1南大路456號	24.7968431	120.96795	0	1	0	7	1	5	50	4	1	1	5	4	5	7	4	4	10	5	5	2	14	2
2012	2	10	21	18	新竹市	新竹市1東大路一段中華路路口	24.8042903	120.9752282	0	2	0	8	3	5	50	5	1	1	4	4	5	7	2	1	10	5	5	2	16	2
2012	2	11	16	14	新竹市	新竹市1光復路一段關新路路口	24.7832442	121.0177491				8			50															3
2012	2	9	8	57	新竹市	新竹市3中華路四段451巷	24.7909301	120.9379034	0	2	0	8	1	5	50	14	8	1	5	4	5	7	4	4	1	2	4	2	16	2
2012	2	4	11	18	新竹市	新竹市1光復路一段268巷	24.7832694	121.0208109	0	1	0	8	1	5	50	5	2	1	5	4	5	6	1	1	10	5	5	2	13	2
2012	2	6	17	53	新竹市	新竹市1中央路大同路路口	24.857684	121.218177	0	2	0	8	3	5	50	4	2	1	5	4	5	6	1	1	4	4	5	2	11	2
2012	2	8	15	20	新竹市	新竹市1民生路275號	24.8129289	120.9747214	0	1	0	6	1	5	50	14	9	1	4	4	5	7	4	4	10	5	5	2	11	2
2012	2	11	9	14	新竹市	新竹市1南大路766號	24.789832	120.9654				8			40															3
2012	2	11	11	55	新竹市	新竹市1東光路209號	24.80678365	120.9856122				8			50															3
2012	2	5	14	13	新竹市	新竹市1西大路192號	24.797736	120.969093	0	1	0	7	1	5	50	14	9	1	5	4	5	7	4	4	4	5	5	2	11	2
2012	2	11	16	44	新竹市	新竹市1建中路42號前	24.800526	120.994636	0	1	0	7	1	5	50	14	9	1	5	4	5	7	4	4	5	4	5	2	12	2
2012	2	11	12	0	新竹市	新竹市13號	24.75651555	120.9203269				8			50															3
2012	2	11	14	40	新竹市	新竹市2境福街79巷	24.81776275	120.960895				8			50															3
2012	2	10	18	0	新竹市	新竹市2中正路武陵路路口	29.0289146	111.6613067				6			50															3
2012	2	11	11	5	新竹市	新竹市1民族路162巷	24.8088151	120.97892	0	2	0	8	1	5	50	4	1	1	4	4	5	7	4	4	10	5	5	2	17	2
2012	2	12	6	33	新竹市	新竹市1竹蓮街南大路路口	24.7981942	120.9706866				8			50															3
2012	2	11	13	3	新竹市	新竹市1寶山路13號	24.794212	120.973484				8			50															3
2012	2	5	17	23	新竹市	新竹市2中山路大同路路口	24.34623015	120.6264257				8			50															3
2012	2	12	7	27	新竹市	新竹市1經國路一段民權路路口			0	2	0	7	1	5	50	4	1	1	5	4	5	7	2	1	10	5	5	2	15	2
2012	2	9	7	29	新竹市	新竹市3中華路二段593號			0	1	0	8	1	5	50	4	1	1	5	4	5	7	4	4	10	5	5	1	16	2
2012	2	12	12	50	新竹市	新竹市1忠孝路與東光路口						8			50															3
2012	2	5	11	16	新竹市	新竹市1中央路自由路路口						8			50															3
2012	2	4	16	41	新竹市	新竹市2新港一路、南寮街口						8			50															3
2012	2	12	11	35	新竹市	新竹市3延平路二段Jan-85號						8			50															3
2012	2	12	13	25	新竹市	新竹市2東大路四段117巷						8			50															3
2012	2	12	12	40	新竹市	新竹市1經國路一段156巷76號			0	1	0	8	1	5	50	14	9	1	5	4	5	7	4	4	10	5	5	2	10	2
2012	2	8	7	33	新竹市	新竹市1食品路綠水路路口			0	1	0	8	1	5	50	11	9	1	5	4	5	7	4	4	5	4	5	2	12	2
2012	2	12	16	30	新竹市	新竹市1光復路二段食品路路口						8			50															3
2012	2	11	9	59	新竹市	新竹市1光復路一段302巷						8			50															3
2012	2	11	12	4	新竹市	新竹市1經國路一段21號						8			50															3
2012	2	4	12	21	新竹市	新竹市1建中路建功一路路口						8			50															3
2012	2	20	7	40	新竹市	新竹市3茄冬交流道下柯湳二街99巷口						8			50															3
2012	2	7	4	12	新竹市	新竹市1中華路民生路口			0	1	0	6	3	5	50	3	4	1	4	4	5	7	2	1	10	5	5	2	13	2
2012	2	12	16	19	新竹市	新竹市3中華路五段與長興街口			0	1	0	7	1	5	50	14	9	1	5	4	5	7	4	4	1	4	5	2	20	2
2012	2	12	17	33	新竹市	新竹市3牛埔南路浸水街路口			0	0	0	6	1	5	50	14	9	1	4	4	5	7	1	1	5	5	5	1	13	3
2012	2	12	19	30	新竹市	新竹市2和平路232號			0	2	0	6	3	5	50	14	9	1	4	4	4	7	4	4	1	4	4	2	29	2
2012	2	11	13	3	新竹市	新竹市2竹市東大路四段277巷口						8			50															3
2012	2	12	18	44	新竹市	新竹市1經國路一段319號						6			50															3
2012	2	4	9	43	新竹市	新竹市2德成街48號			0	0	0	8	1	5	50	4	2	1	5	4	5	7	4	4	10	5	5	2	15	3
2012	2	3	14	6	新竹市	新竹市2364號						6			50															3
2012	2	4	8	52	新竹市	新竹市2中山路31號						8			50															3
2012	2	11	12	47	新竹市	新竹市1田美三街22巷2弄						8			40															3
2012	2	4	14	48	新竹市	新竹市1八德路155號						8			50															3
2012	2	11	16	51	新竹市	新竹市1光復路二段建功路路口						8			50															3
2012	2	12	15	18	新竹市	新竹市1水源街馬偕醫院前						8			40															3
2012	2	10	17	51	新竹市	新竹市2竹市成功路37號			0	0	0	6	2	5	50	14	9	1	4	4	5	7	4	4	4	5	5	2	16	3
2012	2	3	8	7	新竹市	新竹市1明湖路628號	24.776039	120.966788				8			40															3
2012	2	3	10	35	新竹市	新竹市1介壽路世界工商對面車道	24.7757408	121.0167883	0	1	0	7	1	5	50	3	1	1	5	4	5	7	1	3	10	5	5	2	14	2
2012	2	13	4	15	新竹市	新竹市1東光路東光陸橋	24.8094904	120.9836405	1	0	0	8	3	5	40	10	11	1	5	4	5	7	4	4	4	4	3	2	20	1
2012	2	12	16	45	新竹市	新竹市3中華路六段418巷	24.7351919	120.9119035				8			50															3
2012	2	13	7	50	新竹市	新竹市2四維路80號	24.7995991	120.96221				8			50															3
2012	2	13	7	46	新竹市	新竹市2中正路武陵路路口	29.0289146	111.6613067	0	1	0	8	1	5	50	5	1	1	5	4	5	7	1	1	10	5	5	2	17	2
2012	2	10	7	44	新竹市	新竹市1寶山路106號	24.79278195	120.9748569				8			50															3
2012	2	13	8	1	新竹市	新竹市3景觀大道柴橋路路口	24.7597091	120.9584529				8			70															3
2012	2	13	9	34	新竹市	新竹市3牛埔南路246巷13號	24.79672565	120.9346429				8			40															3
2012	2	13	7	23	新竹市	新竹市1南大路498號	24.796307	120.967082	0	1	0	8	1	5	50	3	2	1	5	4	5	7	4	4	10	5	5	2	16	2
2012	2	13	8	10	新竹市	新竹市3中華路六段香山交流道前20公尺處	24.7355699	120.9126119				8			70															3
2012	2	8	20	45	新竹市	新竹市1光復路一段319號	24.782485	121.018645	0	2	0	6	3	5	50	14	9	1	4	4	5	7	4	4	5	4	5	1	12	2
2012	2	8	18	46	新竹市	新竹市1慈雲路埔頂一路路口	24.7874802	121.0095148				6			50															3
2012	2	8	23	25	新竹市	新竹市1大學路30號	24.7896459	121.0016788	0	0	0	8	3	5	50	14	9	1	5	4	5	7	4	4	8	5	5	1	17	3
2012	2	9	15	25	新竹市	新竹市3中華路四段293號	24.7937039	120.9456865				8			50															3
2012	2	7	14	30	新竹市	新竹市1東美路公道五路路口	24.801449	121.0005474				8			50															3
2012	2	7	19	30	新竹市	新竹市2西大路323號	24.8015288	120.965968				8			50															3
2012	2	8	18	50	新竹市	新竹市1介壽路16號	24.7788002	121.0189417				6			50															3
2012	2	7	21	16	新竹市	新竹市1東門街36號	24.804347	120.973507				8			50															3
2012	2	9	8	17	新竹市	新竹市1大學路29號	24.7895293	121.0040859	0	1	0	8	1	5	50	3	2	1	5	4	5	7	4	4	10	5	5	2	15	2
2012	2	9	11	35	新竹市	新竹市1明湖路1001號號	24.772559	120.9684671				8			50															3
2012	2	13	23	50	新竹市	新竹市2經國路二段318號	24.808524	120.958695				8			50															3
2012	2	1	16	0	新竹市	新竹市1介壽路世界高中前	24.7757408	121.0167883	0	2	0	8	1	5	50	14	9	1	5	4	1	7	4	4	1	4	5	2	5	2
2012	2	13	15	10	新竹市	新竹市2東大路二段323巷13弄	24.8178651	120.962384				8			30															3
2012	2	13	17	9	新竹市	新竹市2新港二路與東大路口	24.842925	120.923241	0	1	0	8	1	5	50	4	1	1	5	4	5	7	4	4	10	5	5	2	15	2
2012	2	14	12	37	新竹市	新竹市1明湖路520號	24.7884154	120.9680175				8			40															3
2012	2	10	18	11	新竹市	新竹市2	24.81488335	120.9394568	0	3	0	6	3	5	50	14	7	1	4	4	5	7	4	4	1	4	5	2	13	2
2012	2	14	8	43	新竹市	新竹市1八德路237號	24.88196	121.031932	0	1	0	7	1	5	50	14	9	1	5	4	5	7	4	4	9	5	5	1	8	2
2012	2	13	14	33	新竹市	新竹市1竹市慈雲路公道五路	24.7960908	121.0131761				8			50															3
2012	2	13	16	25	新竹市	新竹市1竹市光復路一段476巷	24.6973203	120.8795682	0	1	0	8	1	5	50	14	9	1	5	4	5	7	4	4	10	5	5	2	16	2
2012	2	13	19	45	新竹市	新竹市3竹市中華路6段647巷口	24.8255588	120.9972668				8			60															3
2012	2	14	10	15	新竹市	新竹市1竹市光復路2段295號前	24.804243	120.975719				8			50															3
2012	2	14	12	7	新竹市	新竹市1竹市光復路2段56號	24.7919341	121.003489				8			50															3
2012	2	14	13	39	新竹市	新竹市1竹市學府路８４號	24.796372	120.983519				8			50															3
2012	2	10	15	57	新竹市	新竹市3中華路二段708巷	24.7978011	120.964592	0	1	0	7	1	5	50	3	1	1	5	4	5	1	4	4	10	5	5	2	11	2
2012	2	9	14	0	新竹市	新竹市3牛埔東路247號	24.7960807	120.9438415				8			50															3
2012	2	13	7	6	新竹市	新竹市2東大路三段中清一路路口	24.8395621	120.9388421	0	1	0	8	1	5	50	3	2	1	5	4	5	7	4	4	10	5	5	2	12	2
2012	2	12	19	25	新竹市	新竹市1食品路綠水路路口	24.8010377	120.9826702				6			50															3
2012	2	12	19	48	新竹市	新竹市1光復路二段407號	24.8014764	120.9851297				6			50															3
2012	2	14	23	50	新竹市	新竹市3中華路四段428號	24.7914624	120.9394129	0	2	0	6	3	5	50	14	8	1	4	4	5	7	4	4	1	4	4	2	9	2
2012	2	8	14	45	新竹市	新竹市1光復路與建功路口	24.7873656	121.0096554	0	1	0	6	1	5	50	4	2	1	4	4	5	7	1	1	1	4	5	2	13	2
2012	2	9	6	45	新竹市	新竹市3延平路與華江街口			0	1	0	8	1	5	50	3	1	1	5	4	5	7	4	4	10	5	5	2	16	2
2012	2	15	1	38	新竹市	新竹市2經國路二段111號						6			50															3
2012	2	2	21	31	新竹市	新竹市1慈雲路211號						8			50															3
2012	2	3	14	4	新竹市	新竹市1學府路385號	24.7996791	120.986371				6			50															3
2012	2	3	15	10	新竹市	新竹市3內湖路131號	24.74107345	120.9061834				6			50															3
2012	2	3	16	50	新竹市	新竹市1食品路326巷2號	24.7945521	120.970172				6			40															3
2012	2	3	17	50	新竹市	新竹市1東光路191號	24.80592435	120.986394				6			50															3
2012	2	3	19	12	新竹市	新竹市3牛埔東路華北路路口	24.7973806	120.9471161				6			50															3
2012	2	3	20	26	新竹市	新竹市3牛埔東路359號	24.7946707	120.9402395	0	2	0	6	3	5	50	14	9	1	4	4	5	7	4	4	9	5	5	2	2	2
2012	2	14	2	0	新竹市	新竹市1明湖路1229巷	24.77011105	120.974883	0	1	0	8	3	5	50	3	2	1	5	4	5	7	4	4	5	5	5	1	13	2
2012	2	15	7	7	新竹市	新竹市3中華路五段321號	24.7650255	120.9144374	0	3	0	6	1	5	70	14	9	1	4	4	5	7	4	4	1	4	4	1	13	2
2012	2	15	10	23	新竹市	新竹市2中正路經國路路口	24.8119989	120.9644536				8			50															3
2012	2	10	6	31	新竹市	新竹市1博愛街108號	24.799129	120.982138	0	2	0	6	4	5	50	14	9	1	4	4	5	7	4	4	9	4	5	2	9	2
2012	2	10	15	5	新竹市	新竹市3經國路三段32號	24.7996403	120.953385				8			50															3
2012	2	10	20	30	新竹市	新竹市1公道五路二段81號	24.7976861	121.007357	0	1	0	7	3	5	50	14	9	1	5	4	5	7	4	4	5	5	5	2	16	2
2012	2	12	16	52	新竹市	新竹市2經國路延平路路口	24.8047718	120.9556443				8			50															3
2012	2	13	19	1	新竹市	新竹市2西大路551號	24.8070441	120.961511	0	1	0	8	1	5	50	14	9	1	5	4	4	7	4	4	5	5	5	2	16	2
2012	2	13	19	5	新竹市	新竹市2經國路二段248巷	24.8095911	120.9606877	0	1	0	8	3	5	50	4	1	1	5	4	5	7	3	1	10	5	5	2	16	2
2012	2	15	12	31	新竹市	新竹市2延平路一段144號	24.8045541	120.956931				8			50															3
2012	2	15	7	48	新竹市	新竹市2中和路14號	24.8005901	120.957846				6			50															3
2012	2	15	15	2	新竹市	新竹市1中華路二段火車站前車道出口	24.8042903	120.9752282	0	2	0	8	1	5	50	4	1	1	5	4	5	7	2	1	10	5	5	2	15	2
2012	2	15	16	45	新竹市	新竹市1寶山路42巷	24.79367385	120.9738474				8			50															3
2012	2	14	18	20	新竹市	新竹市1民生路與北大路口	24.8142127	120.9742827	0	1	0	8	3	5	50	3	1	1	5	4	5	7	4	4	10	5	5	2	12	2
2012	2	9	14	18	新竹市	新竹市2鐵道路一段90號	24.812646	120.9829318				8			50															3
2012	2	14	19	58	新竹市	新竹市1建功一路與忠孝路口	24.8004098	120.9972123	0	1	0	8	3	5	50	4	1	1	5	4	5	7	1	1	10	5	5	2	16	2
2012	2	15	19	28	新竹市	新竹市2中正路175號	24.809703	120.966029	0	2	0	8	3	5	50	3	1	1	5	4	5	7	4	4	10	5	5	2	12	2
2012	2	15	22	10	新竹市	新竹市1光復路一段龍山國小前(交流道口)	24.7873656	121.0096554				8			50															3
2012	2	14	7	56	新竹市	新竹市1北大路錦華街路口	24.8115531	120.9708702				8			50															3
2012	2	15	20	58	新竹市	新竹市2經國路二段134號	24.8115961	120.963195				8			50															3
2012	2	1	18	26	新竹市	新竹市1埔頂路280號	24.7939396	121.0138441				8			50															3
2012	2	2	10	46	新竹市	新竹市2中正路法院	24.8083816	120.9673924				8			50															3
2012	2	2	13	22	新竹市	新竹市1金山25街	24.785524	121.013857				8			50															3
2012	2	15	20	31	新竹市	新竹市1食品路464巷	24.79373515	120.9667128	0	2	0	7	3	5	50	4	1	1	5	4	5	7	4	4	10	5	5	2	15	2
2012	2	16	7	10	新竹市	新竹市1光復路建功路路口	24.7873656	121.0096554	0	1	0	6	1	5	50	4	1	1	4	4	5	7	1	1	10	5	5	2	9	2
2012	2	16	10	35	新竹市	新竹市1光復路二段321號	24.800647	120.987696	0	1	0	7	1	5	50	3	1	1	5	4	5	7	3	1	10	5	5	2	16	2
2012	2	14	22	50	新竹市	新竹市3大庄路54號	24.7894741	120.927614				6			50															3
2012	2	15	15	24	新竹市	新竹市2東大路四段304巷口	24.8257773	120.9653918	0	0	0	8	1	5	50	4	1	1	5	4	5	7	3	1	10	5	5	1	16	3
2012	2	13	10	13	新竹市	新竹市1光復路二段金城一路路口	24.7932831	121.001211	0	0	0	8	1	5	50	4	1	1	5	4	5	7	1	1	3	4	5	2	12	3
2012	2	12	20	45	新竹市	新竹市2北新路經國路路口	24.8138877	120.9642847				6			50															3
2012	2	8	17	52	新竹市	新竹市1高峰路413-1號	24.782182	120.97954				6			50															3
2012	2	4	14	15	新竹市	新竹市2西大路竹文街口	24.71312845	120.8437461	0	1	0	8	1	5	50	3	1	1	5	4	5	6	1	1	10	5	5	2	12	2
2012	2	2	7	50	新竹市	新竹市3瑞光街74號	24.793382	120.926079	0	1	0	8	1	5	50	3	2	1	5	4	5	7	4	4	10	5	5	1	16	2
2012	2	4	14	51	新竹市	新竹市2經國橋上電桿17366	24.80518535	121.0170337	0	1	0	8	1	5	50	8	9	1	5	4	5	7	4	4	1	4	5	2	13	2
2012	2	2	15	40	新竹市	新竹市1光復路一段560號	24.7924614	121.0067013				8			50															3
2012	2	4	8	11	新竹市	新竹市1慈濟路埔頂一路	24.7931955	121.0155735				8			50															3
2012	2	4	9	25	新竹市	新竹市1光復路一段89巷與新科路	24.7813346	121.0239894	0	2	0	8	1	5	50	3	1	1	5	4	5	7	4	4	10	5	5	2	3	2
2012	2	5	8	56	新竹市	新竹市1經國路果菜市場前	24.8161395	120.9934274																						3
2012	2	6	20	0	新竹市	新竹市2北大路415號	24.803349	120.9605979	0	1	0	8	3	5	50	14	9	1	5	4	5	7	1	1	5	5	5	2	16	2
2012	2	15	17	20	新竹市	新竹市1光復路一段529號	24.7924614	121.0067013	0	1	0	8	1	5	50	14	9	1	5	4	5	7	4	4	5	4	5	2	16	2
2012	2	16	19	30	新竹市	新竹市1光復路二段金城一路路口	24.7932831	121.001211	0	2	0	8	3	5	50	3	1	1	5	4	5	7	1	1	10	5	5	2	12	2
2012	2	16	21	0	新竹市	新竹市2延平路一段240號	24.8052341	120.953516							50															3
2012	2	9	11	32	新竹市	新竹市2中華路一段2巷宏城駕訓班前	24.8194681	120.995232				8			40															3
2012	2	8	14	58	新竹市	新竹市1中華路二段474號	24.8014101	120.97037				8			50															3
2012	2	8	22	7	新竹市	新竹市1金山19街金山南街口	39.03076985	106.3538138				8			50															3
2012	2	3	14	3	新竹市	新竹市2東大路二段660巷19弄2號	24.8243057	120.9582644				8			40															3
2012	2	3	17	36	新竹市	新竹市2海濱路港南37左21號電力桿前			0	2	0	6	4	5	50	14	9	1	4	4	5	7	4	4	10	5	5	2	26	2
2012	2	16	23	18	新竹市	新竹市1中正路中央路路口						8			50															3
2012	2	16	20	10	新竹市	新竹市1光復路二段22號	24.791413	121.004285				8			50															3
2012	2	4	8	30	新竹市	新竹市3中華路六段67巷	24.7490004	120.9097951	0	2	0	8	1	5	50	3	1	1	5	4	5	7	1	1	10	5	5	2	16	2
2012	2	16	22	8	新竹市	新竹市1光復路二段194巷	24.7941781	121.000595	0	1	0	8	3	5	5	3	1	1	5	4	5	7	4	4	1	4	5	2	12	2
2012	2	17	0	4	新竹市	新竹市2西大路434號	24.803713	120.964664	0	1	0	8	3	5	50	14	9	1	5	4	5	7	4	4	5	2	5	2	12	2
2012	2	11	13	50	新竹市	新竹市1經國路一段243-1號	24.8148	120.984957				8			50															3
2012	2	2	7	30	新竹市	新竹市1南大路748巷	24.79509185	120.9708905	0	1	0	8	1	5	40	4	1	1	5	4	5	7	1	1	10	5	5	2	16	2
2012	2	2	8	45	新竹市	新竹市1西大路67號	24.795761	120.971177	0	1	0	8	1	5	50	14	9	1	5	4	5	7	4	4	5	4	5	1	16	2
2012	2	13	11	45	新竹市	新竹市2竹光路和平路路口	29.55427525	106.56844				8			50															3
2012	2	17	10	14	新竹市	新竹市2嘉濱路5巷	24.8401374	120.9273621				8			50															3
2012	2	6	16	7	新竹市	新竹市1光復路一段525巷口弄	24.8185572	120.9951081				8			50															3
2012	2	6	18	1	新竹市	新竹市1水利路輕軌橋下附近	24.8069577	121.0088382				8			50															3
2012	2	7	6	52	新竹市	新竹市3牛埔東路192巷牛埔路路口	24.799689	120.9515893				6			50															3
2012	2	17	9	30	新竹市	新竹市1南門路	24.7998332	120.9681025				8			50															3
2012	2	17	15	26	新竹市	新竹市1自由路95巷18弄31號對面	25.03513585	121.0792874				8			40															3
2012	2	16	18	14	新竹市	新竹市1金山9街76號	24.77703065	121.0208642	0	1	0	7	3	5	50	4	1	1	5	4	5	7	4	4	10	5	5	2	15	2
2012	2	17	14	35	新竹市	新竹市1金山街42號	24.7773311	121.0216189				8			50															3
2012	2	16	19	46	新竹市	新竹市3牛埔北路37巷	24.7982657	120.9407132				8			50															3
2012	2	17	10	39	新竹市	新竹市2民富街95號	24.8087322	120.962678				8			50															3
2012	2	14	16	9	新竹市	新竹市1光復路一段271號			0	1	0	8	1	5	50	14	9	1	5	4	5	7	4	4	5	4	5	1	16	2
2012	2	17	20	27	新竹市	新竹市1太原路3號						6			50															3
2012	2	17	15	7	新竹市	新竹市1北大路民生路路口						8			50															3
2012	2	17	20	5	新竹市	新竹市1光復路一段525巷光復路路口485巷6弄						8			50															3
2012	2	17	18	50	新竹市	新竹市1中華路二段新光三越前						6			50															3
2012	2	17	20	30	新竹市	新竹市1八德路233號						6			50															3
2012	2	17	20	4	新竹市	新竹市1金山街介壽路路口						8			50															3