年	月	日	時	分	縣市	allLocation	GoogleLat	GoogleLng	死	受傷	2-30	天候	光線	道路類別	速限	道路型態	事故位置	路面鋪裝	路面狀態	路面缺陷	障礙物	視距	號誌種類	號誌動作	分向設施	快車道或一般車道間	快慢車道間	路面邊線	事故類型及型態	事故類別
2012	2	17	21	56	新竹市	新竹市2中華路二段中山路路口			0	1	0	7	3	5	50	14	9	1	5	4	5	7	4	4	1	2	5	1	13	2
2012	2	17	22	37	新竹市	新竹市1光復路一段關新路路口						8			50															3
2012	2	3	9	34	新竹市	新竹市1中華路一段民權路路口			0	2	0	6	1	5	50	4	2	1	4	4	5	6	2	1	10	5	5	2	15	2
2012	2	16	17	3	新竹市	新竹市2光華二街80巷						8			50															3
2012	2	16	8	8	新竹市	新竹市1高峰路聖經書院旁			0	1	0	6	1	5	50	3	2	1	4	4	5	6	4	4	10	5	5	2	16	2
2012	2	5	4	40	新竹市	新竹市2經國路二段水田街路口						6			50															3
2012	2	15	13	39	新竹市	新竹市1中華路二段708巷23號						8			40															3
2012	2	5	18	50	新竹市	新竹市1民族路256號						8			50															3
2012	2	18	7	30	新竹市	新竹市2中正路407號			0	1	0	7	1	5	50	14	9	1	5	4	5	7	4	4	5	4	5	1	16	2
2012	2	18	7	7	新竹市	新竹市1經國路一段379巷35號						8			40															3
2012	2	6	8	20	新竹市	新竹市3牛埔北路36巷			0	1	0	8	1	5	50	4	1	1	5	4	5	7	3	1	10	5	5	2	12	2
2012	2	6	10	1	新竹市	新竹市1北大路70巷						8			50															3
2012	2	9	16	22	新竹市	新竹市1東南街建華街路口			0	1	0	6	1	5	50	3	1	1	4	4	5	7	1	1	10	5	5	2	16	2
2012	2	18	9	8	新竹市	新竹市2鐵道路二段101巷						8			50															3
2012	2	10	18	55	新竹市	新竹市2中山路319號			0	1	0	6	3	5	50	3	1	1	4	4	5	5	4	4	10	5	5	2	16	2
2012	2	4	16	51	新竹市	新竹市1中華路二段民權路路口						8			50															3
2012	2	10	6	9	新竹市	新竹市2中正路405號						8			50															3
2012	2	18	13	36	新竹市	新竹市1西大路378號						8			50															3
2012	2	17	22	15	新竹市	新竹市2崧嶺路路橋			0	2	0	8	3	5	50	8	9	1	5	4	5	7	4	4	5	5	5	1	10	2
2012	2	10	9	34	新竹市	新竹市1食品路122號						8			50															3
2012	2	15	7	25	新竹市	新竹市2湳中街54巷43號						8			50															3
2012	2	17	14	35	新竹市	新竹市1光復路二段地下道內						8			50															3
2012	2	17	15	30	新竹市	新竹市1金山10街金山南街口			0	1	0	7	1	5	50	3	2	1	5	4	5	7	4	4	10	5	5	2	16	2
2012	2	17	18	20	新竹市	新竹市1忠孝路東光路路口						6			50															3
2012	2	17	19	50	新竹市	新竹市3牛埔東路170號						8			50															3
2012	2	18	9	18	新竹市	新竹市1中華路二段東門街路口			0	1	0	8	1	5	50	5	1	1	5	4	5	7	4	4	10	5	5	2	12	2
2012	2	10	18	45	新竹市	新竹市1明湖路775巷			0	2	0	8	3	5	50	14	9	1	5	4	5	7	4	4	5	5	5	1	3	2
2012	2	18	11	45	新竹市	新竹市1經國路一段245巷公道五路路口	24.8150922	120.9852896				8			50															3
2012	2	18	13	0	新竹市	新竹市1林森路32號	24.801872	120.9689311				8			50															3
2012	2	18	13	50	新竹市	新竹市1東光路192號	24.806394	120.986461				8			50															3
2012	2	12	19	46	新竹市	新竹市1光復路大學路路口	24.7910677	121.0049133				6			50															3
2012	2	13	19	36	新竹市	新竹市1中華路火車站前	24.8161395	120.9934274				8			50															3
2012	2	18	7	17	新竹市	新竹市1建功路7巷新源市場旁停車場	24.7963521	120.998067				8			50															3
2012	2	7	8	20	新竹市	新竹市3頂埔路50號	24.7974352	120.9504998				6			50															3
2012	2	18	9	2	新竹市	新竹市2中正路401號	24.8152631	120.960459				8			50															3
2012	2	18	10	20	新竹市	新竹市2和平路218號	24.8131041	120.954486	0	1	0	8	1	5	50	14	9	1	5	4	5	7	4	4	1	4	4	2	12	2
2012	2	18	12	11	新竹市	新竹市2湳雅街176巷	24.8209951	120.974671				8			50															3
2012	2	15	11	55	新竹市	新竹市1民權路與民族路口	24.8139388	120.9704159	0	1	0	7	1	5	50	3	1	1	5	4	5	7	4	4	10	5	5	2	16	2
2012	2	18	19	47	新竹市	新竹市2中正路398號	24.815006	120.9622726				8			50															3
2012	2	18	22	13	新竹市	新竹市1南大路489號	24.795249	120.966234	0	1	0	8	3	5	50	14	9	1	5	4	5	6	4	4	9	5	5	2	17	2
2012	2	13	7	22	新竹市	新竹市1光復路一段544巷52號	24.78735095	121.0109882	0	1	0	8	1	5	50	4	1	1	5	4	5	6	4	4	10	5	5	2	15	2
2012	2	18	18	47	新竹市	新竹市2竹市經國路延平路口	24.8047718	120.9556443				8			50															3
2012	2	18	20	56	新竹市	新竹市2竹市經國路西大路口	24.8137566	120.967524				8			50															3
2012	2	14	5	15	新竹市	新竹市1田美三街2號	24.814841	120.977155				6			50															3
2012	2	13	12	50	新竹市	新竹市1經國路一段自由路路口	24.8147153	120.9796905	0	1	0	8	1	5	50	4	2	1	5	4	5	7	1	1	10	4	5	2	8	2
2012	2	15	14	54	新竹市	新竹市1中央路1號路口	24.8078458	120.9721101	0	1	0	8	1	5	50	4	1	1	5	4	5	7	4	4	10	5	5	2	15	2
2012	2	15	18	15	新竹市	新竹市3牛埔東路526巷口	24.79383605	120.9348633							50															3
2012	2	16	19	0	新竹市	新竹市2東大路2段559號前	24.821864	120.959273	0	2	0	6	3	5	50	14	9	1	4	4	5	7	4	4	5	5	5	1	16	2
2012	2	16	21	45	新竹市	新竹市2中正路214號前	24.8107121	120.96576				8			50															3
2012	2	17	22	15	新竹市	新竹市1林森路208號前	24.7987084	120.9635256	0	2	0	8	3	5	50	14	9	1	5	4	5	7	4	4	5	4	5	1	16	2
2012	2	15	17	48	新竹市	新竹市1寶山路2號	24.79434485	120.9730693	0	2	0	8	1	5	50	3	1	1	5	4	5	7	4	4	10	5	5	2	17	2
2012	2	18	5	13	新竹市	新竹市1光復路與園區一路口	24.7873656	121.0096554	0	1	0	6	1	5	50	4	1	1	4	4	5	7	1	1	10	5	5	2	20	2
2012	2	13	14	10	新竹市	新竹市1光復路二段68號	24.792082	121.003287				8			50															3
2012	2	18	15	30	新竹市	新竹市3牛埔東路30號前	24.799377	120.950457							50															3
2012	2	16	8	41	新竹市	新竹市1金山街金山9街路口			0	2	0	7	1	5	50	4	1	1	4	4	5	7	4	4	10	5	5	2	16	2
2012	2	18	19	35	新竹市	新竹市1經國橋下九甲埔匝道附近			0	1	0	8	4	5	50	14	9	1	5	4	5	7	4	4	1	4	5	1	16	2
2012	2	16	10	49	新竹市	新竹市2北大路與西大路口						8			50															3
2012	2	9	14	33	新竹市	新竹市3景觀大道與五福路口			0	1	0	7	1	5	50	4	1	1	5	4	5	7	1	1	10	5	5	2	13	2
2012	2	16	14	40	新竹市	新竹市2東大路三段222號						8			50															3
2012	2	16	10	41	新竹市	新竹市1中華路一段267號						8			50															3
2012	2	16	15	35	新竹市	新竹市2愛文街34號						8			50															3
2012	2	18	13	45	新竹市	新竹市1光復路一段介壽路路口			0	1	0	8	1	5	50	14	9	1	5	4	5	7	1	1	10	2	5	2	13	2
2012	2	18	4	0	新竹市	新竹市2中山路西大路路口			0	1	0	7	3	5	50	4	1	1	5	4	5	7	2	1	10	5	5	2	18	2
2012	2	19	11	22	新竹市	新竹市1中華路一段太原路對面巷口			0	1	0	7	1	5	50	4	1	1	5	4	5	7	1	1	10	5	5	1	15	2
2012	2	17	22	55	新竹市	新竹市1公道五路二段130巷	24.79433965	121.0070411				8			50															3
2012	2	19	13	42	新竹市	新竹市2東大路四段134號	24.843127	120.933157				8			50															3
2012	2	19	12	46	新竹市	新竹市2光華二街134號前	24.8211905	120.9771859							50															3
2012	2	10	11	17	新竹市	新竹市3中華路四段364號	24.7930411	120.942982	0	0	0	6	1	5	50	14	13	1	4	4	5	7	4	4	1	4	4	1	12	3
2012	2	14	11	59	新竹市	新竹市1光復路二段建功路路口	24.7932831	121.001211	0	0	0	8	1	5	50	14	9	1	5	4	5	7	4	4	5	4	5	1	13	3
2012	2	19	14	40	新竹市	新竹市2湳雅街農改場路口	24.8178793	120.9706768	0	2	0	8	1	5	50	4	2	1	5	4	5	6	2	1	10	5	5	2	16	2
2012	2	19	12	50	新竹市	新竹市1金山18街金山南街	24.7759486	121.0243116	0	1	0	8	1	5	5	3	2	1	5	4	5	7	4	4	10	5	5	2	16	2
2012	2	19	17	33	新竹市	新竹市2中山路398號						8			50															3
2012	2	19	18	58	新竹市	新竹市1高峰路324巷35號						8			40															3
2012	2	19	18	31	新竹市	新竹市1南大路473弄						8			50															3
2012	2	18	18	42	新竹市	新竹市2中華路林森路路口			0	1	0	7	3	5	50	5	1	1	5	4	5	7	1	1	10	5	5	2	16	2
2012	2	19	16	49	新竹市	新竹市2中華路一段119號						8			50															3
2012	2	19	17	39	新竹市	新竹市1竹市東南街283號						8			50															3
2012	2	19	19	42	新竹市	新竹市1竹市食品路178號						8			50															3
2012	2	18	20	5	新竹市	新竹市2中正路350巷			0	0	0	8	3	5	50	3	1	1	5	4	5	7	4	4	10	5	5	2	12	3
2012	2	19	3	50	新竹市	新竹市2經國路水田街路口						8			50															3
2012	2	19	20	20	新竹市	新竹市2東大路四段中光路口						8			50															3
2012	2	13	5	17	新竹市	新竹市1明湖路175巷13弄附近停車場						8			50															3
2012	2	19	23	11	新竹市	新竹市2竹市西路377號						8			50															3
2012	2	13	13	40	新竹市	新竹市1中央路83號			0	2	0	8	1	5	40	14	9	1	5	4	5	7	4	4	9	5	5	2	12	2
2012	2	19	17	48	新竹市	新竹市1金山26街杜鵑花步道土地公廟旁						8			40															3
2012	2	16	9	50	新竹市	新竹市1光復路二段252號						8			50															3
2012	2	16	15	30	新竹市	新竹市2中華路三段46號			0	1	0	8	1	5	50	14	9	1	5	4	5	7	4	4	9	4	5	2	12	2
2012	2	20	8	6	新竹市	新竹市1南大路567巷南大路路口537巷口						8			40															3
2012	2	16	18	20	新竹市	新竹市1光復路一段交流道口往市區方向						8			50															3
2012	2	20	8	27	新竹市	新竹市2湳雅街187巷			0	1	0	7	1	5	50	4	1	1	5	4	5	7	4	4	10	5	5	2	13	2
2012	2	16	16	45	新竹市	新竹市1光復路二段430號						8			50															3
2012	2	16	19	10	新竹市	新竹市1東美路公道五路路口						8			50															3
2012	2	16	20	10	新竹市	新竹市1東大路一段8號			0	1	0	8	3	5	50	3	2	1	5	4	5	7	1	1	10	5	5	2	12	2
2012	2	19	0	56	新竹市	新竹市1寶山路建華街路口						8			50															3
2012	2	20	11	12	新竹市	新竹市1光復路一段375號			0	1	0	8	1	5	50	14	9	1	5	4	5	7	4	4	5	4	5	2	12	2
2012	2	20	12	50	新竹市	新竹市3芝柏街芝柏五街口						8			40															3
2012	2	12	15	29	新竹市	新竹市3內湖路南港街路口			0	1	0	8	1	6	40	14	9	1	5	4	5	7	4	4	10	5	5	1	11	2
2012	2	20	16	33	新竹市	新竹市3美森街5號	24.7916441	120.925103	0	1	0	8	1	5	50	14	9	1	5	4	5	7	4	4	9	5	5	2	27	2
2012	2	20	10	50	新竹市	新竹市3牛埔東路與景觀大道路口	24.79382215	120.9370932				8			50															3
2012	2	20	15	34	新竹市	新竹市1竹市北大路69號	24.8118261	120.971674				8			50															3
2012	2	19	17	17	新竹市	新竹市1高峰路55巷	24.7930373	120.9733029	0	1	0	8	1	5	50	3	1	1	5	4	5	7	4	4	9	4	5	2	12	2
2012	2	20	15	15	新竹市	新竹市1民族路246巷	24.8101712	120.9816244				8			50															3
2012	2	20	18	22	新竹市	新竹市1光復路二段10巷	24.796962	120.997315				8			50															3
2012	2	15	14	30	新竹市	新竹市1明湖路548號	24.7884154	120.9680175	0	1	0	7	1	5	50	14	9	1	5	4	5	7	4	4	9	5	5	1	10	2
2012	2	19	10	28	新竹市	新竹市1建中一路23巷29號	24.8002968	120.9934388				8			50															3
2012	2	3	7	20	新竹市	新竹市1金城一路35巷	24.79395675	121.0022692				8			50															3
2012	2	3	9	18	新竹市	新竹市2中正路188號	24.8101411	120.966038	0	2	0	6	1	5	50	14	9	1	4	4	5	7	4	4	5	4	5	2	16	2
2012	2	7	17	35	新竹市	新竹市3元培街93號	24.78456585	120.9311894	0	1	0	8	1	5	50	14	9	1	5	4	5	7	4	4	5	5	5	2	12	2
2012	2	8	21	10	新竹市	新竹市1公道五路二段83號	24.7978201	121.0071431	0	1	0	6	3	8	40	15	17	1	4	4	5	7	4	4	1	1	1	2	16	2
2012	2	9	14	32	新竹市	新竹市1明湖路393巷28621號路燈	24.78086405	120.9691968				8			50															3
2012	2	12	4	16	新竹市	新竹市1北大路84巷	24.81156005	120.9708651	0	1	0	8	3	5	50	4	1	1	5	4	5	7	4	4	10	5	5	2	15	2
2012	2	9	15	30	新竹市	新竹市2經國路二段131號	24.811939	120.96479				8			50															3
2012	2	10	7	55	新竹市	新竹市3大庄路大庄國小			0	2	0	6	1	5	40	14	9	1	4	4	5	7	3	1	10	5	5	2	16	2
2012	2	10	10	30	新竹市	新竹市2經國路一段338-1號						8			50															3
2012	2	10	13	15	新竹市	新竹市1西大路338號			0	1	0	7	1	5	50	14	9	1	5	4	5	7	4	4	5	4	5	2	16	2
2012	2	20	22	18	新竹市	新竹市1光復路二段新光路路口						8			50															3
2012	2	4	15	21	新竹市	新竹市1千甲路151巷			0	1	0	8	1	5	50	14	9	1	5	4	5	7	4	4	5	5	5	1	19	2
2012	2	21	16	5	新竹市	新竹市3竹市高峰路164巷明湖路243巷口						8			40															3
2012	2	18	12	15	新竹市	新竹市1三民路民生路路口						8			50															3
2012	2	20	13	5	新竹市	新竹市2武陵西三路2號						8			40															3
2012	2	18	14	50	新竹市	新竹市1中華路二段東大路路口						8			50															3
2012	2	20	23	32	新竹市	新竹市1南外街1巷中華路路口695巷口						8			40															3
2012	2	9	18	42	新竹市	新竹市2湳雅街218巷			0	2	0	7	3	5	50	3	1	1	5	4	5	7	4	4	10	5	5	2	16	2
2012	2	20	15	0	新竹市	新竹市1中華路二段630號						8			50															3
2012	2	9	20	0	新竹市	新竹市1學府路18巷			0	1	0	7	3	5	50	3	1	1	5	4	5	7	4	4	10	5	5	2	16	2
2012	2	19	11	36	新竹市	新竹市2西濱路一段383號			0	1	0	7	1	5	50	3	1	1	5	4	5	7	4	4	1	4	5	2	16	2
2012	2	20	19	46	新竹市	新竹市2中華路二段400號			0	1	0	8	3	5	50	14	9	1	5	4	5	7	4	4	5	4	5	2	16	2
2012	2	9	22	47	新竹市	新竹市1文昌街武昌街路口			0	1	0	7	3	5	50	4	1	1	4	4	5	7	4	4	10	5	5	2	15	2
2012	2	21	15	24	新竹市	新竹市2東大路二段經國路路口			0	0	0	8	1	5	50	4	1	1	5	4	5	7	1	1	1	4	5	2	13	3
2012	2	21	17	20	新竹市	新竹市1民主路民生路路口222巷口						8			50															3
2012	2	21	19	15	新竹市	新竹市1林森路與四維路橋口			0	1	0	8	3	5	50	14	9	1	5	4	5	7	4	4	5	2	5	2	20	2
2012	2	1	13	10	新竹市	新竹市1中華路二段信義街口						8			50															3
2012	2	21	21	40	新竹市	新竹市2中正路328巷14號						8			40															3
2012	2	22	1	59	新竹市	新竹市2經國路二段269號						8			50															3
2012	2	22	6	20	新竹市	新竹市2經國路二段國光街口			0	1	0	8	1	5	50	3	1	1	5	4	5	7	2	1	10	5	5	2	16	2
2012	2	18	13	9	新竹市	新竹市1竹蓮街197號			0	1	0	8	1	5	50	3	1	1	5	4	5	7	4	4	10	5	5	2	16	2
2012	2	22	7	43	新竹市	新竹市1建中路33號						8			50															3
2012	2	18	15	55	新竹市	新竹市3牛埔東路33巷	24.7976416	120.9515064	0	1	0	8	1	5	50	4	1	1	5	4	5	7	4	4	10	5	5	2	16	2
2012	2	22	7	0	新竹市	新竹市1水利路67巷	24.80363025	121.0060813				8			50															3
2012	2	22	8	51	新竹市	新竹市1經國路一段果菜市場	24.8161395	120.9934274	0	1	0	8	1	5	50	15	20	4	5	4	5	7	4	4	10	5	5	2	1	2
2012	2	22	8	50	新竹市	新竹市2東大路二段557號	24.8218331	120.959303				8			50															3
2012	2	22	8	20	新竹市	新竹市1公道五路一段經國路路口	24.819359	120.9825494	0	1	0	8	1	5	50	4	1	1	5	4	5	7	2	1	10	5	5	2	16	2
2012	2	21	10	41	新竹市	新竹市2文雅街118巷	24.8120461	120.9560516	0	2	0	8	1	5	50	4	1	1	5	4	5	7	4	4	10	5	5	2	16	2
2012	2	5	17	40	新竹市	新竹市1公道五路二段交流道口						8			50															3
2012	2	22	10	30	新竹市	新竹市3中華路與林森路口			0	1	0	8	1	5	50	5	1	1	5	4	5	7	1	1	10	5	5	2	16	2
2012	2	5	12	50	新竹市	新竹市1北大路97號						8			50															3
2012	2	22	12	20	新竹市	新竹市3牛埔東路59號對面車道						8			50															3
2012	2	6	11	50	新竹市	新竹市2中正路129號						8			50															3
2012	2	21	16	55	新竹市	新竹市2湳雅街溪洲橋						8			50															3
2012	2	22	14	50	新竹市	新竹市1埔頂路慈濟路口						8			50															3
2012	2	7	12	0	新竹市	新竹市3中華路四段牛埔南路口						6			50															3
2012	2	11	12	30	新竹市	新竹市1東光路207號						8			50															3
2012	2	11	7	40	新竹市	新竹市1南大路590號						8			50															3
2012	2	11	10	0	新竹市	新竹市1建功一路14巷口弄						8			50															3
2012	2	22	16	31	新竹市	新竹市1赤土崎二街停車場B2層						8			20															3
2012	2	22	20	30	新竹市	新竹市1中正路96巷30號									50															3
2012	2	15	11	50	新竹市	新竹市1民族路173巷			0	1	0	8	1	5	50	4	1	1	5	4	5	7	4	4	10	5	5	2	16	2
2012	2	21	19	45	新竹市	新竹市1光復路一段41巷			0	2	0	8	3	5	50	3	1	1	5	4	5	7	4	4	10	5	5	2	3	2
2012	2	15	14	5	新竹市	新竹市1新源街赤土崎公園旁						8			40															3
2012	2	22	18	45	新竹市	新竹市3中華路四段532號						8			50															3
2012	2	15	17	15	新竹市	新竹市2經國路二段539號						8			50															3
2012	2	22	21	10	新竹市	新竹市1明湖路113號			0	1	0	8	3	5	50	14	9	1	5	4	5	7	4	4	10	4	5	1	10	2
2012	2	8	7	45	新竹市	新竹市2中正路363號			0	1	0	8	1	5	50	14	9	1	5	4	5	7	4	4	10	5	5	2	13	2
2012	2	1	18	10	新竹市	新竹市2北大路北門街路口			0	1	0	8	2	5	50	4	1	1	5	4	5	7	2	1	10	5	5	2	16	2
2012	2	13	7	40	新竹市	新竹市1東大路一段102號			0	1	0	7	1	5	50	14	9	1	5	4	5	7	4	4	10	5	5	2	17	2
2012	2	13	8	32	新竹市	新竹市1光復路二段學府路路口						8			50															3
2012	2	14	20	40	新竹市	新竹市2經國路二段西大路路口			0	1	0	8	3	5	50	4	2	1	5	4	5	7	1	1	10	5	5	2	18	2
2012	2	15	17	10	新竹市	新竹市1錦華街10巷2號						8			40															3
2012	2	20	8	40	新竹市	新竹市1中華路一段經國路路口			0	1	0	8	1	5	50	4	1	1	5	4	5	7	1	1	10	5	5	2	16	2
2012	2	20	12	46	新竹市	新竹市3牛埔路經國路路口			0	1	0	8	1	5	50	4	1	1	5	4	5	7	2	1	10	5	5	2	14	2
2012	2	23	8	10	新竹市	新竹市1高峰路高翠路路口						6			40															3
2012	2	16	17	59	新竹市	新竹市2南外街中華路路口			0	2	0	8	3	5	50	4	1	1	5	4	5	7	1	1	10	2	5	1	16	2
2012	2	22	21	45	新竹市	新竹市1光復路二段水源街路口			0	3	0	8	3	5	50	4	1	1	5	4	5	7	2	1	10	5	5	2	12	2
2012	2	23	10	27	新竹市	新竹市2西濱路一段480號			0	1	0	7	1	5	50	14	12	1	5	4	5	7	4	4	1	4	4	1	8	2
2012	2	23	13	0	新竹市	新竹市1光復路二段308號						6			50															3
2012	2	23	0	29	新竹市	新竹市1西大路機車專用道地下道內						8			40															3
2012	2	23	7	22	新竹市	新竹市2成德路殯儀館附近						6			50															3
2012	2	19	17	52	新竹市	新竹市1北大路5號			0	1	0	8	3	5	50	3	9	1	5	4	5	6	4	4	5	4	5	2	16	2
2012	2	23	12	30	新竹市	新竹市3中華路五段25號			0	1	0	6	1	5	50	14	9	1	4	4	5	7	4	4	3	4	5	2	12	2
2012	2	22	17	37	新竹市	新竹市2成德路中華路路口121巷口						8			40															3
2012	2	22	17	28	新竹市	新竹市1東門街與民族路口			0	1	0	8	1	5	50	4	4	1	5	4	5	7	2	1	5	2	5	2	13	2
2012	2	22	18	5	新竹市	新竹市1埔頂路崇和路口			0	3	0	8	3	5	50	3	1	1	5	4	5	7	4	4	10	5	5	2	16	2
2012	2	12	16	4	新竹市	新竹市1光復路二段新源街路口						8			50															3
2012	2	11	16	6	新竹市	新竹市1公道五路128號						8			50															3
2012	2	11	18	40	新竹市	新竹市1西大路90號						8			50															3
2012	2	11	13	16	新竹市	新竹市1新竹市1寶山路						8			50															3
2012	2	23	17	59	新竹市	新竹市2中山路中和路路口						6			50															3
2012	2	23	15	44	新竹市	新竹市1光復路二段726號						8			50															3
2012	2	23	19	40	新竹市	新竹市1關新路19巷						6																		3
2012	2	23	18	45	新竹市	新竹市3牛埔路160巷	24.7995008	120.952277	0	1	0	8	3	5	50	3	1	1	5	4	5	7	4	4	10	5	5	2	12	2
2012	2	17	12	44	新竹市	新竹市1學府路22號	24.7947301	120.97915	0	2	0	8	1	5	50	14	9	1	5	4	5	7	4	4	10	5	5	2	16	2
2012	2	23	18	15	新竹市	新竹市1公道五路交流道口北上匝道口	29.857088	121.5551922	0	1	0	6	3	5	50	5	16	1	4	4	5	7	1	1	10	5	5	2	11	2
2012	2	16	7	8	新竹市	新竹市1自由路72號	24.813568	120.980666	0	1	0	7	1	5	50	3	2	1	4	4	5	7	3	3	10	5	5	2	16	2
2012	2	16	10	49	新竹市	新竹市3中華路402-1號	24.735572	120.912332				8			50															3
2012	2	16	9	0	新竹市	新竹市1寶山路452巷3弄	24.78335135	120.9904968	0	1	0	7	1	5	50	3	1	1	5	4	5	7	4	4	10	5	5	2	16	2
2012	2	21	11	44	新竹市	新竹市2武陵路湳雅街路口	24.8228691	120.9720984				8			50															3
2012	2	2	8	58	新竹市	新竹市1光復路學府路路口	24.8009967	120.9870539				8			50															3
2012	2	8	8	50	新竹市	新竹市3竹香南路福樹街口	24.8044016	120.9351547				8			50															3
2012	2	8	17	5	新竹市	新竹市3內湖路108巷	24.74272225	120.9058515				6			50															3
2012	2	4	11	59	新竹市	新竹市1光復路二段904號	24.79834225	120.9906022				8			50															3
2012	2	10	23	25	新竹市	新竹市1民生路223號	24.8118685	120.9755681				6			50															3
2012	2	12	13	33	新竹市	新竹市1東門街34巷	24.804433	120.973299				8			50															3
2012	2	15	8	30	新竹市	新竹市1大學路光復路路口	24.7910677	121.0049133				8			50															3
2012	2	16	11	56	新竹市	新竹市1經國路678號	24.814437	120.974408				8			50															3
2012	2	16	14	0	新竹市	新竹市1慈雲路26號	24.79311235	121.0115108				8			50															3
2012	2	21	7	1	新竹市	新竹市2西大路424號	24.8035651	120.964861				8			50															3
2012	2	23	5	50	新竹市	新竹市1經國路一段411號						6			50															3
2012	2	16	19	18	新竹市	新竹市1中央路357號			0	1	0	6	3	5	50	14	9	1	4	4	5	7	4	4	5	5	5	2	13	2
2012	2	21	16	30	新竹市	新竹市1新竹市寶山路450號前			0	1	0	8	1	5	50	3	9	1	5	4	5	7	1	1	9	5	5	2	11	2
2012	2	24	6	35	新竹市	新竹市2和平路141號						6			50															3
2012	2	9	17	4	新竹市	新竹市1北大路西大路路口			0	1	0	6	3	5	50	14	9	1	4	4	5	7	4	4	5	1	5	1	18	2
2012	2	24	9	45	新竹市	新竹市1民生路177號						6			50															3
2012	2	24	7	0	新竹市	新竹市1南大路473巷						6			50															3
2012	2	24	8	50	新竹市	新竹市1忠孝路45號						6			50															3
2012	2	24	9	10	新竹市	新竹市2天府路聖軍路路口						6			50															3
2012	2	24	7	51	新竹市	新竹市1竹市光復路慈雲路						8			50															3
2012	2	24	9	19	新竹市	新竹市1竹市光復路園區門口						6			50															3
2012	2	24	8	32	新竹市	新竹市1竹市惠民街民治街口						6			50															3
2012	2	24	8	39	新竹市	新竹市1東門街77號			0	1	0	6	1	5	50	14	9	1	4	4	5	7	4	4	9	5	5	2	3	2
2012	2	24	9	42	新竹市	新竹市1中華路二段417號			0	2	0	6	1	5	50	14	9	1	4	4	5	7	4	4	10	5	5	2	13	2
2012	2	24	14	8	新竹市	新竹市1民族路33號	24.8049425	120.9723311				8			50															3
2012	2	24	15	25	新竹市	新竹市1南大路501號	24.795108	120.965828				8			50															3
2012	2	19	17	40	新竹市	新竹市2湳雅街大潤發停車場出口	24.8235233	120.9787074				8			50															3
2012	2	20	12	23	新竹市	新竹市2武陵路89巷	24.8195799	120.9669803				8			50															3
2012	2	20	16	20	新竹市	新竹市1光復路二段20號	24.7913881	121.004318				8			50															3
2012	2	23	16	19	新竹市	新竹市1光復路一段龍山國小旁	24.7873656	121.0096554				6			50															3
2012	2	12	0	17	新竹市	新竹市1民生路222巷	24.8132194	120.9777493	0	1	0	8	3	5	50	3	2	1	5	4	5	6	4	4	5	4	5	1	16	2
2012	2	24	17	50	新竹市	新竹市3延平路二段399號	24.807872	120.932879	0	1	0	7	1	5	50	3	1	1	5	4	5	7	4	4	5	5	5	1	16	2
2012	2	24	16	40	新竹市	新竹市3元培街233號	24.779399	120.936084	0	3	0	8	1	5	50	3	2	1	5	4	5	7	4	4	5	5	5	2	10	2
2012	2	22	20	0	新竹市	新竹市1民族路176號	24.809106	120.979373	0	0	0	8	3	5	50	3	1	1	5	4	5	7	4	4	10	5	5	2	16	3
2012	2	24	22	25	新竹市	新竹市1光復路二段954號	24.8034141	120.980288				8			50															3
2012	2	24	20	57	新竹市	新竹市1西大路與南大路口						8			50															3
2012	2	18	18	26	新竹市	新竹市1林森路260號						8			50															3
2012	2	8	7	10	新竹市	新竹市2中華路三段四維橋下			0	2	0	8	1	5	50	3	1	1	5	4	5	7	1	1	10	5	5	2	16	2
2012	2	24	16	20	新竹市	新竹市1民族路2號						8			50															3
2012	2	24	17	47	新竹市	新竹市1慈雲路179號						8			50															3
2012	2	24	20	17	新竹市	新竹市1東光路138巷						8			50															3
2012	2	25	10	47	新竹市	新竹市2西大路780巷			0	1	0	7	1	5	50	3	1	1	4	4	5	7	4	4	10	5	5	2	16	2
2012	2	14	18	37	新竹市	新竹市2國光街141號						8			40															3
2012	2	20	18	48	新竹市	新竹市1建功一路建新路路口	23.907561	106.625776				8			50															3
2012	2	25	8	30	新竹市	新竹市2四維路中山路路口	24.4235318	120.6435228	0	1	0	6	1	5	50	4	18	1	4	4	5	7	2	1	10	5	5	2	3	2
2012	2	25	13	43	新竹市	新竹市2武陵路鐵道路路口停車場	24.8173271	120.9640372				6			40															3
2012	2	25	14	17	新竹市	新竹市3竹市南大路808巷口	24.77205715	120.9525508				8			40															3
2012	2	19	19	1	新竹市	新竹市1明湖路604巷	24.77677305	120.9665263	0	3	0	8	3	5	50	14	9	1	5	4	5	7	4	4	5	5	5	2	3	2
2012	2	25	16	6	新竹市	新竹市2農改路77號前	24.81750115	120.9710579				6			50															3
2012	2	4	2	40	新竹市	新竹市2新竹市2竹文街170號前	24.8310973	121.016442				8			50															3
2012	2	23	17	0	新竹市	新竹市1北大路92巷22弄	24.813322	120.973564	0	1	0	6	1	5	40	3	2	1	4	4	5	7	4	4	10	5	5	2	14	2
2012	2	23	22	10	新竹市	新竹市1光復路一段介壽路路口	24.7818596	121.0211214				8			50															3
2012	2	17	21	16	新竹市	新竹市1關東路66號	24.7834131	121.022672				8			50															3
2012	2	14	16	10	新竹市	新竹市1中央路東大路口						8			50															3
2012	2	25	19	8	新竹市	新竹市2武陵路73巷17號			0	1	0	6	3	5	50	14	9	4	4	4	5	7	4	4	10	5	5	2	17	2
2012	2	13	6	25	新竹市	新竹市1林森路武昌街口			0	2	0	8	2	5	50	4	1	1	5	4	5	7	3	1	10	5	5	2	16	2
2012	2	25	20	30	新竹市	新竹市1建新路27號	24.798633	120.997243				6			50															3
2012	2	19	5	45	新竹市	新竹市2北大路374號	24.805355	120.960843				6			50															3
2012	2	17	10	47	新竹市	新竹市1慈雲路270號	24.79311235	121.0115108				8			50															3