年	月	日	時	分	縣市	allLocation	GoogleLat	GoogleLng	死	受傷	2-30	天候	光線	道路類別	速限	道路型態	事故位置	路面鋪裝	路面狀態	路面缺陷	障礙物	視距	號誌種類	號誌動作	分向設施	快車道或一般車道間	快慢車道間	路面邊線	事故類型及型態	事故類別
2012	2	24	17	20	新竹市	新竹市1中正路30號	24.803404	120.9713779				8			50															3
2012	2	17	18	5	新竹市	新竹市2東大路三段機場轉彎處	24.8256414	120.9566902	0	1	0	6	3	5	50	14	9	1	4	4	5	7	4	4	5	5	5	1	12	2
2012	2	14	20	20	新竹市	新竹市1寶山路452巷口弄	24.73173365	121.0352853				8			50															3
2012	2	15	9	35	新竹市	新竹市1光復路二段938-1號	24.803257	120.980842	0	1	0	8	1	5	40	3	1	1	5	4	5	7	4	4	1	4	5	2	16	2
2012	2	15	7	10	新竹市	新竹市1慈雲路經國橋	24.7986567	121.0134011				6			50															3
2012	2	18	12	45	新竹市	新竹市1光復路二段東園街口	24.8147535	121.0282891				8			50															3
2012	2	26	4	14	新竹市	新竹市2北新路17號	24.805904	120.956835				6			50															3
2012	2	25	14	30	新竹市	新竹市1公園路與東大路口	24.80139	120.9770515	0	1	0	6	1	5	50	3	1	1	4	4	5	7	2	1	10	5	5	2	16	2
2012	2	25	20	25	新竹市	新竹市3瑞光街與遊樂街口			0	2	0	6	3	5	50	4	1	1	4	4	5	7	3	1	10	5	5	2	16	2
2012	2	18	13	30	新竹市	新竹市1民權路24巷						8			50															3
2012	2	25	15	36	新竹市	新竹市1中華路SOGO停車場入口處						6			50															3
2012	2	25	17	51	新竹市	新竹市2和福街100號						8			40															3
2012	2	18	18	28	新竹市	新竹市1關東路222巷			0	3	0	6	3	5	50	3	1	1	4	4	5	7	4	4	10	5	5	2	9	2
2012	2	25	17	18	新竹市	新竹市2竹市北大路北門街口						8			50															3
2012	2	19	12	35	新竹市	新竹市1南大路551號						8			50															3
2012	2	26	10	30	新竹市	新竹市1林森路29號						6			50															3
2012	2	19	14	30	新竹市	新竹市3牛埔路170號						8			50															3
2012	2	24	21	56	新竹市	新竹市1公道五路P18號北上交流道入口前			0	1	0	8	3	5	50	4	1	1	5	4	5	7	1	1	10	5	5	2	18	2
2012	2	25	6	18	新竹市	新竹市1東西向快速道路往南寮方向近中華路						6			90															3
2012	2	26	13	30	新竹市	新竹市1忠孝路第98號停車格內									50															3
2012	2	26	14	55	新竹市	新竹市1東門街東前街口						6			40															3
2012	2	26	11	0	新竹市	新竹市1寶山路180號						6			50															3
2012	2	11	20	15	新竹市	新竹市1公道五路二段北上交流匝道口	29.857088	121.5551922				8			50															3
2012	2	18	6	42	新竹市	新竹市2經國路二段水田街路口	24.812933	120.9658931				8			50															3
2012	2	18	17	40	新竹市	新竹市1中華路一段太原路口	29.830744	106.442542				8			50															3
2012	2	17	8	3	新竹市	新竹市1光復路一段459巷口弄	24.8185572	120.9951081	0	1	0	8	1	5	50	4	18	1	5	4	5	7	2	1	10	5	5	2	2	2
2012	2	17	10	30	新竹市	新竹市2和平路64號	24.808338	120.955793				8			50															3
2012	2	18	9	39	新竹市	新竹市1東勢街5號	24.8053603	120.9942696				8			50															3
2012	2	19	21	14	新竹市	新竹市2中華路三段國泰醫院前	24.7971868	120.9635806	0	1	0	8	3	5	50	14	9	1	5	4	5	7	4	4	10	5	5	2	16	2
2012	2	20	13	17	新竹市	新竹市1經國路一段252號	24.815259	120.985625				8			50															3
2012	2	20	16	50	新竹市	新竹市1光復路二段189號	24.799303	120.991878	0	1	0	8	1	5	50	14	9	1	5	4	5	7	4	4	1	4	5	2	18	2
2012	2	19	18	50	新竹市	新竹市3牛埔路牛埔東路口						8			50															3
2012	2	25	15	34	新竹市	新竹市1經國路與民權路口						8			50															3
2012	2	20	6	25	新竹市	新竹市1南大路東南街口						8			50															3
2012	2	20	18	30	新竹市	新竹市1慈雲路公道五路路口						8			50															3
2012	2	21	20	25	新竹市	新竹市3中華路五段富禮街口			0	2	0	8	3	5	50	3	2	1	5	4	5	7	3	1	1	4	4	2	2	2
2012	2	21	15	35	新竹市	新竹市2延平路一段317巷3弄80號						8			40															3
2012	2	18	9	30	新竹市	新竹市1東南街167巷33號						8			40															3
2012	2	22	13	0	新竹市	新竹市1東南街建華街口						8			50															3
2012	2	22	10	30	新竹市	新竹市1經國路二段果菜市場前						8			50															3
2012	2	22	7	50	新竹市	新竹市3西濱快速道路海山港路口			0	1	0	4	1	5	50	4	1	1	5	4	5	7	1	1	10	5	5	2	16	2
2012	2	27	1	28	新竹市	新竹市1經國路東大路路口						6			50															3
2012	2	8	18	34	新竹市	新竹市2中山路402號			0	1	0	6	1	5	50	14	9	1	4	4	5	7	4	4	5	5	5	1	16	2
2012	2	26	19	3	新竹市	新竹市1西大路與西門街口						8			50															3
2012	2	26	22	35	新竹市	新竹市1西大路大遠百貨公司前						8			50															3
2012	2	7	19	49	新竹市	新竹市1埔頂路311-1號			0	1	0	8	1	5	50	3	1	1	5	4	5	7	4	4	10	5	5	2	16	2
2012	2	14	8	12	新竹市	新竹市1光復路一段118號						8			50															3
2012	2	13	18	13	新竹市	新竹市2中華路一段2巷129號						8			50															3
2012	2	20	19	21	新竹市	新竹市3中華路五段208巷						8			50															3
2012	2	14	10	3	新竹市	新竹市1東大路南大路路口						8			50															3
2012	2	22	11	33	新竹市	新竹市2竹光路國光街口						8			50															3
2012	2	13	13	11	新竹市	新竹市1體育路公園路	24.8029524	120.9795543	0	1	0	8	1	5	50	3	1	1	5	4	5	7	4	4	10	5	5	2	16	2
2012	2	25	19	30	新竹市	新竹市1明湖路213巷4號	24.791429	120.968817				6			40															3
2012	2	25	17	45	新竹市	新竹市3長興街209巷口弄	24.75131335	120.9069154	0	1	0	7	3	5	50	3	1	1	5	4	5	7	4	4	10	5	5	2	3	2
2012	2	25	22	48	新竹市	新竹市1光復路二段南大路口	24.8031779	120.980421				8			50															3
2012	2	26	19	35	新竹市	新竹市1中央路189號	24.8086514	120.9735688				8			50															3
2012	2	27	10	15	新竹市	新竹市1竹市中華路一段經國路口	24.7964808	120.9524293				8			50															3
2012	2	24	17	43	新竹市	新竹市3牛埔北路竹香南路	24.800688	120.9409727	0	2	0	7	3	5	50	4	1	1	5	4	5	7	3	1	10	5	5	1	16	2
2012	2	27	12	29	新竹市	新竹市1民權路24巷15號	24.8066764	120.9774607	0	1	0	8	1	5	50	14	9	1	5	4	5	7	4	4	10	5	5	2	17	2
2012	2	21	5	17	新竹市	新竹市2經國路二段北新路路口	24.8034591	120.9550289	0	2	0	8	3	5	50	3	1	1	5	4	5	7	1	1	10	5	5	1	16	2
2012	2	27	9	55	新竹市	新竹市2東大路二段演藝廳停車場出入口	24.8256414	120.9566902	0	1	0	7	1	5	40	14	8	1	4	4	5	7	4	4	1	4	1	2	16	2
2012	2	27	15	41	新竹市	新竹市1西大路320號	24.80083835	120.9665193				8			50															3
2012	2	27	16	20	新竹市	新竹市1火車站內	24.8356092	120.9235789				8			50															3
2012	2	27	15	1	新竹市	新竹市1西大路369號	24.8027121	120.964918				6			50															3
2012	2	27	14	57	新竹市	新竹市2南寮直銷中心前	24.849766	120.9270231				6			40															3
2012	2	27	18	40	新竹市	新竹市2仁德街17號	24.8059311	120.964229				8			40															3
2012	2	27	18	11	新竹市	新竹市1中華路二段民權路路口	24.8055397	120.9770756	0	3	0	8	3	5	50	4	2	1	5	4	5	7	2	1	10	4	5	2	13	2
2012	2	27	19	43	新竹市	新竹市2少年街17號	24.805872	120.960605	0	1	0	7	3	5	50	4	2	1	5	4	5	7	4	4	10	5	5	2	16	2
2012	2	28	0	35	新竹市	新竹市1西大路318號	24.800866	120.96669	0	2	0	7	3	5	50	14	9	1	5	4	5	7	4	4	5	4	5	1	16	2
2012	2	16	17	38	新竹市	新竹市1自由路107號	24.81238965	120.9813895				8			50															3
2012	2	16	19	30	新竹市	新竹市1光復路一段大學路路口	24.78906635	121.0046317				8			50															3
2012	2	17	12	40	新竹市	新竹市1埔頂路99巷	24.7956041	121.005228				8			50															3
2012	2	17	14	50	新竹市	新竹市1高峰路156號	24.78922	120.974797				8			50															3
2012	2	21	11	40	新竹市	新竹市2西大路702號	24.8090471	120.96045				8			50															3
2012	2	21	13	20	新竹市	新竹市2中山路大同路路口	24.34623015	120.6264257	0	1	0	8	1	5	50	4	1	1	5	4	5	7	3	1	10	5	5	2	15	2
2012	2	21	17	45	新竹市	新竹市2經國路一段15號	24.815387	120.992358				8			50															3
2012	2	27	14	43	新竹市	新竹市2少年街經國路路口	24.8070724	120.9570239				8			50															3
2012	2	28	4	53	新竹市	新竹市1學府路124號	24.7966551	120.984278	0	0	0	6	1	5	50	14	9	1	4	4	5	7	4	4	10	5	5	1	17	3
2012	2	27	18	30	新竹市	新竹市1民權路29號	24.80603045	120.9766782	0	2	0	7	3	5	50	3	1	1	5	4	5	7	4	4	10	5	5	2	16	2
2012	2	28	9	23	新竹市	新竹市2西大路竹光路路口						6			50															3
2012	2	25	8	40	新竹市	新竹市3內湖路38號						6			50															3
2012	2	28	1	52	新竹市	新竹市1東門街51號			1	0	0	6	3	5	50	14	9	1	4	4	5	7	4	4	5	4	5	2	16	1
2012	2	28	9	42	新竹市	新竹市1食品路305號			0	1	0	6	1	5	50	14	9	1	4	4	5	7	4	4	5	4	5	1	13	2
2012	2	28	11	4	新竹市	新竹市2中山路40巷						6			50															3
2012	2	28	12	5	新竹市	新竹市2城北街165號						6			40															3
2012	2	26	3	2	新竹市	新竹市3大庄路大庄國小						6			50															3
2012	2	27	16	5	新竹市	新竹市1南門街中華路路口			0	1	0	7	1	5	50	3	1	1	5	4	5	7	4	4	10	5	5	2	18	2
2012	2	11	10	35	新竹市	新竹市1中華路一段284巷						8			50															3
2012	2	21	13	6	新竹市	新竹市1光復路二段科學園區大門						8			50															3
2012	2	27	4	45	新竹市	新竹市2經國路二段494號						6			50															3
2012	2	27	17	48	新竹市	新竹市2武陵路267號						6			50															3
2012	2	27	15	39	新竹市	新竹市1民族路中華路路口																								3
2012	2	24	7	38	新竹市	新竹市2光華東街39號						6			50															3
2012	2	28	14	9	新竹市	新竹市1公道五路二段水源街路口						6			50															3
2012	2	27	18	34	新竹市	新竹市1光復路一段埔頂所對面									50															3
2012	2	27	20	40	新竹市	新竹市1公道五路愛買前	24.8150922	120.9852896				8			50															3
2012	2	28	14	50	新竹市	新竹市3牛埔路牛埔東路路口	24.799689	120.9515893	0	1	0	6	1	5	50	3	2	1	4	4	5	7	1	1	10	5	5	2	17	2
2012	2	28	10	30	新竹市	新竹市1東門街194號	24.804682	120.966796				6			50															3
2012	2	28	13	48	新竹市	新竹市1金山19街金山街路口	36.667672	119.159806				6			50															3
2012	2	28	8	0	新竹市	新竹市2經國路東大路路口	24.8137323	120.9674304				6			50															3
2012	2	28	11	10	新竹市	新竹市1經國路田美三街路口	24.8145218	120.9769905	0	1	0	6	1	5	50	4	18	1	4	4	5	7	2	1	10	5	5	2	3	2
2012	2	28	18	35	新竹市	新竹市2中正路485巷4號	24.81576	120.9581				6			40															3
2012	2	27	0	45	新竹市	新竹市2光華二街80巷20號	24.81938	120.978735				8			40															3
2012	2	27	19	55	新竹市	新竹市1西大路51巷口弄	24.80149085	121.1709575				8			50															3
2012	2	28	17	35	新竹市	新竹市2西大路888號	24.81244	120.954717				8			50															3
2012	2	28	5	50	新竹市	新竹市2東大路與吉羊路口	24.8256414	120.9566902	0	1	0	6	3	5	50	3	1	1	4	4	5	7	1	1	10	5	5	2	16	2
2012	2	28	19	10	新竹市	新竹市1食品路1號	24.8019621	120.983299				6			50															3
2012	2	28	18	53	新竹市	新竹市1中華路二段信義街路口	24.8009351	120.9698904				6			50															3
2012	2	28	16	13	新竹市	新竹市1中華路火車站廣場內						8			40															3
2012	2	23	15	38	新竹市	新竹市3元培街234號						6			50															3
2012	2	23	16	15	新竹市	新竹市1光復路二段200號						6			50															3
2012	2	27	16	57	新竹市	新竹市3元培街365-1號			0	2	0	7	1	5	50	14	9	1	4	4	5	7	4	4	4	5	5	2	16	2
2012	2	28	22	38	新竹市	新竹市3元培街198之2號			0	2	0	7	3	5	40	14	9	1	4	4	5	7	4	4	5	5	5	1	16	2
2012	2	22	15	56	新竹市	新竹市1明湖路121號						8			50															3
2012	2	22	5	42	新竹市	新竹市2和福街集合街路口						6			50															3
2012	2	23	8	39	新竹市	新竹市1關東路23巷關東路路口						8			50															3
2012	2	28	19	10	新竹市	新竹市2中山路長安街路口						6			50															3
2012	2	29	8	40	新竹市	新竹市2中華路三段67號			0	1	0	7	1	5	50	14	9	1	5	4	5	7	4	4	9	5	5	2	16	2
2012	2	29	9	8	新竹市	新竹市2			0	1	0	8	1	2	90	14	9	1	4	4	5	7	4	4	1	4	5	1	10	2
2012	2	29	8	32	新竹市	新竹市2中華路三段育英路口			0	1	0	8	1	5	50	5	1	1	5	4	5	7	2	1	10	5	5	2	16	2
2012	2	29	11	41	新竹市	新竹市2民富街北門街路口			0	1	0	8	1	5	50	4	1	1	5	4	5	7	3	1	5	5	5	2	16	2
2012	2	29	8	50	新竹市	新竹市1光復路一段576巷						8			50															3
2012	2	29	6	52	新竹市	新竹市1建功一路忠孝路路口			0	1	0	8	1	5	50	4	2	1	5	4	5	6	2	1	10	5	5	2	16	2
2012	2	29	12	8	新竹市	新竹市3中華路五段富禮街路口						8			50															3
2012	2	29	15	30	新竹市	新竹市2北大路西門國小前			0	1	0	8	1	5	50	14	13	1	5	4	5	7	4	4	10	5	5	2	14	2
2012	2	22	9	25	新竹市	新竹市2西濱快速道路天府路路口						8			50															3
2012	2	22	8	0	新竹市	新竹市2西濱快速道路						8			50															3
2012	2	22	10	6	新竹市	新竹市3中華路三段經國路路口						8			50															3
2012	2	29	16	50	新竹市	新竹市2西門街興南街路口						8			50															3
2012	2	29	18	30	新竹市	新竹市1大學路光復路路口						8			50															3
2012	2	29	19	30	新竹市	新竹市1民生路222巷	24.8132194	120.9777493				8			50															3
2012	2	26	10	5	新竹市	新竹市1建美路69號	24.80172645	120.9978075				6			50															3
2012	2	26	12	57	新竹市	新竹市2西濱路一段480號	24.8416315	120.9336119				6			50															3
2012	2	27	19	15	新竹市	新竹市2西大路754號	24.8102001	120.958683				8			50															3
2012	2	27	22	0	新竹市	新竹市1光復路忠孝路路口	24.8036849	120.9917121				8			50															3
2012	2	29	14	15	新竹市	新竹市3元培街211-6號	24.7824531	120.933262	0	2	0	8	1	5	50	14	9	1	5	4	5	7	4	4	5	5	5	2	10	2
2012	2	29	20	44	新竹市	新竹市1中華路民生路路口	24.84574635	121.2236621	0	2	0	8	3	5	50	3	1	1	5	4	5	7	2	1	10	5	5	2	18	2
2012	2	28	19	5	新竹市	新竹市1慈雲路313號	24.79311235	121.0115108				6			50															3
2012	2	28	17	11	新竹市	新竹市2中央路4號	24.803891	120.966886				8			50															3
2012	2	29	19	18	新竹市	新竹市2集賢街62號	24.803349	120.962528				8			50															3
2012	2	28	23	30	新竹市	新竹市1中華路二段東大路路口	24.8042903	120.9752282	0	1	0	7	3	5	50	5	1	1	5	4	5	7	1	1	10	5	5	2	16	2
2012	2	25	21	15	新竹市	新竹市2經國路二段中正路路口	24.8142165	120.9640903				6			50															3
2012	2	27	13	30	新竹市	新竹市3中華路四段411巷	24.7920811	120.941822				8			50															3
2012	2	29	18	26	新竹市	新竹市1自由路(三民國小側門)巷口			0	1	0	8	3	5	50	3	1	1	5	4	5	7	4	4	10	4	5	2	16	2
2012	2	27	9	59	新竹市	新竹市2北大路中正路路口			0	1	0	8	1	5	50	4	1	1	5	4	5	6	2	1	10	5	5	2	10	2
2012	2	27	16	14	新竹市	新竹市2湳雅街大潤發前						8			50															3
2012	2	18	11	6	新竹市	新竹市1光復路一段459巷43號						8			40															3
2012	2	18	13	4	新竹市	新竹市1北大路97號						8			50															3
2012	2	11	21	17	新竹市	新竹市1中華路一段4號						8			50															3
2012	2	23	19	20	新竹市	新竹市1東南街85號						8			50															3
2012	2	12	15	8	新竹市	新竹市1中央路府後街路口			0	1	0	8	1	5	50	4	1	1	5	4	5	6	4	4	10	5	5	2	13	2
2012	2	18	10	50	新竹市	新竹市2愛文街122號						8			50															3
2012	2	24	12	49	新竹市	新竹市1文昌街111號						8			40															3
2012	2	22	11	20	新竹市	新竹市1竹蓮街8巷						8			50															3
2012	2	29	7	49	新竹市	新竹市2西大路703號						8			50															3
2012	2	24	21	32	新竹市	新竹市2中山路警光路路口			0	2	0	8	3	5	50	4	1	1	5	4	5	7	1	1	10	5	5	2	16	2
2012	2	25	0	27	新竹市	新竹市3元培街近地下道口			0	1	0	8	3	5	50	14	9	1	5	4	5	7	4	4	5	5	5	1	12	2
2012	2	25	4	50	新竹市	新竹市1南大路672巷			0	1	0	6	3	5	40	11	9	1	4	4	5	1	4	4	5	5	5	1	13	2
2012	2	25	15	0	新竹市	新竹市2湳雅街大潤發地下室出口						6			50															3
2012	2	29	18	13	新竹市	新竹市3五福路二段698號			0	1	0	8	3	3	50	14	9	1	5	4	5	7	4	4	5	2	5	1	12	2
2012	2	25	16	50	新竹市	新竹市1南大路489號						8			50															3
2012	2	18	14	5	新竹市	新竹市1經國橋上往園區方向						8			50															3
2012	2	19	13	30	新竹市	新竹市1公道五路二段130巷口弄						8			50															3
2012	2	29	12	50	新竹市	新竹市1經國路二段自由路口						8			50															3
2012	2	29	14	38	新竹市	新竹市1光復路一段科園路口						8			40															3
2012	2	29	16	15	新竹市	新竹市2西門街22號						8			50															3
2012	2	24	10	41	新竹市	新竹市1自由路三民國小前						6			50															3
2012	2	24	9	10	新竹市	新竹市1公道五路二段326號						6			50															3
2012	2	19	18	20	新竹市	新竹市1光復路二段902巷口弄						8			40															3
2012	2	19	18	50	新竹市	新竹市1高翠路173巷口弄			0	2	0	8	3	5	50	4	1	1	5	4	5	7	4	4	10	5	5	2	16	2
2012	2	24	18	10	新竹市	新竹市1中央路文化街路口						8			50															3
2012	2	23	8	40	新竹市	新竹市2經國路二段11號						8			50															3
2012	2	25	21	19	新竹市	新竹市1中央路331巷50弄3號						6			40															3
2012	2	25	6	10	新竹市	新竹市1仁愛街68巷3號						6			40															3
2012	2	29	8	23	新竹市	新竹市1林森路信義街口						8			50															3
2012	2	24	17	49	新竹市	新竹市1南大路599號						8			50															3
2012	2	29	9	10	新竹市	新竹市1南大路223號			0	2	0	8	1	5	50	14	9	1	5	4	5	7	4	4	9	5	5	2	17	2
2012	2	25	22	43	新竹市	新竹市2西大路412號						6			50															3
2012	2	25	19	10	新竹市	新竹市3西濱快速道路海山漁港前						6			50															3
2012	2	27	17	3	新竹市	新竹市1金山街金山10街路口						8			50															3
2012	2	27	15	20	新竹市	新竹市1金山街介壽路路口						6			50															3
2012	2	29	10	45	新竹市	新竹市3牛埔南路香北路路口						8			50															3
2012	2	29	18	19	新竹市	新竹市3竹香北路浸水北街路口						8			50															3
2012	2	10	17	51	新竹市	新竹市1明湖路160號			0	1	0	6	3	5	40	14	9	1	4	4	5	7	4	4	9	5	5	1	13	2
2012	2	29	15	39	新竹市	新竹市1光復路二段32號	24.791532	121.004107				8			50															3
2012	2	29	17	12	新竹市	新竹市1光復路二段地下道	24.7932831	121.001211	0	1	0	8	2	5	50	7	9	1	5	4	5	7	4	4	7	2	5	2	12	2
2012	2	26	23	11	新竹市	新竹市2東門街6號	24.804283	120.974684	0	1	0	8	1	5	50	4	1	1	5	4	5	7	1	1	10	5	5	2	16	2
2012	2	13	8	55	新竹市	新竹市1博愛街學府路路口	24.7975087	120.9855883	0	2	0	8	1	5	50	14	9	1	5	4	5	6	4	4	5	5	5	1	16	2
2012	2	27	21	2	新竹市	新竹市2竹光路367號	24.80947035	120.9552676				8			50															3
2012	2	29	7	13	新竹市	新竹市1中華路四段經國路路口	24.7964808	120.9524293	0	1	0	8	1	5	50	3	2	1	5	4	5	7	1	1	10	5	5	2	16	2
2012	2	29	22	22	新竹市	新竹市1光復路一段關東路路口	24.7815604	121.0225342				8			50															3
2012	2	2	19	15	新竹市	新竹市1建功路51巷	24.7967817	120.9997716				8			50															3
2012	2	29	14	18	新竹市	新竹市1中華路一段284巷			0	1	0	8	1	5	50	4	1	1	5	4	5	7	1	1	10	5	5	2	16	2
2012	2	29	10	27	新竹市	新竹市2經國路二段27巷8號			0	1	0	8	1	5	50	4	1	1	5	4	5	7	4	4	10	5	5	2	15	2
2012	2	24	19	20	新竹市	新竹市1光復路二段大學路路口						8			50															3
2012	2	10	18	22	新竹市	新竹市2中正路249號前			0	2	0	6	3	5	50	3	1	1	4	4	5	7	4	4	10	5	5	2	3	2
2012	2	25	2	12	新竹市	新竹市1民族路33之33號前						6			50															3
2012	2	13	0	46	新竹市	新竹市1中華路二段649號						6			50															3
2012	2	26	23	5	新竹市	新竹市1光復路一段578號	24.7900761	121.006264	0	0	0	8	3	5	50	4	1	1	5	4	5	7	4	4	1	4	5	2	16	3
2012	2	14	2	25	新竹市	新竹市3牛埔路中山路口	27.038013	118.334361	0	2	0	7	3	5	50	5	1	1	5	4	5	7	3	1	10	5	5	2	16	2
2012	2	28	12	56	新竹市	新竹市1埔頂路148號	24.794147	121.010303				6			50															3
2012	2	26	13	0	新竹市	新竹市1經國路一段409巷	24.8142981	120.977721	0	2	0	8	1	5	50	14	9	1	5	4	5	7	4	4	10	4	5	1	12	2
2012	2	29	8	0	新竹市	新竹市1公園路體育街路口	24.8029524	120.9795543	0	1	0	8	1	5	50	3	1	1	5	4	5	7	4	4	10	5	5	2	16	2
2012	2	28	14	13	新竹市	新竹市2崧嶺路181號	24.7916481	120.95441				8			50															3
2012	2	25	19	32	新竹市	新竹市3中華路五段478號	24.77526785	120.9180607	0	2	0	6	3	5	60	14	8	1	4	4	5	7	4	4	1	4	4	2	16	2
2012	2	29	7	56	新竹市	新竹市3竹香北路浸水街路口	24.8037208	120.9254023	0	1	0	8	1	5	50	11	9	1	5	4	5	1	4	4	9	5	5	1	11	2
2012	2	12	18	42	新竹市	新竹市1東門圓環(信義街前)	24.8039599	120.9707306				8			50															3
2012	2	2	8	47	新竹市	新竹市1中華路育英路路口	39.6423599	116.654115				8			40															3
2012	2	29	2	9	新竹市	新竹市1中華路一段78巷	24.8176705	120.9933049	0	1	0	7	3	5	50	14	8	1	5	4	5	7	4	4	1	4	4	1	26	2
2012	3	1	7	7	新竹市	新竹市2國華街74號	24.8171611	120.970202				8			50															3
2012	3	1	9	8	新竹市	新竹市2竹市南寮街海景餐廳	24.849766	120.9270231				8			50															3
2012	3	1	11	38	新竹市	新竹市2竹市光華二街光華北街	24.8179101	120.9746821				8			50															3
2012	3	1	14	17	新竹市	新竹市2經國路二段中正路路口	24.8142165	120.9640903				8			50															3
2012	3	1	6	40	新竹市	新竹市1公道五路三段188號	24.81462735	120.9857367	0	1	0	8	1	5	50	3	1	1	5	4	5	7	1	1	10	5	5	2	16	2
2012	3	1	15	50	新竹市	新竹市1中華路二段35號			0	1	0	8	1	5	50	15	9	1	5	4	5	7	4	4	10	5	5	2	16	2
2012	3	1	16	25	新竹市	新竹市3中華路五段香山陸橋上			0	1	0	8	1	5	50	8	9	1	5	4	5	7	4	4	2	4	5	2	12	2
2012	3	1	15	10	新竹市	新竹市1東美路143號旁巷口						8			50															3
2012	3	1	18	25	新竹市	新竹市1中華路一段頭前溪橋						8			50															3
2012	3	1	19	5	新竹市	新竹市1中華路一段60號						8			50															3
2012	3	1	18	39	新竹市	新竹市2			0	3	0	8	3	2	90	14	7	1	5	4	5	7	4	4	1	4	5	1	13	2
2012	3	1	6	1	新竹市	新竹市2西大路經國路路口	24.81522855	120.9882336				8			50															3
2012	3	1	21	1	新竹市	新竹市1大學路光復路路口	24.7910677	121.0049133	0	2	0	8	3	5	50	5	1	1	5	4	5	7	1	1	10	5	5	2	13	2
2012	3	1	22	40	新竹市	新竹市2景觀大道.香檳街	24.782637	120.9546454	0	2	0	8	3	5	50	3	1	1	5	4	5	7	3	1	10	5	5	2	16	2
2012	3	2	0	13	新竹市	新竹市1公道五路二段426號前	24.80295845	120.9981187	0	1	0	8	3	5	50	3	1	1	5	4	5	7	1	1	1	4	1	2	16	2
2012	3	2	7	52	新竹市	新竹市1光復路一段536號	24.7924614	121.0067013				8			50															3
2012	3	2	7	30	新竹市	新竹市3景觀大道客雅大道口	31.3512963	120.9811634				8			70															3
2012	3	2	8	41	新竹市	新竹市1西大路151號	24.796942	120.969321	0	2	0	7	1	5	50	14	9	1	5	4	5	7	4	4	5	4	5	2	13	2
2012	3	2	9	0	新竹市	新竹市1寶山路356號	23.7906725	121.0173356	0	2	0	8	1	5	50	14	9	1	5	4	5	7	4	4	1	4	5	1	12	2
2012	3	2	7	5	新竹市	新竹市2經國路延平路路口	24.8047718	120.9556443				8			50															3
2012	3	2	16	40	新竹市	新竹市1食品路體育路路口	24.8018053	120.9829618	0	1	0	8	1	5	50	3	2	1	5	4	5	7	4	4	10	5	5	1	12	2
2012	3	2	15	12	新竹市	新竹市1埔頂一路460號	24.791954	121.0150914				8			50															3
2012	3	2	17	17	新竹市	新竹市1田美一街光華南街	24.814775	120.9756118				8			50															3
2012	3	2	17	36	新竹市	新竹市1體育街公園路路口	24.8029524	120.9795543	0	2	0	8	1	5	50	3	1	1	5	4	5	7	4	4	10	5	5	2	16	2
2012	3	2	18	41	新竹市	新竹市1光復路一段89巷	24.7813346	121.0239894				8			50															3
2012	3	1	16	50	新竹市	新竹市1民生路239巷	24.81228045	120.9754056	0	2	0	8	1	5	50	3	1	1	5	4	5	7	4	4	10	5	5	2	16	2
2012	3	2	3	13	新竹市	新竹市1中正路452巷1號	24.816571	120.958932				8			40															3
2012	3	2	19	15	新竹市	新竹市1自由路經國路路口	24.8147153	120.9796905				8			50															3
2012	3	2	22	59	新竹市	新竹市1南大路513號	24.794892	120.965672	0	1	0	8	3	5	50	14	9	1	5	4	5	7	4	4	9	5	5	2	17	2
2012	3	3	1	32	新竹市	新竹市1中華路一段經國路路口	24.8161395	120.9934274	0	1	0	8	3	5	50	4	2	1	5	4	5	7	1	1	10	5	5	2	23	2
2012	3	2	18	12	新竹市	新竹市1竹市迎曦飯店RT麵包前	24.843846	120.9391903				8			40															3
2012	3	2	17	30	新竹市	新竹市1金山10街37號	24.7764191	121.0219647				8			50															3
2012	3	3	12	11	新竹市	新竹市2經國路	24.81550455	120.990411				8			50															3
2012	3	3	9	55	新竹市	新竹市3竹香北路	24.8009515	120.9407204				8			40															3
2012	3	3	10	20	新竹市	新竹市3牛埔北路50號	24.7983671	120.941793				8			50															3
2012	3	3	16	45	新竹市	新竹市2民富街178巷23弄	24.80724145	120.9586076				8			40															3
2012	3	3	17	45	新竹市	新竹市1光復路二段金城一路口	24.7932831	121.001211				8			50															3
2012	3	3	18	38	新竹市	新竹市1公道五路二段132號	24.7988845	121.0066488	0	2	0	7	3	5	50	14	9	1	5	4	5	7	4	4	1	4	5	2	13	2
2012	3	3	18	30	新竹市	新竹市2中正路313號	24.8139211	120.962654				8			50															3
2012	3	3	17	20	新竹市	新竹市1慈雲路179號	24.79311235	121.0115108				8			50															3
2012	3	4	14	48	新竹市	新竹市1振興路21號	24.7942391	120.961305				8			50															3
2012	3	4	6	50	新竹市	新竹市1公道五路二段433號	24.80425415	120.9947568	0	1	0	6	1	5	40	14	8	1	4	4	5	7	4	4	1	4	1	2	12	2
2012	3	4	15	25	新竹市	新竹市2湳雅街311巷6號	24.822974	120.976027				8			30															3
2012	3	2	10	5	新竹市	新竹市2東大路三段3號	24.8358851	120.945434				8			50															3