年	月	日	時	分	縣市	allLocation	GoogleLat	GoogleLng	死	受傷	2-30	天候	光線	道路類別	速限	道路型態	事故位置	路面鋪裝	路面狀態	路面缺陷	障礙物	視距	號誌種類	號誌動作	分向設施	快車道或一般車道間	快慢車道間	路面邊線	事故類型及型態	事故類別
2012	3	2	16	41	新竹市	新竹市1頭前溪橋	24.8193477	120.9955776				8			50															3
2012	3	2	16	57	新竹市	新竹市3中華路六段香山交流道口	24.7354474	120.9129485				8			50															3
2012	3	2	16	42	新竹市	新竹市1學府路博愛街路口	24.7975087	120.9855883				8			50															3
2012	3	3	11	25	新竹市	新竹市1光復路與學府路口	24.7873656	121.0096554				8			50															3
2012	3	5	8	22	新竹市	新竹市1公道五路經國路路口	24.8150922	120.9852896				8			50															3
2012	3	5	8	40	新竹市	新竹市2經國路一段442巷鐵道路路口	24.8147874	120.9808653	0	2	0	8	1	5	50	4	1	1	5	4	5	7	2	1	10	5	5	2	16	2
2012	3	5	7	50	新竹市	新竹市2少年街廣州街路口	24.8056732	120.9604536				8			50															3
2012	3	5	6	50	新竹市	新竹市2吉羊路43巷	24.8248173	120.955764	0	1	0	8	1	5	50	3	1	1	5	4	5	7	4	4	5	5	5	1	3	2
2012	3	5	8	25	新竹市	新竹市1食品路326巷	24.79434355	120.9698818	0	2	0	8	1	5	50	3	1	1	5	4	5	7	4	4	10	5	5	2	15	2
2012	3	5	8	50	新竹市	新竹市3牛埔路182巷	24.7996969	120.9515923				8			50															3
2012	3	5	11	5	新竹市	新竹市1中華路二段民生路路口	24.84574635	121.2236621				8			50															3
2012	3	5	11	40	新竹市	新竹市3中華路四段451巷85號	24.78874435	120.9387808	0	1	0	8	1	5	40	14	9	1	5	4	3	7	4	4	10	5	5	2	17	2
2012	3	5	12	55	新竹市	新竹市1光復路一段531巷76號	24.7831335	121.0125024	0	1	0	8	1	5	50	14	9	1	5	4	5	7	4	4	9	5	5	2	16	2
2012	3	5	13	0	新竹市	新竹市1高峰路55巷2號	24.793965	120.972682				8			40															3
2012	3	5	11	3	新竹市	新竹市1光復路二段光復中學前	24.790798	121.0055625				8			50															3
2012	3	5	8	22	新竹市	新竹市1大學路81巷3弄	24.788566	121.002857				8			30															3
2012	3	5	12	15	新竹市	新竹市3浸水街298巷	24.798972	120.929762	0	2	0	8	1	5	40	3	1	1	5	4	5	7	4	4	10	5	5	2	16	2
2012	3	5	13	30	新竹市	新竹市1經國路一段民生路路口之23、24號停車格內	24.8142127	120.9742827				8			50															3
2012	3	5	7	32	新竹市	新竹市2崧嶺路57巷82號	24.79204	120.954198				8			40															3
2012	3	5	8	24	新竹市	新竹市3中華路六段中隘橋南端	24.7354474	120.9129485	0	2	0	8	1	5	50	4	1	1	5	4	5	7	4	4	10	5	5	2	15	2
2012	3	5	8	15	新竹市	新竹市1光復路一段681號	24.78846	121.0079441				8			50															3
2012	3	5	21	28	新竹市	新竹市2經國路二段485號	24.8058041	120.956248				8			50															3
2012	3	5	21	2	新竹市	新竹市1中華路二段東門街路口	24.8040923	120.9749115				8			50															3
2012	3	4	9	40	新竹市	新竹市1東南街219號	24.7958931	120.975637	0	1	0	8	1	5	50	14	9	1	5	4	5	7	4	4	9	5	5	1	12	2
2012	3	5	23	45	新竹市	新竹市2中正路經國路路口	24.8119989	120.9644536	0	2	0	8	3	5	50	4	18	1	5	4	5	7	2	1	10	5	5	2	3	2
2012	3	6	8	8	新竹市	新竹市1東大路一段39巷33號	24.802919	120.975579	0	2	0	8	1	5	50	14	9	1	5	4	5	7	4	4	5	5	5	2	16	2
2012	3	6	10	25	新竹市	新竹市2經國路二段水田街路口	24.812933	120.9658931				8			50															3
2012	3	5	20	45	新竹市	新竹市3中華路四段466號	24.79103715	120.9378794	0	1	0	8	3	5	50	14	8	1	5	4	5	7	4	4	1	4	4	2	17	2
2012	3	6	8	15	新竹市	新竹市1食品路176號	24.7973581	120.976184	0	1	0	8	2	5	50	14	9	1	5	4	5	7	4	4	10	5	5	2	13	2
2012	3	6	10	6	新竹市	新竹市1林森路112號	24.8003363	120.9663021	0	0	0	8	1	5	50	4	1	1	5	4	5	7	4	4	10	5	5	1	16	3
2012	3	6	13	20	新竹市	新竹市1經國路一段243之1號	24.8148	120.984957				8			50															3
2012	3	6	12	50	新竹市	新竹市2東大路二段經國路路口	24.8137323	120.9674304				8			50															3
2012	3	1	17	2	新竹市	新竹市1光復路二段316號	24.7957081	120.998493				8			50															3
2012	3	4	18	5	新竹市	新竹市2新港三路	24.8486199	120.9256805				6			50															3
2012	3	6	21	0	新竹市	新竹市1中山路中華路路口			0	1	0	8	3	5	50	4	9	1	5	4	5	7	1	1	10	5	5	2	16	2
2012	3	2	7	16	新竹市	新竹市3元培街5月26日號旁			0	1	0	8	1	5	50	14	9	1	5	4	5	7	4	4	5	5	5	1	12	2
2012	3	2	10	57	新竹市	新竹市2延平路三段218-1號			0	1	0	8	1	5	50	3	1	1	5	4	5	7	4	4	10	5	5	2	12	2
2012	3	2	12	42	新竹市	新竹市1民生路261-1號						8			50															3
2012	3	6	22	16	新竹市	新竹市2成德路中華路路口121巷口			0	1	0	7	3	5	50	5	1	1	5	4	5	7	4	4	10	5	5	2	16	2
2012	3	7	9	22	新竹市	新竹市1大學路光復路路口						8			50															3
2012	3	7	9	22	新竹市	新竹市1中央路146號			0	2	0	8	1	5	50	15	9	1	5	4	5	7	4	4	5	5	5	2	3	2
2012	3	6	18	13	新竹市	新竹市1中華路一段256號						8			50															3
2012	3	7	13	12	新竹市	新竹市3延平路二段福樹街口	24.8063579	120.9365431				8			50															3
2012	3	7	11	4	新竹市	新竹市1建中路赤土崎一街	24.8007419	120.9936975	0	1	0	8	1	5	50	14	9	1	5	4	5	7	4	4	10	5	5	2	11	2
2012	3	7	14	57	新竹市	新竹市1光復路二段328號	24.7958671	120.998313				8			50															3
2012	3	5	7	30	新竹市	新竹市1寶山路220號	24.792025	120.9756149	0	1	0	8	1	5	50	14	9	1	5	4	5	7	4	4	1	4	5	2	13	2
2012	3	6	17	10	新竹市	新竹市1中華路588號	24.788955	120.929309	0	1	0	8	1	5	50	14	9	1	5	4	5	7	4	4	10	5	5	2	12	2
2012	3	7	20	0	新竹市	新竹市2民富街147.149號	24.80867115	120.9623971	0	1	0	8	3	5	50	14	9	1	5	4	3	7	4	4	9	5	5	2	13	2
2012	3	7	18	50	新竹市	新竹市3牛埔東路景觀大道路口	24.7585468	120.9585146				8			50															3
2012	3	7	19	16	新竹市	新竹市3牛埔東路33巷	24.7976416	120.9515064				8			50															3
2012	3	3	13	55	新竹市	新竹市1忠孝路432號	24.8030181	120.983307																						3
2012	3	7	4	16	新竹市	新竹市1中央路平和街口	23.945582	120.565088				8																		3
2012	3	7	21	55	新竹市	新竹市1高翠路173巷	24.7779893	120.9844965	0	1	0	7	3	5	50	3	1	1	5	4	5	7	4	4	10	5	5	2	12	2
2012	3	7	19	42	新竹市	新竹市1光復路一段659號	24.7924614	121.0067013	0	1	0	8	3	5	50	14	9	1	5	4	5	7	4	4	5	4	5	2	16	2
2012	3	7	22	40	新竹市	新竹市2經國路二段水田街路口	24.812933	120.9658931				8			50															3
2012	3	7	18	20	新竹市	新竹市2中華路振興路	24.8119276	120.9883356	0	1	0	8	3	5	50	5	2	1	5	4	5	7	1	1	5	4	5	2	13	2
2012	3	5	8	15	新竹市	新竹市1光復路一段68號	24.7815031	121.024786				8			50															3
2012	3	5	11	30	新竹市	新竹市2中正路武陵路路口	29.0289146	111.6613067				8			50															3
2012	3	5	13	3	新竹市	新竹市2東大路五段西濱路路口	24.8423748	120.9341485				8			50															3
2012	3	8	7	50	新竹市	新竹市1龍山西路106號前	24.7907615	121.0096933	0	1	0	7	1	5	50	14	9	1	4	4	5	7	4	4	5	4	5	1	16	2
2012	3	8	11	50	新竹市	新竹市2城北街經國路路口	24.811415	120.9635475	0	1	0	8	1	5	50	4	2	1	5	4	5	7	1	1	1	4	5	2	16	2
2012	3	8	14	25	新竹市	新竹市2中正路248號	24.8114941	120.965049	0	2	0	7	1	5	50	3	1	1	5	4	5	7	4	4	10	5	5	2	16	2
2012	3	7	18	44	新竹市	新竹市1大學路999號	24.7897242	120.9991537				8			50															3
2012	3	8	16	51	新竹市	新竹市1建中一路104巷	24.8013506	120.9924711	0	1	0	8	1	5	50	4	1	1	5	4	5	7	1	1	10	5	5	2	16	2
2012	3	8	12	15	新竹市	新竹市3牛埔路247巷	24.799902	120.947199				8			50															3
2012	3	8	9	13	新竹市	新竹市1寶山路452巷9弄12號	24.7834758	120.9906672				8			50															3
2012	3	8	18	40	新竹市	新竹市1慈雲路埔頂一路路口	24.7874802	121.0095148				8			50															3
2012	3	8	15	57	新竹市	新竹市3經國路三段牛埔路路口	24.7991891	120.9533827				8			50															3
2012	3	8	20	16	新竹市	新竹市1食品路540號	24.79482	120.965453				8			50															3
2012	3	8	21	54	新竹市	新竹市3經國路三段牛埔路路口	24.7991891	120.9533827				6			50															3
2012	3	7	16	22	新竹市	新竹市2東大路三段399號	24.8372451	120.942188				8			50															3
2012	3	4	12	51	新竹市	新竹市3牛埔路景觀大道	24.7714132	120.952796				8			50															3
2012	3	8	23	25	新竹市	新竹市2東大路253號	24.8449791	120.928493				6			50															3
2012	3	8	17	15	新竹市	新竹市2光華街95號	24.8191921	120.9794751				8			50															3
2012	3	9	8	25	新竹市	新竹市3中華路五段53號	24.7876921	120.92771				6			50															3
2012	3	9	8	1	新竹市	新竹市1高峰路384號	24.77910945	120.9818145				8			50															3
2012	3	3	22	45	新竹市	新竹市3祥園街頂美街	24.7998712	120.9435361	0	2	0	7	3	5	50	4	1	1	5	4	5	7	3	1	10	5	5	2	16	2
2012	3	9	7	40	新竹市	新竹市1光復路一段572巷	24.7924614	121.0067013				6			50															3
2012	3	9	8	40	新竹市	新竹市1光復路二段大學路路口	24.7910677	121.0049133				8			50															3
2012	3	9	6	50	新竹市	新竹市2成德一街15342號路燈旁	24.78929905	120.9572937	0	2	0	7	1	5	50	12	9	1	4	4	5	7	4	4	5	5	5	2	18	2
2012	3	9	8	11	新竹市	新竹市2光華北街86號	24.816986	120.971096				8			50															3
2012	3	7	16	20	新竹市	新竹市1林森路116號	24.8003411	120.966097				8			50															3
2012	3	8	7	56	新竹市	新竹市3食品路331號	24.7934621	120.97083				6			40															3
2012	3	9	10	20	新竹市	新竹市2湳雅街287號	24.822374	120.975976				8			50															3
2012	3	8	10	38	新竹市	新竹市1火車站前	24.8356092	120.9235789	0	0	0	8	1	5	50	14	9	1	5	4	5	7	4	4	10	4	5	1	12	3
2012	3	8	13	47	新竹市	新竹市2經國路2段190號	24.8106611	120.962036				8			50															3
2012	3	9	7	44	新竹市	新竹市2鐵道路2段110巷	24.8209741	120.973159				6			50															3
2012	3	3	7	40	新竹市	新竹市1中華路一段387號	24.80956585	120.9836403							50															3
2012	3	4	18	37	新竹市	新竹市2西大路415號	24.80386	120.964045				8			50															3
2012	3	5	13	50	新竹市	新竹市1東門街139號	24.803935	120.9677561				8			50															3
2012	3	9	17	41	新竹市	新竹市2明志書院停車場5F-B	24.80160565	120.9657943				8			20															3
2012	3	9	18	12	新竹市	新竹市1公道五路三段201-1號	24.8198145	120.982437				8			50															3
2012	3	9	19	0	新竹市	新竹市1寶山路277號	24.78884125	120.9799834				8			50															3
2012	3	9	19	26	新竹市	新竹市3香村路300巷	24.7754266	120.9318316				6			50															3
2012	3	4	10	42	新竹市	新竹市2中山路大同路路口	24.34623015	120.6264257	0	1	0	8	1	5	50	4	1	1	5	4	5	7	3	1	10	5	5	2	15	2
2012	3	4	14	15	新竹市	新竹市1中山路大同路路口	24.34623015	120.6264257	0	1	0	8	1	5	50	3	1	1	5	4	5	7	4	4	10	5	5	2	16	2
2012	3	4	19	30	新竹市	新竹市3元培街元培科技大學門口	24.7883507	120.9286567	0	2	0	8	1	5	50	3	4	1	5	4	5	7	1	1	10	5	5	2	16	2
2012	3	7	13	34	新竹市	新竹市3牛埔南路埔前路	24.7938784	120.9325555	0	1	0	7	1	5	50	4	2	1	5	4	5	7	3	1	10	1	5	2	29	2
2012	3	10	10	29	新竹市	新竹市1竹蓮街124號	24.79925245	120.969281	0	0	0	8	1	5	40	14	9	1	5	4	5	7	4	4	5	5	5	1	13	3
2012	3	10	11	38	新竹市	新竹市1關新西街51號	24.78811585	121.0193018				8			40															3
2012	3	9	17	9	新竹市	新竹市1食品路綠水路路口	24.8010377	120.9826702	0	2	0	8	1	5	50	3	1	1	5	4	5	7	1	1	10	5	5	2	17	2
2012	3	9	16	10	新竹市	新竹市3牛埔東路286號	24.7964959	120.9448446				8			50															3
2012	3	10	8	22	新竹市	新竹市1經國路公道五路路口	24.819359	120.9825494				6			50															3
2012	3	10	11	25	新竹市	新竹市1埔頂路慈濟路路口	24.7919685	121.0148844																						3
2012	3	8	18	55	新竹市	新竹市2竹光路和平路路口	29.55427525	106.56844	0	1	0	6	3	5	50	4	1	1	4	4	5	7	2	1	10	5	5	2	16	2
2012	3	10	20	31	新竹市	新竹市3中華路四段136號	24.796262	120.950847	0	2	0	7	3	5	50	14	9	1	5	4	5	7	4	4	1	4	5	2	13	2
2012	3	5	11	20	新竹市	新竹市1明湖路648巷口弄	24.7729067	120.9770276				8			50															3
2012	3	5	8	0	新竹市	新竹市3中華路六段337巷	24.7398079	120.9099832				8			40															3
2012	3	5	12	50	新竹市	新竹市1關東路9巷15號	24.781939	121.022181				8			40															3
2012	3	4	11	0	新竹市	新竹市1東大路一段153號	24.808605	120.971289	0	1	0	8	1	5	50	15	9	1	5	4	5	7	4	4	1	5	5	2	16	2
2012	3	9	8	3	新竹市	新竹市1中正路中央路口	24.8496639	121.2292443				8			50															3
2012	3	9	10	5	新竹市	新竹市1中華路二段東大路口	24.8042903	120.9752282	0	1	0	8	1	5	50	5	2	1	5	4	5	7	1	1	5	4	5	2	13	2
2012	3	9	11	55	新竹市	新竹市3五福路二段香山轉運站	24.7571705	120.9484903				8			40															3
2012	3	9	16	45	新竹市	新竹市1中央路331巷50弄1號	24.81233	120.9779588	0	1	0	7	1	5	40	4	1	1	5	4	5	3	4	4	10	5	5	2	15	2
2012	3	9	18	30	新竹市	新竹市2	24.81488335	120.9394568				8			90															3
2012	3	10	19	0	新竹市	新竹市1建功一路水源街口	24.8115407	121.0257822				8			50															3
2012	3	8	12	33	新竹市	新竹市2中華路三段12號	24.79678815	120.960701				6			50															3
2012	3	7	15	31	新竹市	新竹市3中華路六段420號	24.7352141	120.912413	0	1	0	7	1	5	70	3	2	1	5	4	5	7	4	4	10	5	5	2	15	2
2012	3	9	11	30	新竹市	新竹市1中央路錦華街路口	24.8084612	120.9732763	0	1	0	7	1	5	50	4	1	1	4	4	5	7	4	4	10	5	5	2	16	2
2012	3	9	12	46	新竹市	新竹市1林森路203號	24.798646	120.964064	0	1	0	8	1	5	50	4	1	1	5	4	5	7	4	4	10	5	5	2	11	2
2012	3	9	14	56	新竹市	新竹市1光復路一段慈雲路路口	24.7874802	121.0095148				8			50															3
2012	3	10	11	10	新竹市	新竹市2中華路三段121巷	24.7965491	120.960726				6			50															3
2012	3	11	10	18	新竹市	新竹市3中華路五段545號	24.7603411	120.912261	0	2	0	6	1	5	50	14	8	1	4	4	5	7	4	4	1	4	4	2	12	2
2012	3	11	11	40	新竹市	新竹市1光復路二段202號	24.794277	121.000449				8			50															3
2012	3	6	18	32	新竹市	新竹市2崧嶺路187巷15號	24.790689	120.954561				8			50															3
2012	3	6	20	23	新竹市	新竹市1埔頂路267號	24.79420885	121.0120142	0	1	0	6	3	5	50	14	9	1	4	4	5	7	4	4	5	5	5	1	18	2
2012	3	7	16	58	新竹市	新竹市1南大路808巷7弄878巷82弄	24.7883322	120.9650302	0	2	0	7	2	5	50	4	1	1	5	4	5	7	4	4	10	5	5	2	15	2
2012	3	7	19	18	新竹市	新竹市2東大路四段延平路路口	24.8408276	120.9370436				8			50															3
2012	3	11	10	50	新竹市	新竹市2延平路一段214巷66號	24.8059281	120.952843				8			50															3
2012	3	11	15	30	新竹市	新竹市1慈雲路埔頂二路口	24.7874802	121.0095148				8			50															3
2012	3	10	13	30	新竹市	新竹市2	24.81488335	120.9394568				8			50															3
2012	3	10	17	30	新竹市	新竹市1光復路介壽路路口	24.7818596	121.0211214				8			50															3
2012	3	11	9	35	新竹市	新竹市2中正路經國路路口	24.8119989	120.9644536							50															3
2012	3	11	12	30	新竹市	新竹市1光復路公園路路口	24.7873656	121.0096554				8			50															3
2012	3	11	6	40	新竹市	新竹市1忠孝路436-1號	24.8027911	120.983175				8			50															3
2012	3	10	17	15	新竹市	新竹市1東大路(天橋旁小巷)	24.8457734	120.9275047				8			50															3
2012	3	11	20	40	新竹市	新竹市1光復路忠孝路路口	24.8036849	120.9917121				6			50															3
2012	3	11	21	48	新竹市	新竹市1林森路200巷	24.79873985	120.9637926				8			50															3
2012	3	11	23	24	新竹市	新竹市1光復路一段544巷	24.787355	121.0109801	0	1	0	6	3	5	50	3	1	1	4	4	5	7	1	1	10	5	5	2	16	2
2012	3	12	1	45	新竹市	新竹市2民富街327號	24.8010749	120.9566095				8			50															3
2012	3	9	12	15	新竹市	新竹市1食品路464巷	24.79373515	120.9667128	0	2	0	7	1	5	50	4	1	1	5	4	3	5	1	1	10	5	5	2	15	2
2012	3	12	8	20	新竹市	新竹市1高翠路137巷	24.78155805	120.9863351				8			50															3
2012	3	9	12	24	新竹市	新竹市1光復路一段525巷13號	24.78433475	121.0119963				8			50															3
2012	3	12	7	47	新竹市	新竹市1學府路東山街路口	24.7954365	120.9805399				8			50															3
2012	3	9	14	35	新竹市	新竹市2湳雅街189號	24.8203515	120.9736227				6			50															3
2012	3	12	7	36	新竹市	新竹市2中山路344巷	24.801167	120.959709	0	2	0	8	1	5	50	3	1	1	5	4	5	7	4	4	10	5	5	2	16	2
2012	3	12	8	40	新竹市	新竹市1中華路二段東門街路口	24.8040923	120.9749115				8			50															3
2012	3	12	8	47	新竹市	新竹市1忠孝路馬偕醫院急診室前	24.8036849	120.9917121				8			50															3
2012	3	12	10	3	新竹市	新竹市1寶山路交大側門	23.8548668	120.983603				8			50															3
2012	3	12	11	37	新竹市	新竹市1明湖路1008巷29弄	24.7959061	120.969745	0	2	0	8	1	5	50	4	1	1	5	4	5	7	4	4	10	5	5	2	12	2
2012	3	12	13	10	新竹市	新竹市3芝柏一街151號	24.7771139	120.9467465	0	1	0	7	1	5	50	14	9	1	5	4	5	7	4	4	10	5	5	2	11	2
2012	3	12	17	21	新竹市	新竹市2西大路719號	24.8115361	120.955678				6			50															3
2012	3	12	15	10	新竹市	新竹市1經國路一段379巷15號	24.814041	120.979555	0	1	0	6	1	5	50	14	9	1	4	4	5	7	4	4	9	5	5	1	17	2
2012	3	12	19	20	新竹市	新竹市1光復路一段625號	24.7862605	121.0109473	0	1	0	6	3	5	50	15	9	1	4	4	5	7	4	4	5	4	5	2	16	2
2012	3	12	22	45	新竹市	新竹市3浸水北街7號	24.799646	120.924329				8			40															3
2012	3	12	20	35	新竹市	新竹市1中正路52號	24.80481	120.970235	0	2	0	6	3	5	50	14	9	1	4	4	5	7	4	4	5	4	5	2	3	2
2012	3	12	22	7	新竹市	新竹市2中山路西大路路口	23.8333047	120.4693168				8			50															3
2012	3	6	13	30	新竹市	新竹市1關東路10號	24.781986	121.022925				8			50															3
2012	3	6	16	56	新竹市	新竹市1東光路與忠孝路口	24.80113405	120.9870671	0	1	0	8	1	5	50	4	1	1	5	4	5	7	1	1	10	5	5	2	16	2
2012	3	6	20	0	新竹市	新竹市3大庄路64巷18號	24.788754	120.928123				8			40															3
2012	3	10	7	51	新竹市	新竹市1光復路二段245號	24.79834225	120.9906022				8			50															3
2012	3	11	19	3	新竹市	新竹市1光復路一段333號	24.7829201	121.018155				8			50															3
2012	3	13	7	20	新竹市	新竹市1埔頂路210巷口弄	24.81331	121.029298				8			40															3
2012	3	13	8	35	新竹市	新竹市1大學路50號	24.7896991	121.000851				8			40															3
2012	3	13	7	35	新竹市	新竹市3內湖路27號	24.7447381	120.90611	0	1	0	7	1	5	50	14	9	1	5	4	5	7	4	4	9	5	5	1	16	2
2012	3	10	12	9	新竹市	新竹市1經國路一段379巷17號	24.8139651	120.97962				8			50															3
2012	3	13	7	50	新竹市	新竹市1公道五路與經國路口	24.8150922	120.9852896							50															3
2012	3	13	8	50	新竹市	新竹市2北大路166巷7號前	24.8102571	120.967115	0	1	0	7	1	5	50	14	9	1	5	4	3	7	4	4	5	5	5	2	11	2
2012	3	13	8	5	新竹市	新竹市3中華大學前	24.756738	120.952537				8			40															3
2012	3	13	8	46	新竹市	新竹市3中華大學前	24.756738	120.952537				8			40															3
2012	3	10	13	15	新竹市	新竹市3景觀大道香檳東街路口	31.3512963	120.9811634				8			50															3
2012	3	10	14	47	新竹市	新竹市1埔頂路264號	24.79412755	121.013257				8			50															3
2012	3	8	14	5	新竹市	新竹市1公道五路與建中路口	24.8150922	120.9852896							50															3
2012	3	3	15	50	新竹市	新竹市1忠孝路與建功一路口	24.8036849	120.9917121	0	2	0	7	1	5	50	4	1	1	5	4	5	7	1	1	10	5	5	2	16	2
2012	3	13	14	30	新竹市	新竹市2四維路85號	24.800847	120.960624				8			50															3
2012	3	12	16	34	新竹市	新竹市1光復路二段184號	24.793913	121.000827				6			50															3
2012	3	12	18	20	新竹市	新竹市1明湖路775巷28號	24.774449	120.96732	0	2	0	6	4	5	50	14	9	1	4	4	5	7	4	4	5	5	5	2	3	2
2012	3	13	20	13	新竹市	新竹市1學府路145號	24.795318	120.979826				6			50															3
2012	3	13	19	55	新竹市	新竹市1東門圓環	24.8042116	120.9705392	0	1	0	6	3	5	50	16	9	1	3	4	5	7	4	4	1	4	5	2	12	2
2012	3	12	19	32	新竹市	新竹市1食品路264號	24.79441245	120.9718352				6			50															3
2012	3	12	15	44	新竹市	新竹市3西濱路85K約600公尺處〈北上〉	24.83794545	120.9336942	0	2	0	6	1	5	80	14	7	1	4	4	5	7	4	4	2	4	2	2	13	2
2012	3	12	14	37	新竹市	新竹市1中華路二段火車站出口處	24.8042903	120.9752282	0	1	0	7	1	5	50	5	1	1	5	4	5	7	1	1	10	5	5	2	3	2
2012	3	14	3	13	新竹市	新竹市2經國路二段248巷26弄31號	24.81359	120.96656				8			50															3
2012	3	14	4	3	新竹市	新竹市3延平路二段407號	24.8076925	120.9326681	1	2	0	6	3	5	50	14	9	1	4	4	5	7	4	4	5	5	5	1	26	1
2012	3	13	17	10	新竹市	新竹市3中華路四段411巷	24.7920811	120.941822				6			50															3
2012	3	14	9	0	新竹市	新竹市2成功路317巷	24.8104692	120.9513379				6			50															3
2012	3	14	11	3	新竹市	新竹市1高峰路434號	24.77846	120.981905				8			50															3
2012	3	14	13	23	新竹市	新竹市1中央路	24.8078458	120.9721101	0	0	0	6	1	5	50	14	9	1	4	4	5	7	4	4	10	5	5	1	12	3
2012	3	12	23	38	新竹市	新竹市1	24.8356092	120.9235789	0	2	0	8	3	5	50	14	9	1	5	4	5	7	4	4	3	4	5	2	13	2
2012	3	13	17	49	新竹市	新竹市3竹市柴橋路153號	24.7681185	120.9634115	0	1	0	6	3	5	50	14	9	1	4	4	5	7	4	4	5	5	5	2	18	2
2012	3	14	7	20	新竹市	新竹市2經國路延平路口	24.8047718	120.9556443				6			50															3
2012	3	14	10	28	新竹市	新竹市3牛埔東路359號	24.7946707	120.9402395				6			50															3
2012	3	13	17	25	新竹市	新竹市1南大路218巷口	24.81957355	120.9836057				6			50															3
2012	3	14	16	20	新竹市	新竹市1建功二路12號	24.799519	120.998506				6			50															3
2012	3	14	18	20	新竹市	新竹市1慈雲路272號	24.79311235	121.0115108	0	1	0	8	3	5	50	14	9	1	4	4	5	7	4	4	1	4	5	1	12	2
2012	3	14	18	40	新竹市	新竹市2光華街116號前	24.8204981	120.97698							50															3
2012	3	14	18	54	新竹市	新竹市1光復路一段354巷	24.783466	121.0182734				8			50															3
2012	3	14	20	28	新竹市	新竹市1光復路一段222號	24.782097	121.021519				8			50															3
2012	3	14	21	27	新竹市	新竹市1光復路二段建功路路口	24.7932831	121.001211				6			50															3
2012	3	14	22	25	新竹市	新竹市2中華路三段110巷9號	24.796862	120.960454	0	1	0	8	3	5	50	14	9	1	5	4	5	7	4	4	5	5	4	2	16	2
2012	3	13	10	18	新竹市	新竹市2中華路一段9號	24.818963	120.995719				8			50															3
2012	3	13	17	3	新竹市	新竹市1南大路886號	24.7871221	120.967324	0	1	0	7	3	5	50	14	9	1	5	4	5	7	4	4	5	5	5	1	16	2
2012	3	12	11	30	新竹市	新竹市1武昌街67號	24.8020701	120.967471				8			50															3
2012	3	15	8	10	新竹市	新竹市2東大路三段355號	24.836213	120.943797				8			50															3
2012	3	15	8	1	新竹市	新竹市1慈雲路211號	24.79311235	121.0115108	0	1	0	7	1	5	50	14	9	1	4	4	5	7	4	4	9	5	5	2	16	2
2012	3	14	17	50	新竹市	新竹市1中華路304號	24.8122331	120.988232				6			50															3
2012	3	15	8	13	新竹市	新竹市2城北街137巷7弄2號	24.8123631	120.961801				8			50															3
2012	3	15	10	16	新竹市	新竹市1光復路一段43號	24.781075	121.02521				6			50															3
2012	3	15	9	40	新竹市	新竹市1中華路三段184號	24.7969321	120.957342				8			50															3
2012	3	15	12	3	新竹市	新竹市1光復路二段151號	24.7982082	120.994391	0	1	0	8	1	5	50	14	9	1	5	4	5	7	4	4	1	5	5	2	13	2
2012	3	15	13	43	新竹市	新竹市1食品路461巷	24.79371895	120.9667093	0	1	0	8	1	5	50	4	1	1	5	4	5	7	4	4	10	5	5	2	12	2
2012	3	15	17	9	新竹市	新竹市1光復路二段525號	24.802531	120.981314				8			50															3
2012	3	15	18	50	新竹市	新竹市1南大路786號	24.789487	120.965756				8			50															3
2012	3	15	18	56	新竹市	新竹市2光華東街48號	24.816033	120.974664				8			50															3
2012	3	15	18	38	新竹市	新竹市2西濱路一段286號	24.83794545	120.9336942	0	1	0	4	3	5	50	4	2	1	5	4	5	7	2	1	1	4	4	1	13	2
2012	3	1	18	23	新竹市	新竹市3中華路四段6號	24.79031295	120.9352439	0	1	0	8	3	5	50	4	18	1	5	4	5	7	1	1	10	5	5	2	3	2
2012	3	11	10	40	新竹市	新竹市1寶山路150巷2之 1號	24.7689516	121.0044942				6			50															3
2012	3	11	7	25	新竹市	新竹市2公道五路三段21743號路燈	24.8098554	120.9892677				6			50															3
2012	3	14	17	31	新竹市	新竹市3玄奘路19919號路燈	24.7671821	120.9482242	0	1	0	6	1	5	40	12	9	1	4	4	5	7	4	4	6	5	5	1	18	2
2012	3	15	19	40	新竹市	新竹市1光復路一段89巷金山19街路口	24.7773363	121.0258281				8			50															3
2012	3	15	21	45	新竹市	新竹市1金城二路46巷	24.7944688	121.0031731				8			50															3
2012	3	4	16	0	新竹市	新竹市1光復路二段346號前	24.7962581	120.997838				8			50															3
2012	3	7	13	50	新竹市	新竹市1光復路二段101號前	24.7964417	120.996665							50															3
2012	3	7	9	2	新竹市	新竹市3中華路4段181巷口	24.7882139	120.9286821							50															3