年	月	日	時	分	縣市	allLocation	GoogleLat	GoogleLng	死	受傷	2-30	天候	光線	道路類別	速限	道路型態	事故位置	路面鋪裝	路面狀態	路面缺陷	障礙物	視距	號誌種類	號誌動作	分向設施	快車道或一般車道間	快慢車道間	路面邊線	事故類型及型態	事故類別
2012	3	8	22	16	新竹市	新竹市1光復路二段建新路路口前光復高中前往市區方向	24.7975598	120.995739				8			50															3
2012	3	15	16	32	新竹市	新竹市2四維路丁丁藥局前	24.797232	120.9637474	0	1	0	7	1	5	50	14	9	1	5	4	5	7	4	4	5	4	5	1	16	2
2012	3	2	21	49	新竹市	新竹市3中華路四段260號	24.79443345	120.9471884	0	2	0	8	3	5	50	14	9	1	5	4	5	7	4	4	3	4	5	1	14	2
2012	3	15	18	17	新竹市	新竹市2北大路423號	24.802854	120.960397	0	2	0	7	3	5	50	14	9	1	5	4	5	7	4	4	5	5	5	1	16	2
2012	3	15	19	44	新竹市	新竹市1南大路672巷	24.7913726	120.9626519				8			50															3
2012	3	3	20	58	新竹市	新竹市1東南街114號	24.797725	120.973696				8			50															3
2012	3	16	7	20	新竹市	新竹市1中央路342號	24.810682	120.9787733	0	1	0	8	1	5	50	14	9	1	5	4	5	7	4	4	10	5	5	2	15	2
2012	3	16	10	8	新竹市	新竹市3明湖路482巷2號	24.78269605	120.9645186				8			40															3
2012	3	3	13	8	新竹市	新竹市1中正路12號	24.8029181	120.97155	0	0	0	8	1	5	50	14	9	1	5	4	5	7	4	4	10	4	5	2	12	3
2012	3	13	18	20	新竹市	新竹市2中山路牛埔路路口	24.7978954	120.9562542				8			50															3
2012	3	16	15	58	新竹市	新竹市1中華路二段480號	24.8013374	120.9702389				8			50															3
2012	3	16	19	30	新竹市	新竹市2中山路450號	24.7995771	120.957276	0	3	0	8	3	5	50	14	9	1	5	4	5	7	4	4	5	5	5	2	3	2
2012	3	15	17	24	新竹市	新竹市3牛埔路經國路路口78巷	24.7991891	120.9533827	0	2	0	8	1	5	50	3	1	1	5	4	5	7	4	4	5	4	5	2	3	2
2012	3	2	17	38	新竹市	新竹市1自由路新竹市監理站前	24.8105021	120.9820787	0	1	0	8	3	5	50	3	1	1	5	4	5	6	2	1	10	5	5	2	16	2
2012	3	16	21	20	新竹市	新竹市2北門街168號	24.8085571	120.96522	0	1	0	8	3	5	50	14	9	1	5	4	5	7	4	4	5	4	5	2	17	2
2012	3	16	19	10	新竹市	新竹市1光復路一段358-2號	24.783335	121.018046				8			50															3
2012	3	15	8	0	新竹市	新竹市1經國路168號鐵道路路口	24.8147874	120.9808653				8			50															3
2012	3	15	9	30	新竹市	新竹市1光復路一段30巷	24.78189075	121.0250699				8			50															3
2012	3	17	1	26	新竹市	新竹市1中華路二段南門街路口	24.7998332	120.9681025				8			50															3
2012	3	16	18	4	新竹市	新竹市2仁德街76號	24.8074951	120.963378	0	1	0	8	3	5	50	4	1	1	5	4	5	7	3	1	10	5	5	2	3	2
2012	3	16	17	35	新竹市	新竹市1光復路一段544巷9弄14號前	24.78777575	121.010277				8			40															3
2012	3	8	7	28	新竹市	新竹市2西濱路一段興濱路路口	24.8409724	120.9326034				8			50															3
2012	3	16	19	32	新竹市	新竹市2北大路140號	24.810285	120.968379	0	1	0	8	3	5	50	14	9	1	5	4	5	7	4	4	5	4	5	2	12	2
2012	3	8	8	55	新竹市	新竹市1大學路51巷11號	24.78759	121.003991				8			40															3
2012	3	16	21	41	新竹市	新竹市2中山路中正路路口	24.8496763	121.229232	0	2	0	8	3	5	50	3	1	1	5	4	5	7	1	1	10	5	5	2	16	2
2012	3	3	11	16	新竹市	新竹市2西大路780巷46弄	24.7956271	120.971918	0	2	0	8	1	5	50	4	1	1	5	4	5	7	4	4	10	5	5	2	15	2
2012	3	13	16	19	新竹市	新竹市1關東路68號	24.7834351	121.02266	0	1	0	8	1	5	50	14	9	1	5	4	5	7	4	4	5	5	5	1	13	2
2012	3	13	17	49	新竹市	新竹市1光復路新源街路口	24.8030053	120.9934557				6			50															3
2012	3	17	17	30	新竹市	新竹市1光復路二段101號	24.7964417	120.996665	0	2	0	8	1	5	50	3	1	1	5	4	5	7	2	1	10	5	5	2	16	2
2012	3	13	18	44	新竹市	新竹市3中華路五段300號(國光客運前)	24.7815773	120.9191841	0	1	0	6	3	5	50	14	8	1	4	4	5	6	4	4	1	4	4	2	13	2
2012	3	13	20	20	新竹市	新竹市3牛埔東路(箱根汽車旅館對面)	24.79382215	120.9370932	0	1	0	6	3	5	50	14	8	1	4	4	5	7	4	4	4	4	4	2	13	2
2012	3	3	11	10	新竹市	新竹市1民權路24巷1號	24.8066764	120.9774607				8			50															3
2012	3	3	14	17	新竹市	新竹市3中華路六段內湖路路口	24.7461546	120.9063973				8			70															3
2012	3	14	9	53	新竹市	新竹市1明湖路967號	24.7737493	120.9667944	0	1	0	8	1	5	50	14	9	1	4	4	5	7	4	4	5	4	5	1	16	2
2012	3	14	14	39	新竹市	新竹市1光復路108巷與26弄口	24.7926	121.002582				6			50															3
2012	3	3	8	58	新竹市	新竹市2中正路72號	24.805213	120.970007				8			50															3
2012	3	3	18	20	新竹市	新竹市3牛埔東路牛埔南路路口	24.7922354	120.9323808	0	3	0	8	3	5	50	4	1	1	5	4	5	7	1	1	10	5	5	2	16	2
2012	3	4	20	38	新竹市	新竹市2光華南街田美一街	24.814775	120.9756118				8			40															3
2012	3	8	6	49	新竹市	新竹市2西大路688巷愛文街路口	24.8093509	120.9611764				6			50															3
2012	3	5	18	59	新竹市	新竹市1科園路3號	23.7906725	121.0173356				8			50															3
2012	3	5	23	26	新竹市	新竹市3中華路四段頂埔路路口	24.7882139	120.9286821	0	1	0	8	3	5	50	3	1	1	5	4	5	7	4	4	10	5	5	2	16	2
2012	3	8	8	23	新竹市	新竹市1中華路一段2巷	24.8193477	120.9955776				8			50															3
2012	3	8	17	24	新竹市	新竹市3牛埔路294號	24.8007201	120.947092				8			50															3
2012	3	8	11	20	新竹市	新竹市1關東路關新東路	24.7832442	121.0177491				8			50															3
2012	3	10	21	52	新竹市	新竹市1東前街44號	24.8041186	120.967605				8			50															3
2012	3	17	12	11	新竹市	新竹市1食品路115巷	24.79783485	120.9773782				8			50															3
2012	3	17	14	57	新竹市	新竹市1光復路二段公園路口	24.790798	121.0055625				8			50															3
2012	3	17	16	55	新竹市	新竹市2東大路中華路二段	24.8042903	120.9752282	0	1	0	8	1	5	50	5	1	1	5	4	5	7	1	1	10	5	5	2	16	2
2012	3	16	18	16	新竹市	新竹市3香村路路燈19879號前	24.7827482	120.9329203				8			40															3
2012	3	17	18	25	新竹市	新竹市1公道五路二段18482號路燈前	24.79760605	121.0029783				8			50															3
2012	3	17	17	48	新竹市	新竹市1埔頂路關東路路口	24.7914899	121.0176238				8			50															3
2012	3	14	1	21	新竹市	新竹市3中華路六段687巷	24.7318662	120.9153228				8			70															3
2012	3	16	20	57	新竹市	新竹市1東大路一段南大路路口	24.8025545	120.9746646				8			50															3
2012	3	13	18	53	新竹市	新竹市3中華路四段428號	24.7914624	120.9394129	0	1	0	6	3	5	50	14	8	1	4	4	5	7	4	4	1	4	4	2	12	2
2012	3	14	17	10	新竹市	新竹市1食品路170號	24.7973711	120.976373	0	1	0	7	1	5	50	3	2	1	5	4	5	7	4	4	10	5	5	2	16	2
2012	3	17	17	30	新竹市	新竹市1光復路二段306號	24.795552	120.99867				8			50															3
2012	3	17	15	47	新竹市	新竹市1興竹街142號前	24.7969389	120.9650013				8			30															3
2012	3	18	12	15	新竹市	新竹市1東門街34巷民族路路口	24.8041543	120.9721482	0	1	0	8	1	5	50	3	9	1	5	4	5	7	4	4	10	5	5	2	16	2
2012	3	18	12	3	新竹市	新竹市2中正路337號	24.814573	120.962322	0	1	0	8	1	5	50	14	9	1	5	4	5	7	4	4	5	4	5	1	13	2
2012	3	14	18	39	新竹市	新竹市1慈雲路17479路桿前	24.79311235	121.0115108	0	1	0	7	3	5	20	14	20	4	5	4	5	7	4	4	2	4	4	2	18	2
2012	3	18	10	48	新竹市	新竹市1林森路35號	24.8015611	120.968833	0	2	0	7	1	5	50	14	9	1	5	4	5	7	4	4	5	4	5	2	9	2
2012	3	13	16	17	新竹市	新竹市1寶山路200巷2弄	23.8548668	120.983603	0	2	0	8	1	5	50	3	4	1	5	4	5	7	1	1	10	5	5	2	13	2
2012	3	17	16	29	新竹市	新竹市3牛埔路經國路路口	24.7991891	120.9533827				8			50															3
2012	3	18	7	37	新竹市	新竹市1寶山路48號	24.7936086	120.973923				8			50															3
2012	3	18	16	53	新竹市	新竹市1食品路155巷	24.7972321	120.9763885				8			50															3
2012	3	12	18	6	新竹市	新竹市1東光路272號〈東光高爾夫練習場〉	24.8021045	120.986996				8			40															3
2012	3	8	9	44	新竹市	新竹市1南大路468號	24.796667	120.967721	0	1	0	8	1	5	50	14	9	1	5	4	5	7	4	4	9	5	5	2	16	2
2012	3	18	18	40	新竹市	新竹市3中華路六段647巷	24.7318662	120.9153228	0	1	0	8	1	5	50	3	1	1	5	4	5	7	1	1	10	5	5	2	13	2
2012	3	18	19	35	新竹市	新竹市1南大路391巷	24.79508805	120.9656146	0	2	0	8	3	5	50	3	1	1	5	4	5	7	4	4	9	4	5	2	16	2
2012	3	9	18	58	新竹市	新竹市3牛埔路154號	24.799674	120.951903				8			50															3
2012	3	18	20	20	新竹市	新竹市2中正路民富街口	24.87138245	121.012719				8			50															3
2012	3	18	21	15	新竹市	新竹市2東大路三段720號	24.83324075	120.9468056	0	0	0	8	4	5	50	14	9	1	4	4	5	7	4	4	5	5	5	1	13	3
2012	3	18	23	23	新竹市	新竹市1東大路一段175號	24.8089501	120.971004				8			50															3
2012	3	12	11	25	新竹市	新竹市2中山路438號	24.799768	120.957388	0	1	0	8	1	5	50	3	1	1	5	4	5	7	4	4	10	5	5	2	16	2
2012	3	12	17	45	新竹市	新竹市2延平路二段1257號	24.815364	120.928633				6			50															3
2012	3	14	9	40	新竹市	新竹市1光復路二段大學路路口	24.7910677	121.0049133				6			50															3
2012	3	14	10	49	新竹市	新竹市1民族路193巷	24.8096984	120.9793707				6			50															3
2012	3	18	18	38	新竹市	新竹市1公道五路153號	24.79760605	121.0029783	0	1	0	8	3	5	50	15	9	1	5	4	5	7	4	4	10	5	5	2	16	2
2012	3	11	17	15	新竹市	新竹市1經國路一段656號	24.814492	120.97441				8			50															3
2012	3	19	7	44	新竹市	新竹市1光復路一段547號	24.7924614	121.0067013				8			50															3
2012	3	19	8	30	新竹市	新竹市1中華路一段99號	24.8162416	120.9938825	0	1	0	8	1	5	50	14	9	1	5	4	5	7	4	4	5	4	5	2	12	2
2012	3	19	10	15	新竹市	新竹市1高翠路210巷	24.7800331	120.9862256				8			50															3
2012	3	16	12	22	新竹市	新竹市1南大路419號	24.7959071	120.967615	0	1	0	8	1	5	50	14	9	1	5	4	5	7	4	4	10	5	5	2	11	2
2012	3	19	11	50	新竹市	新竹市3中華路四段150號	24.7961851	120.950477	0	1	0	8	1	5	50	14	9	1	5	4	5	7	4	4	3	4	4	2	17	2
2012	3	19	8	40	新竹市	新竹市1光復路二段2巷32號	24.7926731	121.002747				8			50															3
2012	3	19	9	18	新竹市	新竹市1光復路一段485巷	24.7834889	121.0141159				8			50															3
2012	3	19	11	50	新竹市	新竹市1東大路四段124號	24.8430191	120.933365				8			50															3
2012	3	19	14	20	新竹市	新竹市1埔頂一路280號	24.791954	121.0150914				8			50															3
2012	3	13	17	25	新竹市	新竹市1東門街34巷5號	24.8045291	120.973161	0	1	0	6	1	5	50	14	9	1	4	4	5	7	4	4	9	5	5	2	3	2
2012	3	19	14	35	新竹市	新竹市2湳雅街85號	24.8188992	120.9718958	0	1	0	7	1	5	50	14	9	1	5	4	5	7	4	4	10	5	5	2	16	2
2012	3	19	7	35	新竹市	新竹市1學府路26號新竹中學旁	24.794797	120.979327	0	2	0	8	1	5	50	14	9	1	5	4	5	7	4	4	9	4	5	2	16	2
2012	3	19	12	35	新竹市	新竹市3元培街306號	24.7777953	120.9404076	0	1	0	8	1	5	50	3	1	1	5	4	5	7	1	1	10	5	5	2	12	2
2012	3	14	11	20	新竹市	新竹市1公道五路與東進路口	24.8150922	120.9852896				8			50															3
2012	3	17	12	5	新竹市	新竹市1民生路111號	24.8096229	120.9773095	0	1	0	8	1	5	50	14	9	1	5	4	5	7	4	4	5	4	5	1	13	2
2012	3	19	16	27	新竹市	新竹市2中正路建興街路口	24.8083178	120.9672934	0	1	0	7	1	5	50	3	18	1	5	4	5	7	4	4	10	5	5	2	3	2
2012	3	17	13	50	新竹市	新竹市1光復路一段529號	24.7924614	121.0067013	0	1	0	8	1	5	50	3	1	1	5	4	5	7	4	4	10	5	5	2	16	2
2012	3	19	16	50	新竹市	新竹市1南大路22巷	24.8032071	120.978552	0	1	0	8	1	5	50	3	1	1	5	4	5	7	4	4	10	5	5	2	16	2
2012	3	14	7	30	新竹市	新竹市1中華路二段南門街路口	24.7998332	120.9681025				6			50															3
2012	3	14	9	26	新竹市	新竹市2殯儀館停車場內	24.81488335	120.9394568				6																		3
2012	3	14	14	13	新竹市	新竹市1經國路一段409巷	24.8142981	120.977721				6			50															3
2012	3	14	10	25	新竹市	新竹市1中華路一段384巷中華路路口	24.81913655	120.9956861				6			50															3
2012	3	16	10	5	新竹市	新竹市1公道五路二段212巷	24.8019741	121.0001719				8			50															3
2012	3	16	11	50	新竹市	新竹市1埔頂路慈雲路路口	24.7929205	121.0125589				8			51															3
2012	3	16	13	37	新竹市	新竹市1中正路東門圓環	24.8044523	120.9702289				8			50															3
2012	3	19	18	35	新竹市	新竹市1食品路421號	24.7936467	120.9679651	0	2	0	8	3	5	50	14	9	1	5	4	5	7	4	4	9	5	5	1	16	2
2012	3	19	21	0	新竹市	新竹市3元培街151號	24.784131	120.932202	0	1	0	8	3	5	40	11	9	1	5	4	5	7	4	4	5	5	5	1	13	2
2012	3	19	16	0	新竹市	新竹市3柴橋路50巷口弄	24.7721246	120.9656952	0	1	0	7	1	5	40	12	9	1	5	4	5	2	4	4	5	4	5	1	17	2
2012	3	20	1	40	新竹市	新竹市1經國路一段民權路路口61號停車格	24.8139388	120.9704159				8			50															3
2012	3	19	17	18	新竹市	新竹市1文昌街39號	24.8028711	120.968586				8			50															3
2012	3	20	13	13	新竹市	新竹市1光復路二段36號	24.7915741	121.004045				8			50															3
2012	3	20	11	45	新竹市	新竹市1光復路一段476巷口	24.81021755	121.0290879				8			50															3
2012	3	17	12	52	新竹市	新竹市2仁德街110號	24.8081521	120.962962				8			50															3
2012	3	17	11	46	新竹市	新竹市1寶山路200巷2弄	23.8548668	120.983603	0	1	0	8	1	5	50	5	2	1	5	4	5	7	1	1	10	5	5	2	29	2
2012	3	19	14	25	新竹市	新竹市2海濱路180-4號	24.8412291	120.923598	0	3	0	7	1	5	50	14	9	1	5	4	5	7	4	4	5	5	5	1	16	2
2012	3	20	7	55	新竹市	新竹市1光復路二段371號前	24.801099	120.986082	0	1	0	8	1	8	50	14	9	1	5	4	5	7	4	4	5	4	5	2	16	2
2012	3	17	13	40	新竹市	新竹市3西濱快速道路南下80K處	24.8684988	120.9533201	0	1	0	8	1	5	40	14	8	1	5	4	5	7	4	4	2	4	2	1	18	2
2012	3	17	16	1	新竹市	新竹市1中華路二段信義街路口	24.8009351	120.9698904				8			50															3
2012	3	19	17	21	新竹市	新竹市1中華路二段400號	24.803137	120.973007				8			50															3
2012	3	20	7	40	新竹市	新竹市1關東路179號	24.789712	121.01965	0	1	0	8	1	5	50	3	1	1	5	4	5	7	4	4	10	5	5	2	16	2
2012	3	20	18	6	新竹市	新竹市1南大路218巷	24.8012404	120.9725802	0	2	0	8	3	5	50	3	1	1	5	4	5	7	4	4	10	5	5	2	16	2
2012	3	20	17	35	新竹市	新竹市1寶山路217號	24.79044695	120.9766564	0	2	0	8	1	5	50	14	9	1	5	4	5	7	4	4	1	4	5	2	16	2
2012	3	20	19	15	新竹市	新竹市1自由路23號	24.81163	120.981703	0	1	0	8	3	5	50	3	9	1	5	4	5	7	4	4	10	5	5	2	3	2
2012	3	20	22	39	新竹市	新竹市1自由路46號	24.81164155	120.9819713				8			50															3
2012	3	21	2	16	新竹市	新竹市2民富街178巷經國路路口	24.8004588	120.9561008				8			50															3
2012	3	20	19	32	新竹市	新竹市2四維路師院附小前	24.797232	120.9637474	0	2	0	7	3	5	50	3	2	1	5	4	5	7	4	4	5	4	5	2	16	2
2012	3	20	22	20	新竹市	新竹市1花園街64號	24.8044092	120.9774476	0	1	0	7	3	5	40	3	1	1	5	4	5	7	4	4	10	5	5	2	16	2
2012	3	21	0	7	新竹市	新竹市2東大路二段經國路路口	24.8137323	120.9674304	0	2	0	7	3	5	50	4	1	1	5	4	5	7	1	1	10	5	5	2	16	2
2012	3	20	18	22	新竹市	新竹市1光復路一段544巷	24.787355	121.0109801				8			50															3
2012	3	21	8	30	新竹市	新竹市3景觀大道柴橋路路口	24.7597091	120.9584529	0	1	0	7	1	5	70	14	9	1	5	4	5	7	4	4	1	4	5	1	12	2
2012	3	21	12	6	新竹市	新竹市1光復路一段531巷70-3號	24.781507	121.02474				8			40															3
2012	3	21	11	59	新竹市	新竹市1光復路一段388號	24.784442	121.01517	0	2	0	8	1	5	50	14	9	1	5	4	5	7	4	4	5	4	5	1	16	2
2012	3	21	12	51	新竹市	新竹市1經國路一段379巷1弄1號1樓萊爾富超商前	24.8144528	120.9790626				8			50															3
2012	3	21	11	45	新竹市	新竹市2中山路438號	24.799768	120.957388	0	1	0	7	1	5	50	14	9	1	5	4	5	7	4	4	5	5	5	1	12	2
2012	3	21	15	49	新竹市	新竹市1慈雲路17378路燈桿前	24.79311235	121.0115108				8			25															3
2012	3	20	22	24	新竹市	新竹市1南大路139巷	24.79509185	120.9708905	0	1	0	8	3	5	50	3	2	1	5	4	5	7	4	4	5	5	5	2	13	2
2012	3	7	10	23	新竹市	新竹市1中華路二段南門街路口	24.7998332	120.9681025	0	1	0	8	1	5	50	3	1	1	5	4	5	7	4	4	10	5	5	2	16	2
2012	3	21	19	0	新竹市	新竹市1光復路二段50號	24.7919991	121.003626	0	1	0	7	3	5	50	15	9	1	5	4	5	7	4	4	1	4	5	2	12	2
2012	3	21	20	40	新竹市	新竹市2東大路三段天府路路口	24.8331464	120.9483426	0	2	0	7	3	5	50	3	1	1	5	4	5	7	1	1	10	5	5	2	16	2
2012	3	21	21	35	新竹市	新竹市1文化街6巷9號	24.8049881	120.971596				8			50															3
2012	3	21	22	26	新竹市	新竹市1光復路一段335巷	24.7815838	121.0170363	0	1	0	7	3	5	50	3	1	1	5	4	5	7	1	1	10	5	5	2	16	2
2012	3	21	23	25	新竹市	新竹市2東大路	24.8256414	120.9566902				8			50															3
2012	3	6	8	0	新竹市	新竹市3景觀大道觀景台前路口	31.3512963	120.9811634				8			50															3
2012	3	8	5	0	新竹市	新竹市2仁德街13897號燈桿前	24.8066378	120.9639509	0	1	0	8	3	5	50	14	9	1	5	4	5	7	4	4	10	5	5	2	14	2
2012	3	7	17	19	新竹市	新竹市3中華路四段516號	24.78960665	120.9319469				8			60															3
2012	3	9	19	19	新竹市	新竹市1三民路3號	24.80796295	120.9738217				8			50															3
2012	3	9	20	8	新竹市	新竹市2中山路興南街路口	24.8025948	120.9623823	0	1	0	7	3	5	50	4	1	1	5	4	5	7	4	4	10	5	5	2	3	2
2012	3	9	23	16	新竹市	新竹市2經國路二段磐石路路口	24.8078863	120.9580757	0	2	0	8	3	5	50	4	2	1	4	4	5	7	1	1	1	4	5	2	16	2
2012	3	14	10	5	新竹市	新竹市1水利路100-1號	24.8037381	121.006714				6			50															3
2012	3	6	9	40	新竹市	新竹市1光復路一段360-6號	24.781861	121.023944	0	1	0	8	1	5	50	14	9	1	5	4	5	7	4	4	5	4	5	2	12	2
2012	3	9	18	57	新竹市	新竹市2延平路一段161巷32號	24.8038381	120.9562449	0	2	0	8	3	5	40	14	9	1	5	4	5	7	4	4	10	5	5	1	3	2
2012	3	4	9	46	新竹市	新竹市1光復路二段23號	24.7919231	121.002881				8			50															3
2012	3	22	7	53	新竹市	新竹市1東明街77號	24.80468745	120.9880254				6			50															3
2012	3	21	17	41	新竹市	新竹市2中華路3段3號	24.7968745	120.9594703				8			50															3
2012	3	22	7	58	新竹市	新竹市2成功路133號	24.8138421	120.955047				8			50															3
2012	3	18	10	15	新竹市	新竹市2西大路698號	24.8089801	120.960513				8			50															3
2012	3	18	12	0	新竹市	新竹市1博愛街自來水廠旁停車場58號停車格	24.8333624	121.0065953				8			30															3
2012	3	9	19	52	新竹市	新竹市2水田街150巷	24.81535195	120.9676006				8			50															3
2012	3	22	8	54	新竹市	新竹市1南大路808巷	24.79509185	120.9708905				8			40															3
2012	3	22	7	45	新竹市	新竹市2西大路387號	24.8030601	120.96468	0	2	0	6	1	5	50	4	1	1	4	4	5	7	4	4	10	4	5	2	16	2
2012	3	9	22	41	新竹市	新竹市3中華路四段590號	24.788939	120.929269				8			50															3
2012	3	22	10	53	新竹市	新竹市1中央路198號	24.8088418	120.9744819				8			50															3
2012	3	18	15	40	新竹市	新竹市1水源國小	24.843846	120.9391903				8			50															3
2012	3	22	9	18	新竹市	新竹市1經國橋P25處	24.8116702	121.022322	0	1	0	8	1	5	40	8	9	1	5	4	5	7	4	4	1	4	5	2	18	2
2012	3	22	13	6	新竹市	新竹市1建新路赤土崎二街口	24.7986605	120.9977305				8			50															3
2012	3	17	4	4	新竹市	新竹市3香北路210號	24.7905571	120.925557				8			50															3
2012	3	19	8	0	新竹市	新竹市1水源街61號	24.80085545	120.9916275				8			50															3
2012	3	22	6	40	新竹市	新竹市1食品路260巷	24.7944368	120.9718789				8			50															3
2012	3	22	14	19	新竹市	新竹市1中正路東門圓環	24.8044523	120.9702289				8			50															3
2012	3	22	16	10	新竹市	新竹市1光復路一段472號	24.7853328	121.0128037				8			50															3
2012	3	22	15	10	新竹市	新竹市2北大路183號	24.8084811	120.966364				8			50															3
2012	3	17	13	0	新竹市	新竹市1中央路236號	24.809066	120.975668				8			50															3
2012	3	14	19	19	新竹市	新竹市2鐵道路湳雅街路口	24.8219504	120.9716382	0	1	0	8	3	5	50	4	1	1	5	4	5	7	1	1	10	5	5	2	11	2
2012	3	21	10	10	新竹市	新竹市1光復路二段308號	24.795583	120.998635				8			50															3
2012	3	18	11	47	新竹市	新竹市1金山街介壽路路口	24.7786679	121.0190966				8			50															3
2012	3	18	14	22	新竹市	新竹市2中山路興南街路口	24.8025948	120.9623823				8			50															3
2012	3	7	21	5	新竹市	新竹市1光復路二段建新路路口	24.7975598	120.995739	0	1	0	8	3	5	50	14	9	1	5	4	5	7	4	4	9	4	5	2	13	2
2012	3	9	0	15	新竹市	新竹市1中華路一段2巷口弄	24.8194681	120.995232				6			50															3
2012	3	23	1	50	新竹市	新竹市1西大路與南大路口	24.795792	120.971823	0	2	0	8	3	5	40	4	1	1	5	4	5	7	1	1	10	5	5	2	16	2
2012	3	9	5	20	新竹市	新竹市3中華路五段169號	24.7869672	120.9257258	0	1	0	6	3	5	50	14	9	1	4	4	5	7	4	4	10	4	4	1	2	2
2012	3	22	13	10	新竹市	新竹市1金山23街金山南街	24.7759486	121.0243116	0	1	0	8	1	5	50	14	9	1	5	4	5	7	4	4	1	5	5	2	12	2
2012	3	22	19	54	新竹市	新竹市3元培街220號	24.7789755	120.9367845	0	2	0	8	3	5	50	14	9	1	5	4	5	7	4	4	5	5	5	2	16	2
2012	3	22	16	0	新竹市	新竹市3延平路二段727巷	24.80700685	120.9319304				8			50															3
2012	3	23	8	52	新竹市	新竹市1金山8街100號	24.77701055	121.0204403	0	1	0	8	1	5	50	4	1	1	5	4	5	7	4	4	10	5	5	2	15	2
2012	3	17	17	20	新竹市	新竹市1明湖路1050巷226號	24.76474355	120.9772323				8			50															3
2012	3	23	8	23	新竹市	新竹市2中華路3段142巷	24.7968018	120.9592889				8			50															3
2012	3	9	14	55	新竹市	新竹市1金山東二街東三街口	24.7543106	121.0066752	0	1	0	8	1	5	50	14	9	1	5	4	3	5	4	4	10	5	5	2	10	2
2012	3	9	18	0	新竹市	新竹市1光復路一段122號	24.7816661	121.023566	0	2	0	8	3	5	50	14	9	1	5	4	5	7	4	4	9	4	5	2	3	2
2012	3	23	11	40	新竹市	新竹市3中華路四段246巷	24.79472835	120.9478168				8																		3
2012	3	10	8	20	新竹市	新竹市3延平路二段688巷	24.805301	120.9227275	0	2	0	8	1	5	50	14	9	1	5	4	5	7	4	4	10	2	5	2	11	2
2012	3	22	20	30	新竹市	新竹市1中華路二段528號	24.8000818	120.9684894	0	1	0	7	3	5	50	14	9	1	5	4	5	7	4	4	9	5	5	2	16	2
2012	3	23	11	42	新竹市	新竹市1中華路二段民主路路口	30.545	114.308421	0	2	0	8	1	5	50	3	1	1	5	4	5	7	1	1	10	5	5	2	13	2
2012	3	23	14	29	新竹市	新竹市1南大路366號	24.7981701	120.970119	0	2	0	8	1	5	50	14	9	1	5	4	5	7	4	4	9	5	5	2	16	2
2012	3	23	13	19	新竹市	新竹市1經國路一段106號	24.8155548	120.9907403	0	1	0	8	1	5	50	14	9	1	5	4	5	7	4	4	1	4	5	1	12	2
2012	3	23	14	13	新竹市	新竹市2中正路196巷	24.8103111	120.965972	0	1	0	8	1	5	50	14	9	1	5	4	5	7	4	4	10	5	5	2	16	2
2012	3	23	11	15	新竹市	新竹市3西濱公路78.5公里處	24.7871225	120.9169831				8			50															3
2012	3	21	21	20	新竹市	新竹市3五福路二段778號	24.7568791	120.952271				8			50															3
2012	3	11	15	1	新竹市	新竹市1學府路東山街路口	24.7954365	120.9805399	0	1	0	7	1	5	50	3	2	1	5	4	5	7	2	1	10	5	5	2	16	2
2012	3	22	17	56	新竹市	新竹市3經國路三段牛埔路口	24.797594	120.9527627				8			50															3
2012	3	14	7	17	新竹市	新竹市1中華路一段自由路路口橋下	24.8096317	120.9835934				8			50															3
2012	3	12	8	17	新竹市	新竹市1大學路2號	24.78938275	121.0009366				8			50															3
2012	3	12	7	19	新竹市	新竹市1水源街2巷	24.799303	120.990963				8			30															3
2012	3	16	16	42	新竹市	新竹市1東山街85號	24.797643	120.978667				8			50															3
2012	3	16	7	48	新竹市	新竹市1南大路新竹國小後門口	24.8018975	120.9766655	0	1	0	8	1	5	50	14	9	1	5	4	5	7	4	4	9	5	5	2	16	2
2012	3	16	17	40	新竹市	新竹市1大學路51巷	24.7860539	121.0024861				8			50															3
2012	3	15	8	46	新竹市	新竹市1中華路三段246號	24.796624	120.955658	0	1	0	8	1	5	50	14	9	1	5	4	5	7	4	4	5	5	5	1	12	2
2012	3	16	12	21	新竹市	新竹市3香北路11號	24.79107065	120.9279885				8			50															3
2012	3	12	13	0	新竹市	新竹市2經國路二段水田街路口	24.812933	120.9658931				8			50															3
2012	3	4	13	43	新竹市	新竹市1光復路二段46號	24.791798	121.003727				8			50															3
2012	3	4	15	32	新竹市	新竹市1明湖路1008巷口弄	24.768857	120.97723				8			40															3
2012	3	4	18	42	新竹市	新竹市1光復路一段407號	24.783583	121.016174				8			50															3
2012	3	17	1	14	新竹市	新竹市1林森路198號	24.799053	120.963739	0	1	0	8	3	5	50	4	2	1	5	4	5	6	4	4	10	5	5	2	16	2
2012	3	23	18	0	新竹市	新竹市1勝利路34號	24.8027741	120.969787	0	1	0	6	3	5	50	14	9	5	4	4	5	7	4	4	10	5	5	2	3	2
2012	3	24	7	10	新竹市	新竹市2中正路192號	24.810191	120.966032				6			50															3
2012	3	23	13	49	新竹市	新竹市1經國路二段自由路路口	24.8147153	120.9796905	0	2	0	8	1	5	50	4	1	1	5	4	5	7	2	1	10	5	5	2	17	2
2012	3	18	20	1	新竹市	新竹市1中華路東大路路口	24.8042903	120.9752282				8																		3
2012	3	17	6	48	新竹市	新竹市3牛埔路188號	24.7996969	120.9515923				8			50															3
2012	3	18	18	55	新竹市	新竹市1埔頂路慈雲路路口	24.7929205	121.0125589				6			50															3