年	月	日	時	分	縣市	allLocation	GoogleLat	GoogleLng	死	受傷	2-30	天候	光線	道路類別	速限	道路型態	事故位置	路面鋪裝	路面狀態	路面缺陷	障礙物	視距	號誌種類	號誌動作	分向設施	快車道或一般車道間	快慢車道間	路面邊線	事故類型及型態	事故類別
2012	3	24	17	29	新竹市	新竹市1中華路162巷	24.746887	120.90631				8			50															3
2012	3	18	16	13	新竹市	新竹市2延平路一段68號	24.803706	120.960158				8			50															3
2012	3	19	10	55	新竹市	新竹市1光復路一段683巷	24.7874441	121.005408	0	1	0	8	1	5	50	5	1	1	5	4	5	7	4	4	1	4	5	2	16	2
2012	3	9	18	30	新竹市	新竹市2西濱路一段1巷口弄	24.83000025	120.9273822				8			50															3
2012	3	15	18	58	新竹市	新竹市2東大路三段487巷	24.83324075	120.9468056	0	1	0	8	3	5	50	3	1	1	5	4	5	6	4	4	10	5	5	2	16	2
2012	3	19	13	33	新竹市	新竹市2光華北街63號	24.817494	120.972037				8			50															3
2012	3	24	21	30	新竹市	新竹市1南大路139巷	24.79509185	120.9708905				8			50															3
2012	3	24	23	29	新竹市	新竹市2崧嶺路崧嶺橋上	24.796174	120.955803	0	2	0	7	3	5	50	14	9	1	5	4	5	7	4	4	5	5	5	2	16	2
2012	3	18	11	15	新竹市	新竹市1中華路一段60號	24.8180501	120.994331	0	1	0	8	1	5	50	14	9	1	5	4	5	7	4	4	1	5	5	2	17	2
2012	3	9	23	7	新竹市	新竹市1光復路一段66號	24.7815001	121.024833	0	1	0	6	3	5	50	14	9	1	4	4	5	7	4	4	5	4	5	2	16	2
2012	3	10	20	51	新竹市	新竹市3華江街132號	24.8099121	120.921477	0	1	0	7	3	5	40	14	9	1	5	4	5	7	4	4	5	5	5	2	3	2
2012	3	21	13	48	新竹市	新竹市2西大路明志書院停車場4樓	24.80160565	120.9657943				8			30															3
2012	3	21	20	0	新竹市	新竹市3景觀大道高速公路交流道口(往東)	24.7585468	120.9585146	0	1	0	8	3	5	50	14	9	1	5	4	5	7	1	1	1	4	5	2	13	2
2012	3	10	22	13	新竹市	新竹市1光復路二段101號清大正門口	24.7964417	120.996665				8			50															3
2012	3	11	15	17	新竹市	新竹市1光復路二段公園路路口	24.790798	121.0055625				8			50															3
2012	3	11	17	20	新竹市	新竹市3浸水街浸樹街口	24.7990537	120.927081				6			40															3
2012	3	12	11	54	新竹市	新竹市1西大路27號	24.7946141	120.972418				8			50															3
2012	3	25	10	10	新竹市	新竹市1明湖路456巷	24.7884154	120.9680175				8			50															3
2012	3	23	21	40	新竹市	新竹市2中華路三段客雅溪橋上	24.797232	120.9637474	0	1	0	7	3	5	50	8	9	1	4	4	5	7	4	4	5	5	5	2	2	2
2012	3	24	2	0	新竹市	新竹市2中山路大同路路口	24.34623015	120.6264257				8			50															3
2012	3	24	13	45	新竹市	新竹市3牛埔南路142巷	24.79629595	120.9399026	0	1	0	8	1	5	50	4	1	1	5	4	5	7	3	1	10	5	5	2	10	2
2012	3	25	14	30	新竹市	新竹市1中華路一段31號	24.817944	120.995134				8			50															3
2012	3	21	15	53	新竹市	新竹市3中華路六段231之10號	24.7427097	120.9082379	0	1	0	8	1	5	50	14	9	1	5	4	5	7	4	4	1	4	4	1	18	2
2012	3	24	16	42	新竹市	新竹市1光復路一段慈雲路路口	24.7874802	121.0095148				8			50															3
2012	3	25	11	14	新竹市	新竹市1光復路二段國光客運前	24.7932831	121.001211				8			50															3
2012	3	25	12	58	新竹市	新竹市2水田街142號	24.815058	120.967519	0	2	0	8	1	5	50	14	9	1	5	4	5	7	4	4	5	5	5	1	16	2
2012	3	12	12	39	新竹市	新竹市1關新路23號	24.7847694	121.0181367				8			50															3
2012	3	10	8	22	新竹市	新竹市2西大路民富街口	24.2326193	120.6673515	0	1	0	6	1	5	50	4	1	1	4	4	5	7	2	1	10	5	5	2	16	2
2012	3	25	14	8	新竹市	新竹市2東大路二段642號	24.8231551	120.958416	0	2	0	8	1	5	50	14	9	1	5	4	5	7	4	4	9	4	5	1	16	2
2012	3	10	18	18	新竹市	新竹市1公道五路電桿12482	24.8150922	120.9852896				8			50															3
2012	3	6	18	21	新竹市	新竹市2中華路三段45號	24.7968531	120.962521	0	2	0	8	3	5	50	14	9	1	5	4	5	7	4	4	9	4	5	1	2	2
2012	3	10	13	50	新竹市	新竹市1民族路66號	24.806693	120.97575				8			50															3
2012	3	10	12	23	新竹市	新竹市2東大路三段513號	24.8398341	120.937989	0	2	0	8	1	5	50	14	9	1	5	4	5	7	2	1	5	5	5	1	16	2
2012	3	25	18	11	新竹市	新竹市1中華路二段火車站前廣場	24.8042903	120.9752282				8			50															3
2012	3	25	18	45	新竹市	新竹市1明湖路400巷	24.7884154	120.9680175				8			50															3
2012	3	11	11	42	新竹市	新竹市3長興街228巷西濱路路口	24.756684	120.9059196				8			50															3
2012	3	11	13	39	新竹市	新竹市2中正路280號	24.812574	120.964232	0	3	0	6	1	5	50	3	1	1	4	4	5	7	4	4	10	5	5	2	16	2
2012	3	25	23	41	新竹市	新竹市2東大路三段公道五路口（機場彎道）	24.8256414	120.9566902	0	0	0	8	3	5	50	11	9	1	5	4	5	1	4	4	4	5	5	1	19	3
2012	3	19	10	30	新竹市	新竹市1中央路173號中華路路口	24.8367118	121.0051265	0	0	0	8	1	5	50	14	9	1	5	4	5	7	4	4	10	4	5	2	17	3
2012	3	23	7	9	新竹市	新竹市2武陵路175巷	24.8210508	120.9683298				8			50															3
2012	3	13	8	28	新竹市	新竹市3中華路四段490號	24.790884	120.934807				8			50															3
2012	3	16	6	49	新竹市	新竹市2中山路500號	23.8548668	120.983603	0	1	0	8	1	4	50	14	9	1	5	4	5	7	4	4	5	5	5	2	16	2
2012	3	16	17	53	新竹市	新竹市3景觀大道電桿10636	31.3512963	120.9811634				8			50															3
2012	3	16	9	56	新竹市	新竹市3香檳五街47巷1號	24.77925155	120.9504576				8			50															3
2012	3	23	11	21	新竹市	新竹市1民族路與自由路口	24.8058295	120.9739947	0	1	0	8	1	5	50	4	1	1	5	4	5	7	1	1	10	5	5	2	16	2
2012	3	25	15	25	新竹市	新竹市1綠水路51巷	24.8004481	120.984191				8			50															3
2012	3	25	18	40	新竹市	新竹市3牛埔東路景觀大道路口	24.7585468	120.9585146				8			50															3
2012	3	26	7	20	新竹市	新竹市1南大路634巷	24.7939919	120.9623443				8			50															3
2012	3	26	7	40	新竹市	新竹市1經國路一段156巷50弄溪埔路	24.81567	120.9889339	0	1	0	8	1	5	50	4	1	1	5	4	5	7	1	1	10	5	5	2	16	2
2012	3	26	8	39	新竹市	新竹市1光復路一段9號	24.7809411	121.026143	0	2	0	8	1	5	50	3	1	1	5	4	5	7	1	1	10	5	5	2	10	2
2012	3	22	12	22	新竹市	新竹市1經國路一段鐵道路路口	24.8147874	120.9808653				8			50															3
2012	3	26	10	55	新竹市	新竹市1南大路750-1號	24.7902002	120.965189	0	2	0	8	1	5	50	14	9	1	5	4	5	7	4	4	5	5	5	2	16	2
2012	3	26	8	0	新竹市	新竹市1花園街光復路	24.8033933	120.9790255				8			50															3
2012	3	26	10	21	新竹市	新竹市3大庄路21號	24.7911971	120.9265114	0	2	0	8	1	5	50	14	9	1	5	4	5	7	4	4	5	5	5	2	16	2
2012	3	26	8	55	新竹市	新竹市1光復路二段576巷	24.7910277	121.0077548				8			50															3
2012	3	22	16	3	新竹市	新竹市3經國路三段牛埔路路口	24.7991891	120.9533827				8			50															3
2012	3	26	10	40	新竹市	新竹市1中華路一段184號	24.8145681	120.991732				8			50															3
2012	3	26	11	15	新竹市	新竹市1中華路二段12號	24.809163	120.982326				8			50															3
2012	3	24	11	4	新竹市	新竹市3景觀大道東香路路口	24.7585468	120.9585146				8			70															3
2012	3	24	12	5	新竹市	新竹市2經國路二段609號	24.80229355	120.9547256	0	2	0	7	1	5	50	14	9	1	5	4	5	7	1	1	1	4	5	2	17	2
2012	3	25	3	18	新竹市	新竹市1經國路國華街路口	24.8141048	120.9708721				8			50															3
2012	3	26	11	40	新竹市	新竹市1中華路三段77號	24.7966131	120.961697	0	1	0	8	1	5	50	14	9	1	5	4	5	7	4	4	9	4	5	1	13	2
2012	3	18	6	50	新竹市	新竹市2經國路二段笑傲江湖停車場出入口前	24.8137323	120.9674304				8			50															3
2012	3	18	11	20	新竹市	新竹市2境福街56巷16號	24.817255	120.9615898				8			40															3
2012	3	18	12	50	新竹市	新竹市1光復路二段585號	24.8030891	120.979934				8			50															3
2012	3	19	21	5	新竹市	新竹市2中正路538號	24.816963	120.956948				8			50															3
2012	3	20	21	35	新竹市	新竹市1民權路86巷	24.80738325	120.9756521				8			50															3
2012	3	7	18	20	新竹市	新竹市1光復路一段25號	24.7810331	121.025745	0	2	0	8	3	5	50	11	9	1	5	4	5	7	1	1	5	5	5	2	3	2
2012	3	26	20	15	新竹市	新竹市2湳中街武陵路路口	29.0289146	111.6613067	0	3	0	8	3	5	40	3	1	1	5	4	5	7	1	1	10	5	5	2	16	2
2012	3	11	7	15	新竹市	新竹市3西濱快速道路	24.8684988	120.9533201				6			80															3
2012	3	11	10	30	新竹市	新竹市1中正路45號	24.8036621	120.970804				6			50															3
2012	3	13	19	15	新竹市	新竹市1東光路八德路路口	24.8027569	120.986942				6			50															3
2012	3	14	16	30	新竹市	新竹市1民主路222巷	24.8132194	120.9777493	0	1	0	6	1	5	50	4	1	1	4	4	5	7	4	4	10	5	5	2	16	2
2012	3	14	19	10	新竹市	新竹市2中山路大同路路口	24.34623015	120.6264257				8			50															3
2012	3	18	21	49	新竹市	新竹市1光復路一段459巷45號	24.782808	121.014638				8			50															3
2012	3	19	4	58	新竹市	新竹市1經國路一段85號	24.8152011	120.990072				6			50															3
2012	3	20	15	32	新竹市	新竹市1經國路光華東街	24.8158715	120.9792625				8			50															3
2012	3	20	18	37	新竹市	新竹市1學府路72號	24.796247	120.983194	0	2	0	7	3	5	50	14	9	1	5	4	5	7	4	4	9	5	5	1	16	2
2012	3	15	13	10	新竹市	新竹市3元培街東香路路口	24.7761866	120.9439411	0	2	0	8	1	5	50	3	1	1	5	4	5	7	3	1	10	5	5	2	11	2
2012	3	21	7	24	新竹市	新竹市1公道五路一段67號	24.7924614	121.0067013				8			50															3
2012	3	21	12	10	新竹市	新竹市2水田街26號	24.811732	120.965766	0	1	0	8	1	5	50	3	2	1	5	4	5	7	4	4	9	5	5	2	16	2
2012	3	19	14	5	新竹市	新竹市3經國路三段92巷	24.7982434	120.9530141	0	1	0	8	1	5	50	3	1	1	5	4	5	7	4	4	1	4	5	2	16	2
2012	3	24	8	47	新竹市	新竹市1中華路一段188號	24.8143991	120.991593	0	1	0	6	1	5	50	14	8	1	4	4	5	7	4	4	1	4	5	2	12	2
2012	3	24	15	52	新竹市	新竹市1光復路一段529號	24.7924614	121.0067013				8			50															3
2012	3	24	17	11	新竹市	新竹市1光復路二段國光客運站	24.7932831	121.001211	0	1	0	8	1	5	50	14	13	1	5	4	4	7	4	4	1	4	4	1	13	2
2012	3	21	16	28	新竹市	新竹市1光復路一段536號	24.7924614	121.0067013	0	1	0	8	1	5	50	14	9	1	5	4	5	7	4	4	5	4	5	2	12	2
2012	3	11	16	0	新竹市	新竹市1民族路127巷2號	24.808575	120.977844				8			50															3
2012	3	2	21	15	新竹市	新竹市1寶山路170號	24.792025	120.9756149	0	1	0	8	3	5	50	3	1	1	5	4	5	7	4	4	10	5	5	2	16	2
2012	3	27	12	50	新竹市	新竹市1光復路一段267號	24.781937	121.019662	0	1	0	8	1	5	50	14	9	1	5	4	5	7	4	4	5	4	5	2	16	2
2012	3	27	9	50	新竹市	新竹市1光復路一段80號前	24.7814711	121.024496				8			50															3
2012	3	10	13	30	新竹市	新竹市1南大路361號	24.796917	120.968949				8			50															3
2012	3	24	10	46	新竹市	新竹市1關新路19巷57號7樓	24.7846405	121.0173399				8			50															3
2012	3	10	15	10	新竹市	新竹市1慈濟路埔頂一路路口	24.7931955	121.0155735				8			50															3
2012	3	27	14	55	新竹市	新竹市1金山街73號	24.7776691	121.022367				8			50															3
2012	3	10	20	45	新竹市	新竹市1光復路二段金城一路路口	24.7932831	121.001211	0	2	0	8	3	5	50	3	1	1	5	4	5	7	1	1	10	5	5	2	16	2
2012	3	26	16	52	新竹市	新竹市3大庄路67號	24.7898381	120.927861	0	3	0	8	1	5	50	3	1	1	5	4	5	7	3	1	10	5	5	2	16	2
2012	3	27	18	39	新竹市	新竹市2西大路527號	24.806416	120.961906				8			50															3
2012	3	27	20	2	新竹市	新竹市2中正路288號	24.8126934	120.9639542				8			50															3
2012	3	27	20	41	新竹市	新竹市2中正路36號	24.8035831	120.971313	0	1	0	8	3	5	50	14	9	1	5	4	5	7	4	4	5	4	5	2	16	2
2012	3	26	17	50	新竹市	新竹市3元培街373號	24.77645	120.943671				8			50															3
2012	3	27	19	1	新竹市	新竹市2中山路306號	24.8020781	120.960939	0	1	0	8	3	5	50	14	9	1	5	4	5	7	4	4	10	5	5	2	3	2
2012	3	27	21	50	新竹市	新竹市3元培街148巷	24.78274365	120.9329126	0	1	0	8	3	5	50	14	9	1	5	4	5	7	4	4	5	5	5	2	12	2
2012	3	25	16	32	新竹市	新竹市2台68線向西1.5K處	24.82387895	120.980277				8			90															3
2012	3	28	8	15	新竹市	新竹市1南大路550巷	24.79509185	120.9708905				8			50															3
2012	3	26	7	24	新竹市	新竹市1中華路與往竹蓮寺地下道出入口	24.8161395	120.9934274				8																		3
2012	3	28	10	26	新竹市	新竹市1園後街64號	24.800182	120.983632				8			40															3
2012	3	28	12	3	新竹市	新竹市1經國路一段478號	24.8147556	120.9781383				8			50															3
2012	3	28	9	35	新竹市	新竹市1西大路102巷口	24.80149085	121.1709575	0	2	0	8	1	5	50	4	1	1	5	4	5	7	2	1	10	5	5	2	16	2
2012	3	21	17	0	新竹市	新竹市1埔頂路317巷	24.79418315	121.013014				8			50															3
2012	3	28	15	28	新竹市	新竹市1中央路106號	24.8061025	120.96957				8			50															3
2012	3	28	16	12	新竹市	新竹市1東山街327巷	24.79910465	120.9763723				8			50															3
2012	3	28	17	1	新竹市	新竹市1寶山路402-2號	24.78597275	120.988269	0	1	0	8	1	5	50	14	9	1	5	4	5	7	4	4	1	4	5	2	13	2
2012	3	28	19	5	新竹市	新竹市1中華路二段國賓飯店對面	24.8042903	120.9752282	0	2	0	8	3	5	50	4	1	1	5	4	5	7	1	1	10	5	5	2	13	2
2012	3	28	19	15	新竹市	新竹市2公道五路湳雅街路口	24.8235233	120.9787074				8			50															3
2012	3	28	3	50	新竹市	新竹市3元培街235號	24.779394	120.93627				8			50															3
2012	3	28	5	20	新竹市	新竹市2經國路二段	24.8137323	120.9674304				8			50															3
2012	3	28	18	50	新竹市	新竹市1南大路225號	24.799045	120.972341				8			50															3
2012	3	28	20	20	新竹市	新竹市1食品路141巷19號	24.7968161	120.977429							50															3
2012	3	21	20	50	新竹市	新竹市1經國路與鐵道路口	24.8161395	120.9934274	0	1	0	8	3	5	50	5	1	1	5	4	5	7	1	1	10	5	5	2	16	2
2012	3	24	13	33	新竹市	新竹市1公道五路二段東勢街路口	24.8053965	120.9927038				8			50															3
2012	3	29	9	15	新竹市	新竹市1中華路二段民權路路口	24.8055397	120.9770756				8			50															3
2012	3	22	9	18	新竹市	新竹市1南大路748巷11號	24.787831	120.963972	0	1	0	8	1	5	50	14	9	1	5	4	5	7	4	4	10	4	5	2	11	2
2012	3	29	12	40	新竹市	新竹市2鐵道路二段166巷46號	24.82240975	120.9718683				8			40															3
2012	3	29	7	34	新竹市	新竹市1寶山路2號	24.79434485	120.9730693	0	1	0	8	1	5	50	3	2	1	5	4	5	7	4	4	5	5	5	2	18	2
2012	3	22	16	53	新竹市	新竹市1忠孝路434巷	24.8029145	120.9833453	0	1	0	8	1	5	50	3	1	1	5	4	5	7	4	4	5	5	5	2	16	2
2012	3	25	7	45	新竹市	新竹市1光復路一段313號	24.7826611	121.018739				8			50															3
2012	3	25	9	9	新竹市	新竹市2西大路643巷13號	24.80971	120.958157	0	1	0	8	1	5	40	14	9	1	5	4	5	7	4	4	10	5	5	1	12	2
2012	3	27	17	36	新竹市	新竹市1食品路164號	24.797525	120.976471				8			50															3
2012	3	22	7	55	新竹市	新竹市1太原路313巷63弄	24.81356115	120.9933264	0	1	0	8	1	5	40	3	1	1	5	4	5	7	4	4	10	5	5	2	16	2
2012	3	29	9	48	新竹市	新竹市3牛埔路牛埔東路路口	24.799689	120.9515893	0	1	0	8	1	5	50	4	1	1	5	4	5	7	1	1	10	5	5	2	12	2
2012	3	29	12	46	新竹市	新竹市1建華街11號	24.793776	120.974364				8			50															3
2012	3	24	17	18	新竹市	新竹市1金城一路48巷	24.7951886	121.0044929	0	1	0	8	1	5	50	14	9	1	5	4	5	7	4	4	5	4	5	2	16	2
2012	3	29	16	21	新竹市	新竹市1埔頂一路好市多旁	24.7909875	121.0171366	0	1	0	8	1	5	50	14	9	1	5	4	5	7	4	4	10	4	5	2	12	2
2012	3	28	9	0	新竹市	新竹市3中華路六段692號	24.73400965	120.9131372				8			50															3
2012	3	29	17	15	新竹市	新竹市2東大路四段109巷	24.8435201	120.9307635	0	1	0	8	1	5	50	3	1	1	5	4	5	7	4	4	10	5	5	2	16	2
2012	3	29	14	58	新竹市	新竹市2北大路	24.8109645	120.969934				8			50															3
2012	3	29	18	43	新竹市	新竹市1東光路85號	24.80210385	120.9869868	0	1	0	8	3	5	50	4	1	1	5	4	5	7	1	1	10	5	5	2	12	2
2012	3	29	17	58	新竹市	新竹市1光復路一段566號	24.7924614	121.0067013				8			50															3
2012	3	28	7	57	新竹市	新竹市1中華路一段255巷20號	24.81085495	120.991195				8			40															3
2012	3	28	9	22	新竹市	新竹市1東山街327巷2弄	24.79910465	120.9763723				8			40															3
2012	3	29	19	10	新竹市	新竹市3元培街365之1號	24.7765831	120.9428817				8			40															3
2012	3	28	7	0	新竹市	新竹市1中華路一段283號	24.8105151	120.985754				8			50															3
2012	3	29	21	15	新竹市	新竹市1光復路一段531巷	24.7830941	121.0116058				8			50															3
2012	3	30	7	47	新竹市	新竹市3海埔路171巷丁酉橋前	24.8109127	120.9215877	0	2	0	8	1	5	50	3	1	1	5	4	5	7	4	4	10	5	5	2	16	2
2012	3	28	10	40	新竹市	新竹市2中正路建興街路口	24.8083178	120.9672934	0	2	0	8	1	5	50	3	2	1	5	4	5	7	4	4	10	5	5	2	11	2
2012	3	29	17	0	新竹市	新竹市1中華路二段SOGO百貨公司停車場出入口	24.8042903	120.9752282				8			50															3
2012	3	30	8	3	新竹市	新竹市1南大路88巷口	24.81998545	120.9844231	0	1	0	8	1	5	50	3	1	1	5	4	5	7	4	4	10	5	5	2	16	2
2012	3	30	8	49	新竹市	新竹市1中華路一段384巷	24.8128035	120.9853889				8			40															3
2012	3	30	11	24	新竹市	新竹市1中華路一段頭前溪橋前	24.8193477	120.9955776				8			50															3
2012	3	25	15	19	新竹市	新竹市1慈雲路埔頂一路路口	24.7874802	121.0095148				8			50															3
2012	3	25	13	55	新竹市	新竹市1勝利路194號	24.800569	120.966046				8			50															3
2012	3	24	17	33	新竹市	新竹市2武陵路227巷	24.823076	120.970343				8			50															3
2012	3	30	7	0	新竹市	新竹市3中華路四段300號	24.79380635	120.9456314				8			50															3
2012	3	30	8	49	新竹市	新竹市2中華路一段鐵道路路口	24.8105046	120.9849983	0	2	0	8	1	5	50	14	9	1	5	4	5	7	1	1	2	4	5	2	12	2
2012	3	30	7	17	新竹市	新竹市1光復路金城一路路口	24.7939497	121.0022741	0	2	0	8	1	5	50	4	1	1	5	4	5	7	1	1	10	5	5	2	15	2
2012	3	30	10	7	新竹市	新竹市1光復路544巷	24.787865	121.0109898				8			50															3
2012	3	30	15	40	新竹市	新竹市3中華路四段271巷	24.7937039	120.9456865				8			50															3
2012	3	24	14	20	新竹市	新竹市2少年街69號	24.806525	120.958193				8			50															3
2012	3	30	18	12	新竹市	新竹市2中山路中山橋前	24.798766	120.9568732	0	2	0	7	1	5	50	3	2	1	5	4	5	7	4	4	5	5	5	2	16	2
2012	3	30	20	47	新竹市	新竹市1北大路44號	24.812738	120.972532	0	0	0	8	3	5	50	14	9	1	5	4	5	7	4	4	5	4	5	2	11	3
2012	3	24	17	15	新竹市	新竹市2湳雅街、農改路口	24.8178793	120.9706768				8			50															3
2012	3	25	9	50	新竹市	新竹市3元培街373號	24.77645	120.943671	0	1	0	8	1	5	50	14	9	1	5	4	5	7	4	4	5	5	5	2	17	2
2012	3	30	23	56	新竹市	新竹市2中山路中和路路口	23.8333047	120.4693168				8			50															3
2012	3	25	12	31	新竹市	新竹市1仁愛街78號	24.8084791	120.970581				8			50															3
2012	3	30	21	27	新竹市	新竹市1東山街127巷培英街路口	24.7983092	120.9781854	0	1	0	8	3	5	40	4	1	2	5	4	5	7	4	4	10	5	5	2	15	2
2012	3	30	22	53	新竹市	新竹市2經國路二段延平路路口	24.8047718	120.9556443				8			50															3
2012	3	30	21	35	新竹市	新竹市1文昌街復興路路口	24.8032102	120.96871	0	1	0	8	3	5	50	14	9	1	5	4	5	7	4	4	5	4	5	2	17	2
2012	3	30	20	30	新竹市	新竹市3中華路六段703巷土地公廟旁	24.7318662	120.9153228	0	1	0	7	3	5	50	4	1	1	5	4	5	7	4	4	10	5	5	2	16	2
2012	3	31	10	22	新竹市	新竹市1公園路260號	24.8038571	120.98013				8			50															3
2012	3	31	13	45	新竹市	新竹市1明湖路221巷12號	24.7913971	120.969258				8			40															3
2012	3	24	15	2	新竹市	新竹市2中華路三段128號	24.79679855	120.9600366				8			50															3
2012	3	31	13	41	新竹市	新竹市1千甲路太原路路口	37.8545931	112.5517968	0	3	0	8	1	5	50	4	1	1	5	4	5	7	3	1	10	5	5	2	16	2
2012	3	25	15	15	新竹市	新竹市1南大路380號	24.798066	120.969855	0	0	0	8	1	5	50	14	9	1	4	4	5	7	4	4	10	4	5	2	12	3
2012	3	30	7	8	新竹市	新竹市2經國路二段153號	24.8113351	120.963999				8			50															3
2012	3	30	8	31	新竹市	新竹市3牛埔東路6號	24.798401	120.947732				8			50															3
2012	3	30	11	10	新竹市	新竹市2經國路一段(金輝餐廳停車場前)	24.81550455	120.990411	0	1	0	8	1	5	50	14	9	1	5	4	5	7	4	4	1	4	5	2	16	2
2012	3	26	11	15	新竹市	新竹市1光復路一段525巷19號	24.7842296	121.0118399				8			50															3
2012	3	26	16	28	新竹市	新竹市1光復路一段關新路路口	24.7832442	121.0177491				8			50															3
2012	3	17	21	46	新竹市	新竹市1光復路一段525巷	24.78436645	121.0121615	0	1	0	8	3	5	50	4	1	1	5	4	5	7	2	1	10	5	5	2	16	2
2012	3	29	7	5	新竹市	新竹市2中正路286號	24.812867	120.964159				8			50															3
2012	3	29	8	50	新竹市	新竹市1光復路一段201號	24.7815761	121.021569	0	1	0	8	1	5	50	14	9	1	5	4	5	7	4	4	5	4	5	2	13	2
2012	3	23	17	50	新竹市	新竹市2竹港大橋P18	24.8461108	120.9375003				8			50															3
2012	3	25	21	51	新竹市	新竹市1民生路經國路路口	24.8142127	120.9742827				8			50															3
2012	3	29	9	11	新竹市	新竹市2光華街110-1號	24.818399	120.971773				8			50															3
2012	3	21	6	52	新竹市	新竹市2湳雅街126號	24.819725	120.973265				8			50															3
2012	3	30	15	50	新竹市	新竹市1南大路748巷28弄2-1號	24.788514	120.964185				8			50															3
2012	3	31	12	12	新竹市	新竹市1光復路一段268巷19號	24.7832541	121.020624				8			50															3
2012	3	25	19	34	新竹市	新竹市1勝利路186號	24.8004251	120.966202				8			50															3
2012	3	30	20	46	新竹市	新竹市2北大路251號	24.807157	120.964131	0	1	0	8	3	5	50	14	9	1	5	4	5	7	4	4	5	4	5	2	16	2
2012	3	31	22	51	新竹市	新竹市1經國路一段民生路路口	24.8142127	120.9742827	0	1	0	8	3	5	50	4	18	1	5	4	5	7	2	1	10	5	5	2	3	2
2012	3	25	3	31	新竹市	新竹市2中山路112號	24.804421	120.965003	0	0	0	8	2	5	50	14	9	1	5	4	5	7	4	4	5	5	5	1	12	3
2012	3	26	19	8	新竹市	新竹市1關新路5號	24.78560435	121.0191651				8			50															3
2012	3	27	10	7	新竹市	新竹市1明湖路980之7號	24.796199	120.9701181	0	2	0	8	1	5	50	14	9	1	5	4	5	7	4	4	5	5	5	2	13	2
2012	3	27	6	50	新竹市	新竹市1寶山路408-1號	23.8548668	120.983603	0	0	0	8	1	5	50	3	1	1	5	4	5	7	4	4	10	5	5	2	16	3
2012	3	27	18	47	新竹市	新竹市3牛埔南路6號	24.79278225	120.9423128				8			50															3
2012	3	28	7	25	新竹市	新竹市3中華路四段705號	24.7887249	120.9300095	0	2	0	8	2	5	50	3	1	1	5	4	5	7	2	1	10	5	5	2	15	2
2012	3	30	17	26	新竹市	新竹市1光復路二段296號	24.7953791	120.998863				8			50															3
2012	3	31	10	44	新竹市	新竹市2光華一街1月30日號	23.8548668	120.983603	0	1	0	8	1	5	50	3	1	1	5	4	5	7	4	4	10	5	5	2	16	2
2012	3	23	12	34	新竹市	新竹市3五福路二段柯湳一街	24.7546815	120.954002				8			50															3
2012	3	24	18	12	新竹市	新竹市3景觀大道電桿12572	31.3512963	120.9811634				8			50															3
2012	3	26	1	5	新竹市	新竹市1自由路經國路口	24.8147153	120.9796905				8			50															3
2012	3	18	5	21	新竹市	新竹市3瑞光街90號	24.79335205	120.925868				8			50															3
2012	3	31	18	10	新竹市	新竹市1食品路534號	24.7947181	120.965517				8			50															3
2012	3	31	14	50	新竹市	新竹市1光復路一段525巷	24.78436645	121.0121615	0	1	0	8	1	5	40	11	9	1	5	4	5	1	4	4	10	5	5	2	10	2
2012	3	31	12	45	新竹市	新竹市2英明街28號	24.80622745	120.9667742				8			40															3
2012	3	31	18	15	新竹市	新竹市1民權路193號	24.8099631	120.973471				8			50															3
2012	3	31	20	7	新竹市	新竹市2中正路297號	24.827689	121.078481	0	2	0	8	3	5	50	14	9	1	5	4	5	7	4	4	5	4	5	1	3	2
2012	3	27	12	18	新竹市	新竹市2中華路三段121巷	24.7965491	120.960726				8			40															3
2012	3	27	14	50	新竹市	新竹市1新源街20號	24.800066	120.9917458				8			40															3
2012	3	26	15	30	新竹市	新竹市1經國路一段民主路口	24.8141071	120.9770615				8			50															3
2012	3	25	19	40	新竹市	新竹市1水利路46巷	24.8025609	121.0054358				8			40															3
2012	3	30	9	15	新竹市	新竹市1建功一路42巷口弄	24.81808385	120.9947818				8			50															3
2012	3	30	7	8	新竹市	新竹市1興學街24號	24.798028	120.967658				8			50															3
2012	3	23	7	40	新竹市	新竹市2鐵道路二段292巷40弄口號	24.8241401	120.9690922				8			40															3
2012	3	25	17	5	新竹市	新竹市2天府路一段370號	24.8363155	120.9398668	0	2	0	8	1	5	50	14	9	1	5	4	5	7	4	4	1	4	5	1	12	2
2012	3	6	18	58	新竹市	新竹市1南大路672巷	24.7913726	120.9626519	0	1	0	8	3	5	50	3	2	1	5	4	5	7	1	1	5	5	5	2	12	2
2012	3	19	16	54	新竹市	新竹市1光復路建中路路口	24.8020598	120.9954236				8			50															3
2012	3	26	16	18	新竹市	新竹市2林森路210巷	24.798647	120.963456				8			50															3
2012	3	20	7	40	新竹市	新竹市2成德一街15353號路燈處	24.78929905	120.9572937	0	1	0	7	1	5	50	11	9	1	4	4	5	7	4	4	4	5	5	2	12	2