年	月	日	時	分	縣市	allLocation	GoogleLat	GoogleLng	死	受傷	2-30	天候	光線	道路類別	速限	道路型態	事故位置	路面鋪裝	路面狀態	路面缺陷	障礙物	視距	號誌種類	號誌動作	分向設施	快車道或一般車道間	快慢車道間	路面邊線	事故類型及型態	事故類別
2012	3	20	16	50	新竹市	新竹市2北大路324號	24.8061793	120.9623825				8			50															3
2012	3	21	10	55	新竹市	新竹市2中華路三段9號	24.7968745	120.9594703				8			50															3
2012	3	27	21	30	新竹市	新竹市1南大路606號	24.793988	120.963246	0	1	0	8	3	5	50	14	9	1	5	4	5	7	4	4	5	5	5	1	16	2
2012	3	24	11	10	新竹市	新竹市1南大路253號	24.798635	120.971769	0	2	0	7	1	5	50	14	9	1	5	4	5	7	4	4	9	5	5	2	16	2
2012	3	24	7	11	新竹市	新竹市1光復路一段慈雲路路口	24.7874802	121.0095148	0	1	0	6	1	5	50	5	2	1	4	4	5	7	4	4	10	5	5	2	12	2
2012	3	24	9	5	新竹市	新竹市2武陵路22巷52號	24.820736	120.97057	0	1	0	6	1	5	50	13	9	1	4	4	5	7	4	4	10	5	5	2	16	2
2012	3	28	16	5	新竹市	新竹市1光復路一段水源街路口	24.8118259	121.0260022				8			50															3
2012	3	24	12	18	新竹市	新竹市1公道五路12428號路燈	24.79760605	121.0029783				8			50															3
2012	3	24	15	20	新竹市	新竹市2北門公有停車場內	24.81534	120.9490543				8			20															3
2012	3	25	18	40	新竹市	新竹市2公道五路二段武陵路路口	29.0289146	111.6613067				8			50															3
2012	3	25	21	54	新竹市	新竹市1中華路二段706號	24.797819	120.964592				8			50															3
2012	3	27	13	17	新竹市	新竹市1光復路學府路路口	24.8009967	120.9870539				8			50															3
2012	3	27	0	30	新竹市	新竹市1南大路593號	24.79484195	120.9652302	0	1	0	8	3	5	50	14	9	1	5	4	5	7	4	4	5	5	5	2	13	2
2012	3	28	19	38	新竹市	新竹市3虎林街149號	24.8076516	120.9400743				8			50															3
2012	3	17	9	27	新竹市	新竹市3牛埔路119號前	24.799338	120.9524735				8			50															3
2012	3	21	22	6	新竹市	新竹市2中山路與北大路口	24.8356702	121.0202474	0	2	0	8	3	5	50	4	1	1	5	4	5	7	2	1	10	5	5	2	16	2
2012	3	29	10	40	新竹市	新竹市1民主路139號	24.81221985	120.9785241				8			50															3
2012	3	22	19	53	新竹市	新竹市2林森路169號前	24.7992741	120.964894	0	1	0	8	3	5	50	14	9	1	5	4	5	7	4	4	5	4	5	1	16	2
2012	3	29	12	19	新竹市	新竹市3中華路四段198號	24.795756	120.949379				8			50															3
2012	3	22	20	58	新竹市	新竹市2中華路3段50號前	24.79678815	120.960701	0	2	0	8	3	5	50	14	9	1	5	4	5	7	4	4	9	5	5	2	16	2
2012	3	27	18	17	新竹市	新竹市1高峰路29號前	24.7935934	120.9730288				8			50															3
2012	3	15	13	10	新竹市	新竹市2經國路二段延平路路口172巷2弄口前	24.8047718	120.9556443	0	1	0	8	1	5	50	3	1	1	5	4	5	7	4	4	10	5	5	2	16	2
2012	3	30	23	20	新竹市	新竹市1中央路355巷	24.8132554	120.979903	0	1	0	8	3	5	50	3	18	1	5	4	5	7	4	4	10	5	5	2	3	2
2012	3	29	20	25	新竹市	新竹市1光復路一段802號前	24.7924614	121.0067013	0	2	0	8	3	5	50	14	9	1	5	4	5	7	4	4	1	4	5	2	11	2
2012	3	29	23	21	新竹市	新竹市3牛埔南路142巷口	24.79629595	120.9399026	0	1	0	8	3	5	50	4	1	1	5	4	5	7	3	1	10	5	5	2	16	2
2012	3	25	12	0	新竹市	新竹市2西門街299巷	24.798978	120.9595589	0	1	0	8	1	5	50	4	1	1	5	4	5	6	4	4	10	5	5	2	15	2
2012	3	30	15	51	新竹市	新竹市1田美三街5巷16號	24.81500215	120.9763131	0	1	0	8	2	5	50	14	9	1	5	4	5	6	4	4	10	5	5	2	2	2
2012	3	15	11	56	新竹市	新竹市1寶山路452巷17弄	24.7815281	120.989743				8			50															3
2012	3	30	21	24	新竹市	新竹市1光復路二段新光路路口	24.8008484	120.9879247	0	2	0	8	3	5	50	14	9	1	5	4	5	7	3	1	1	5	5	1	17	2
2012	3	16	17	30	新竹市	新竹市1西大路145號	24.79683	120.9694801				8			50															3
2012	3	20	7	0	新竹市	新竹市2北大路239巷	24.81149905	120.9735275	0	1	0	8	1	5	50	3	9	1	5	4	5	7	4	4	5	4	5	2	16	2
2012	3	31	12	28	新竹市	新竹市1振興路72巷	24.79515	120.961862	0	1	0	8	1	5	50	4	1	1	5	4	5	6	4	4	10	5	5	2	16	2
2012	3	25	22	9	新竹市	新竹市3元培街365-1號	24.7765831	120.9428817	0	2	0	8	3	5	50	14	9	1	5	4	5	7	4	4	4	4	5	2	13	2
2012	3	20	9	50	新竹市	新竹市2武陵路271巷31弄	24.82431635	120.9709692				8			50															3
2012	3	25	12	6	新竹市	新竹市1金山街111號	24.77734	121.023402				8			50															3
2012	3	20	7	40	新竹市	新竹市1光復路一段190號	24.781899	121.022147				8			50															3
2012	3	27	11	27	新竹市	新竹市1公園路211號	24.8039281	120.981188				8			50															3
2012	3	30	17	0	新竹市	新竹市1經國路一段379巷口	24.81998545	120.9844231				8			50															3
2012	3	24	10	55	新竹市	新竹市1中華路二段東大路路口新竹女中前	24.8042903	120.9752282				8			50															3
2012	3	24	11	31	新竹市	新竹市2經國路一段678號	24.814437	120.974408				8			50															3
2012	3	30	17	52	新竹市	新竹市1東南街69巷	24.799345	120.973241				8			50															3
2012	3	30	8	52	新竹市	新竹市2中正路194號	24.8102473	120.9659544																						3
2012	3	31	19	5	新竹市	新竹市2東大路鐵道路路口	24.8198055	120.961431				8			50															3
2012	3	29	17	50	新竹市	新竹市3海埔路171巷67號	24.81192855	120.9218782				8			50															3
2012	3	16	11	33	新竹市	新竹市3中華路六段內湖路路口	24.7461546	120.9063973				8			50															3
2012	3	17	17	1	新竹市	新竹市1西大路46巷9號	24.7959291	120.9717879	0	0	0	8	1	5	40	14	9	1	5	4	5	7	4	4	10	5	5	1	11	3
2012	3	26	11	55	新竹市	新竹市2中華路三段121巷	24.7965491	120.960726				8			50															3
2012	3	26	16	16	新竹市	新竹市2西濱路一段	24.8248635	120.9306095				8			50															3
2012	3	30	9	35	新竹市	新竹市2成德路138號	24.794117	120.958017	0	1	0	8	1	5	50	3	2	1	5	4	5	7	4	4	5	4	5	2	13	2
2012	3	30	11	50	新竹市	新竹市2東大路四段西濱路路口	24.8423748	120.9341485				8			50															3
2012	3	24	13	10	新竹市	新竹市1光復路二段學府路路口	24.8009967	120.9870539				8			50															3
2012	3	3	14	20	新竹市	新竹市2中央路19號停車格內	24.804653	120.966837				8			50															3
2012	3	24	14	15	新竹市	新竹市1振興路新興地下道	24.7950908	120.9597601				8			40															3
2012	3	27	8	52	新竹市	新竹市1民生路284號	24.8130429	120.9749485				8			50															3
2012	3	27	9	47	新竹市	新竹市1大學路81巷	24.788634	121.002887	0	1	0	8	1	5	50	14	9	1	5	4	5	7	4	4	4	5	5	2	12	2
2012	3	25	20	50	新竹市	新竹市1中華路二段火車站	24.8042903	120.9752282				8			40															3
2012	3	21	18	0	新竹市	新竹市3元培街8號	24.7767133	120.9439115				8			40															3
2012	3	22	21	11	新竹市	新竹市1寶山路84巷	24.793127	120.9744691																						3
2012	3	27	18	40	新竹市	新竹市3元培街341號	24.77842755	120.9396875																						3
2012	3	21	23	33	新竹市	新竹市1林森路54號	24.8016001	120.967953				8			50															3
2012	3	28	10	20	新竹市	新竹市1科學園路裕民街路口	24.7854555	121.0104263				8			50															3
2012	3	31	10	44	新竹市	新竹市1中華路二段672號	24.798379	120.965497				8			50															3
2012	3	31	12	17	新竹市	新竹市3元培街元培大學	24.777881	120.9404647	0	1	0	8	1	5	40	14	9	1	5	4	5	7	1	1	10	5	5	2	29	2
2012	3	28	20	11	新竹市	新竹市3柴橋路117巷2號	24.76540305	120.9663221				8			40															3
2012	3	21	20	35	新竹市	新竹市2新港路新港四路	24.850122	120.9256302	0	1	0	8	4	5	50	4	2	1	5	4	5	7	4	4	5	4	5	2	19	2
2012	3	21	21	52	新竹市	新竹市1公道五路建新路路口	23.907561	106.625776	0	1	0	8	3	5	50	3	1	1	5	4	5	7	4	4	1	4	4	2	16	2
2012	3	23	16	15	新竹市	新竹市1食品路268號	24.79436325	120.9717469	0	1	0	7	2	5	50	14	9	1	4	4	5	7	4	4	5	2	5	2	11	2
2012	3	24	11	30	新竹市	新竹市1寶山路381號	24.78832185	120.9824059	0	2	0	8	1	5	50	3	1	1	5	4	5	7	3	1	10	5	5	2	11	2
2012	3	28	11	20	新竹市	新竹市1經國路一段387號	24.81441	120.9787551				8			50															3
2012	3	29	8	17	新竹市	新竹市2中正路經國路路口	24.8119989	120.9644536				8			50															3
2012	3	29	19	30	新竹市	新竹市1高峰路386巷	24.77910945	120.9818145				8			40															3
2012	3	23	21	22	新竹市	新竹市3中華路五段208巷口弄	24.7855805	120.9166773				6			50															3
2012	3	31	1	5	新竹市	新竹市1中華路一段經國路路口	24.8161395	120.9934274				8			50															3
2012	3	22	22	10	新竹市	新竹市1光復路二段建功路路口	24.7932831	121.001211				8			50															3
2012	3	24	8	40	新竹市	新竹市3景觀大道國道三橋下	31.3512963	120.9811634	0	1	0	8	1	5	50	14	9	1	4	4	5	7	4	4	1	4	5	2	17	2
2012	3	24	10	50	新竹市	新竹市3中華路四段214號	24.7956001	120.949035				8			70															3
2012	3	24	11	53	新竹市	新竹市1西大路303號	24.801139	120.966171				8			50															3
2012	3	30	0	52	新竹市	新竹市1光復路二段水源街路口	24.7998135	120.9909705				8			50															3
2012	3	31	9	50	新竹市	新竹市1民主路239巷2弄	24.808564	120.981542				8			40															3
2012	3	24	14	59	新竹市	新竹市1中正路東門圓環路口	24.8044523	120.9702289				8			50															3
2012	3	24	16	11	新竹市	新竹市1中華路二段471號	24.80126	120.970554				8			50															3
2012	3	25	14	50	新竹市	新竹市1食品路47號	24.799843	120.981257				8			50															3
2012	3	27	18	0	新竹市	新竹市3景觀大道香檳街	24.782637	120.9546454	0	1	0	8	2	5	50	3	1	1	5	4	5	7	1	2	10	5	5	2	16	2
2012	3	27	7	50	新竹市	新竹市1明湖路980-7號	24.796199	120.9701181	0	1	0	8	1	5	50	15	9	1	5	4	5	7	4	4	5	5	5	1	27	2
2012	3	29	8	9	新竹市	新竹市1西大路97巷16弄13號	24.795483	120.969964	0	1	0	8	1	5	40	13	9	1	5	4	5	7	4	4	10	5	5	2	8	2
2012	3	30	1	50	新竹市	新竹市1光復路二段802號	24.802063	120.984851				8			50															3
2012	3	30	21	0	新竹市	新竹市1東大路四段1月20日號	24.840834	120.936837				8			50															3
2012	3	30	22	3	新竹市	新竹市2西大路416號	24.803379	120.964904				8			50															3
2012	3	28	19	15	新竹市	新竹市1東門圓環中正路口	24.8044523	120.9702289	0	1	0	8	3	5	50	16	7	1	5	4	5	7	4	4	10	4	5	2	16	2
2012	3	30	7	34	新竹市	新竹市3元培街6號	24.787994	120.928589	0	1	0	8	1	5	50	3	1	1	5	4	5	7	4	4	10	5	5	2	16	2
2012	3	30	15	20	新竹市	新竹市2湳雅街溪洲橋P7橋墩前	24.8234728	120.9779836	0	2	0	8	1	5	50	14	8	1	5	4	5	7	4	4	10	2	5	2	13	2
2012	3	30	16	59	新竹市	新竹市1光復路二段373號	24.801124	120.986002				8			50															3
2012	3	31	10	35	新竹市	新竹市1中央路150號	24.807296	120.972038	0	2	0	8	1	5	50	14	9	1	5	4	5	7	4	4	5	5	5	2	12	2
2012	3	31	12	18	新竹市	新竹市3中華路六段402巷	24.735572	120.912332				8			50															3
2012	3	31	13	40	新竹市	新竹市2民富街161號	24.8069772	120.9599505				8			50															3
2012	3	29	18	8	新竹市	新竹市2境福街128號	24.8188532	120.9604144	0	2	0	8	3	5	50	4	1	1	5	4	5	7	1	1	10	5	5	2	16	2
2012	3	22	1	45	新竹市	新竹市1西大路興竹街口	24.71312845	120.8437461				6			50															3
2012	3	23	19	4	新竹市	新竹市3西濱路彩虹橋旁	24.7952182	120.9173913	0	1	0	8	3	5	50	14	9	1	5	4	5	7	4	4	1	4	5	1	18	2
2012	3	28	10	40	新竹市	新竹市2湳雅街85號	24.8188992	120.9718958																						3
2012	4	1	4	12	新竹市	新竹市3元培街154-1號	24.7881022	120.9287874				8			40															3
2012	4	1	7	22	新竹市	新竹市1新莊街埔頂路	24.7842065	121.015327				8			50															3
2012	4	1	10	18	新竹市	新竹市2光華街91號	24.817242	120.97202				8			50															3
2012	4	1	10	13	新竹市	新竹市1中華路二段170巷	24.8063911	120.9784284				8			50															3
2012	4	1	11	39	新竹市	新竹市1十八尖山停車場	24.79296755	120.984707				8			20															3
2012	4	1	11	7	新竹市	新竹市1八德路東光路路口	24.8027569	120.986942	0	1	0	7	1	5	50	3	1	1	5	4	5	7	4	4	10	5	5	2	16	2
2012	4	1	12	45	新竹市	新竹市2港北六街、西濱路一段口	24.8311712	120.9267252	0	1	0	8	1	5	50	14	9	1	5	4	5	7	4	4	10	5	5	2	9	2
2012	4	1	13	23	新竹市	新竹市1南大路566號	24.7945181	120.96417	0	2	0	8	1	5	50	14	9	1	5	4	5	7	4	4	5	5	5	1	13	2
2012	4	1	13	55	新竹市	新竹市2東大路四段103號	24.842419	120.933528	0	1	0	8	1	5	50	14	9	1	5	4	5	7	4	4	9	5	5	1	16	2
2012	4	1	15	40	新竹市	新竹市2西濱路一段24號	24.826176	120.927621	0	1	0	8	1	5	50	14	9	1	5	4	3	7	4	4	5	4	4	2	10	2
2012	4	1	15	34	新竹市	新竹市1學府路365號	24.7986691	120.985967				8			50															3
2012	4	1	18	59	新竹市	新竹市1林森路318號	24.797311	120.961097	0	1	0	8	3	5	50	14	9	1	5	4	5	7	4	4	5	4	5	1	13	2
2012	4	1	21	11	新竹市	新竹市1南大路544號	24.7946361	120.964565	0	1	0	7	3	5	40	14	9	1	5	4	5	7	4	4	5	5	5	1	17	2
2012	4	2	4	45	新竹市	新竹市1經國路一段公道五路路口	24.8150922	120.9852896				8			50															3
2012	4	1	17	38	新竹市	新竹市1振興路99巷	24.7945646	120.960448				8			50															3
2012	4	1	17	57	新竹市	新竹市1新源街22號	24.80009815	120.9917646	0	2	0	8	1	5	50	14	9	1	5	4	5	4	4	4	4	4	5	2	3	2
2012	4	2	7	25	新竹市	新竹市1埔頂路慈雲路路口	24.7929205	121.0125589				8			50															3
2012	4	2	10	0	新竹市	新竹市1經國路一段自由路口	24.8147153	120.9796905	0	1	0	8	1	5	50	4	18	1	5	4	5	7	2	1	10	5	5	2	3	2
2012	4	2	9	21	新竹市	新竹市1光復路二段275號	24.79834225	120.9906022				8			50															3
2012	4	2	11	5	新竹市	新竹市2延平路一段14847號路燈前	24.8038542	120.9526662				8			50															3
2012	4	2	11	0	新竹市	新竹市1明湖路420巷	24.78507885	120.9670341				8			50															3
2012	4	1	15	15	新竹市	新竹市1中華路二段民生路路口	24.84574635	121.2236621	0	2	0	8	1	5	50	3	1	1	5	4	5	7	2	1	1	5	5	2	16	2
2012	4	2	9	15	新竹市	新竹市2中華路三段246號	24.796624	120.955658				8			50															3
2012	4	2	14	0	新竹市	新竹市2中正路434號	24.8161141	120.959692				8			50															3
2012	4	2	12	20	新竹市	新竹市3東香路二段芝柏一街口	24.7760186	120.9456048	0	1	0	8	1	5	40	3	1	1	5	4	5	7	4	4	10	5	5	2	16	2
2012	4	2	14	45	新竹市	新竹市1經國路一段454巷	24.814739	120.979082				8			50															3
2012	4	2	15	48	新竹市	新竹市3中華路四段經國路路口	24.7964808	120.9524293							50															3
2012	4	1	18	17	新竹市	新竹市2中正路102號	24.805651	120.969716	0	1	0	8	3	5	50	14	9	1	5	4	5	7	4	4	5	4	5	2	16	2
2012	4	2	19	27	新竹市	新竹市2少年街民富街口	24.87138245	121.012719				8			50															3
2012	4	2	22	16	新竹市	新竹市3牛埔東路15號	24.799257	120.951144	0	1	0	7	3	5	50	3	1	1	5	4	5	7	4	4	5	4	5	2	16	2
2012	4	3	9	40	新竹市	新竹市1經國路與田美三街口	24.8161395	120.9934274							50															3
2012	4	2	18	12	新竹市	新竹市1光復路一段21號	24.781047	121.025887	0	1	0	8	3	5	50	14	9	1	5	4	5	7	1	1	5	4	5	2	27	2
2012	4	3	11	19	新竹市	新竹市1寶山路452巷8弄	24.781389	120.990157				8			50															3
2012	4	3	9	18	新竹市	新竹市1光復路二段407號	24.8014764	120.9851297	0	1	0	8	1	5	50	14	9	1	5	4	5	7	4	4	1	4	5	2	17	2
2012	4	3	13	30	新竹市	新竹市2湳雅街313巷16號	24.823396	120.976588				8			50															3
2012	4	3	22	54	新竹市	新竹市1公道五路130巷	24.79433965	121.0070411				8			50															3
2012	4	4	8	20	新竹市	新竹市1忠孝路279-1號	24.805789	120.987839	0	1	0	8	1	5	50	14	9	1	5	4	5	7	4	4	5	4	5	1	16	2
2012	4	3	18	30	新竹市	新竹市2湳雅街42號	24.8177531	120.970643				8			50															3
2012	4	4	9	25	新竹市	新竹市2中正路137號	24.8082771	120.967091	0	1	0	8	1	5	50	14	9	1	5	4	5	7	4	4	10	4	5	2	16	2
2012	4	3	1	52	新竹市	新竹市2少年街33號	24.806009	120.960136				8			50															3
2012	4	4	16	16	新竹市	新竹市1寶山路156-1號	24.7333439	121.0273382				8			50															3
2012	4	4	11	23	新竹市	新竹市1光復路一段367巷口	24.81023225	121.0290968				8			50															3
2012	4	4	13	44	新竹市	新竹市2東大路二段145號前	24.81479355	120.9638567				8			50															3
2012	4	4	15	6	新竹市	新竹市3景觀大道往中華大學	31.3512963	120.9811634	0	1	0	8	1	5	50	14	8	1	5	4	5	7	4	4	10	5	5	2	13	2
2012	4	4	23	49	新竹市	新竹市3中華路356號	24.7931521	120.943314				8			50															3
2012	4	5	0	15	新竹市	新竹市2經國路二段中正路路口	24.8142165	120.9640903	0	1	0	8	3	5	50	4	18	1	5	4	5	7	1	1	10	5	5	2	2	2
2012	4	2	17	21	新竹市	新竹市2東大路三段機場轉彎處	24.8256414	120.9566902	0	1	0	8	1	5	50	11	9	1	5	2	5	7	4	4	4	5	5	1	18	2
2012	4	3	19	43	新竹市	新竹市1經國路一段218號	24.815315	120.98686	0	1	0	8	3	5	50	4	2	1	5	3	5	7	4	4	10	5	5	2	24	2
2012	4	4	3	56	新竹市	新竹市1光復路二段東光路路口	24.8011347	120.9870763	0	1	0	8	3	5	50	4	4	1	5	4	5	7	1	1	10	5	5	2	12	2
2012	4	4	10	50	新竹市	新竹市1復興路46號	24.803627	120.968528				8			50															3
2012	4	5	7	50	新竹市	新竹市1科學園路裕民街路口	24.7854555	121.0104263	0	2	0	7	1	5	50	3	1	1	5	4	5	7	4	4	10	5	5	2	16	2
2012	4	2	14	40	新竹市	新竹市1中華路南門街路口	24.7998332	120.9681025	0	2	0	8	1	5	50	3	1	1	5	4	5	7	4	4	10	5	5	2	16	2
2012	4	5	10	29	新竹市	新竹市1明湖路850號	24.7714111	120.96829	0	1	0	7	1	5	50	14	9	1	4	4	5	7	4	4	5	5	5	1	16	2
2012	4	4	6	29	新竹市	新竹市1關東路關新北路	24.7842919	121.0181496	0	2	0	8	1	5	50	4	1	1	5	4	5	7	3	1	10	5	5	2	16	2
2012	4	4	22	34	新竹市	新竹市1金城一路35巷	24.79395675	121.0022692	0	0	0	8	3	5	50	3	1	1	5	4	5	7	1	1	5	4	5	2	16	3
2012	4	5	10	35	新竹市	新竹市1高峰路151號	24.79029085	120.9742541	0	2	0	7	1	5	40	14	9	1	5	4	5	7	4	4	10	5	5	2	17	2
2012	4	5	11	58	新竹市	新竹市1西大路明志書院4樓B區259號停車格。	24.795792	120.971823				8			30															3
2012	4	5	14	40	新竹市	新竹市2湳雅街12號	24.817058	120.969947				8			50															3
2012	4	2	12	30	新竹市	新竹市3中華路四段491-1號	24.790695	120.937459				8			50															3
2012	4	5	10	34	新竹市	新竹市1經國路公道五路路口	24.819359	120.9825494	0	2	0	8	1	5	50	4	1	1	5	4	5	7	1	1	10	5	5	2	13	2
2012	4	5	16	8	新竹市	新竹市1公園路221號	24.80375	120.980921				6			50															3
2012	4	3	10	32	新竹市	新竹市2中華路二段四維路路口	24.797232	120.9637474				8			50															3
2012	4	3	6	50	新竹市	新竹市2鐵道路二段211號	24.8190947	120.9712484	0	1	0	8	1	5	50	4	1	1	5	4	5	7	1	1	10	5	5	2	15	2
2012	4	5	21	0	新竹市	新竹市1關東路53號	24.7840474	121.0222036				6			50															3
2012	4	5	21	0	新竹市	新竹市2中正路333號	24.8143181	120.962308				6			50															3
2012	4	2	1	20	新竹市	新竹市1光復路與大學路口	24.7873656	121.0096554	0	1	0	8	1	5	50	3	1	1	5	4	5	7	1	1	10	5	5	2	3	2
2012	4	3	9	58	新竹市	新竹市2東大路與富美路口	24.8256414	120.9566902	0	2	0	8	1	5	50	3	1	1	5	4	5	7	1	1	10	5	5	2	16	2
2012	4	3	11	40	新竹市	新竹市3中華路五段與美山路口	24.7669963	120.9146123				8			5															3
2012	4	5	20	16	新竹市	新竹市1西大路138號	24.7969521	120.970222				6			50															3
2012	4	6	7	40	新竹市	新竹市3中華路三段經國路路口	24.7964808	120.9524293	0	2	0	8	1	5	50	3	1	1	5	4	5	7	1	1	10	5	5	2	15	2
2012	4	6	9	41	新竹市	新竹市1科學園路民治街路口	24.7846361	121.010813	0	1	0	7	1	5	50	3	1	1	5	4	5	7	4	4	10	5	5	2	16	2
2012	4	6	8	17	新竹市	新竹市1南大路623號	24.79484195	120.9652302	0	1	0	7	1	5	50	14	9	1	5	4	5	7	4	4	5	5	5	2	13	2
2012	4	6	10	28	新竹市	新竹市2西大路540號	24.8057781	120.962888	0	2	0	8	1	5	50	14	9	1	5	4	5	7	4	4	5	4	5	2	16	2
2012	4	6	18	56	新竹市	新竹市1忠孝路175號	24.8050828	120.9893215	0	1	0	8	3	5	50	14	9	1	5	4	5	7	4	4	5	4	5	1	13	2
2012	4	5	10	21	新竹市	新竹市2中山路西大路路口	23.8333047	120.4693168	0	2	0	7	1	5	50	4	1	1	5	4	5	7	1	1	10	5	5	2	12	2
2012	4	2	16	45	新竹市	新竹市2東大路三段397號	24.837218	120.942235				8			50															3
2012	4	5	18	10	新竹市	新竹市1明湖路花園新城街口	24.7672024	120.9794822				6			50															3
2012	4	6	21	0	新竹市	新竹市1慈雲路26號	24.79311235	121.0115108	0	1	0	8	3	5	50	4	1	1	5	4	5	7	4	4	10	5	5	2	15	2
2012	4	5	11	30	新竹市	新竹市2東大路二段617號	24.8185241	120.9630951				8			50															3
2012	4	5	17	35	新竹市	新竹市3中華路六段703巷口弄	24.7318662	120.9153228	0	2	0	6	1	5	70	3	1	1	4	4	5	7	1	1	10	5	5	2	17	2
2012	4	7	0	15	新竹市	新竹市1中華路二段民主路路口	30.545	114.308421	0	1	0	7	3	5	50	4	2	1	5	4	5	7	2	1	1	4	5	2	16	2
2012	4	6	17	10	新竹市	新竹市3香北一路133號前	24.79086175	120.9235375	0	2	0	7	1	5	50	15	9	1	5	4	5	7	4	4	5	5	5	2	12	2
2012	4	7	10	15	新竹市	新竹市1東南街建華街路口	24.7944063	120.9765616				8			50															3
2012	4	6	12	2	新竹市	新竹市2中央路中正路路口	24.8496763	121.229232				8			50															3
2012	4	6	14	9	新竹市	新竹市3大庄路86巷大庄路路口86巷6弄	24.7904594	120.9262864				8			50															3
2012	4	6	18	10	新竹市	新竹市1慈雲路埔頂二路路口						8			50															3
2012	4	7	11	18	新竹市	新竹市3瑞光街遊樂街路口						8			50															3
2012	4	7	15	20	新竹市	新竹市2中山路352號			0	1	0	8	1	5	50	14	9	1	5	4	5	7	4	4	5	5	5	2	16	2
2012	4	6	19	10	新竹市	新竹市1錦華街10巷3號						8			30															3
2012	4	6	18	25	新竹市	新竹市2北新路23巷15號停車格。						8			50															3
2012	4	7	10	58	新竹市	新竹市2溪洲橋17737號路燈前	24.80168795	121.0046888				8			50															3
2012	4	6	17	47	新竹市	新竹市1自由路與三民國小旁巷巷口	24.8105021	120.9820787	0	1	0	8	1	5	50	3	1	1	5	4	5	7	4	4	10	5	5	2	15	2
2012	4	7	20	15	新竹市	新竹市1民族路33之43號	24.8051851	120.971662				8			40															3
2012	4	2	17	0	新竹市	新竹市1公園路328號	24.80139695	120.9770464	0	4	0	8	1	5	50	11	9	1	5	4	5	7	4	4	1	4	5	2	13	2
2012	4	7	20	25	新竹市	新竹市1南大路521-1號	24.7931734	120.9633546				8			50															3
2012	4	2	18	53	新竹市	新竹市3祥園街109號	24.798787	120.943139	0	1	0	8	1	5	50	14	9	1	5	4	5	7	4	4	9	5	5	1	13	2
2012	4	8	0	5	新竹市	新竹市1民享街135號	24.7814824	121.0096158				8			50															3
2012	4	8	2	27	新竹市	新竹市3中華路五段、美山聯絡道口	24.7669963	120.9146123	0	1	0	8	3	5	50	3	1	1	5	4	5	7	2	1	1	2	4	1	13	2
2012	4	1	9	48	新竹市	新竹市2武陵路61巷	24.8183933	120.9645821	0	1	0	8	1	5	50	4	1	1	5	4	5	7	2	1	10	5	5	2	15	2
2012	4	8	4	55	新竹市	新竹市1光復路金城一路路口	24.7939497	121.0022741	0	1	0	8	3	5	50	3	1	1	5	4	5	7	2	1	10	5	5	2	16	2
2012	4	4	0	55	新竹市	新竹市1關東路142巷	24.78472	121.022216				8			50															3
2012	4	4	15	15	新竹市	新竹市1新莊街180巷30號前	24.786626	121.017873				8			50															3
2012	4	5	12	30	新竹市	新竹市3景觀大道客雅大道	24.7840586	120.953277				8			50															3
2012	4	8	7	7	新竹市	新竹市1寶山路310巷	24.7743106	121.0312128	0	0	0	8	1	5	50	14	9	1	5	4	5	7	4	4	10	4	5	2	13	3
2012	4	2	7	2	新竹市	新竹市1光復路二段慈雲路路口	24.7960908	121.0131761	0	1	0	8	1	5	50	4	2	1	5	4	5	7	4	4	1	4	5	2	16	2
2012	4	2	8	33	新竹市	新竹市1公道五路二段439號	24.80447905	120.994302	0	1	0	8	1	5	40	14	8	1	5	4	5	7	4	4	1	5	1	2	13	2
2012	4	8	12	0	新竹市	新竹市1中華路二段595號	24.799367	120.967489	0	1	0	7	1	5	50	14	9	1	5	4	5	7	4	4	9	5	5	2	16	2
2012	4	3	8	15	新竹市	新竹市3中華路六段716-2號	24.7511621	120.90964	0	1	0	8	1	5	50	3	1	1	5	4	5	7	3	1	10	5	5	2	16	2
2012	4	3	13	3	新竹市	新竹市1長春街3號	24.7851561	121.013551				8			50															3
2012	4	3	14	47	新竹市	新竹市1西大路明志書院5FA區278號停車格	24.795792	120.971823				8			50															3
2012	4	8	15	28	新竹市	新竹市1林森路93號	24.8007451	120.96723				8			50															3
2012	4	2	9	40	新竹市	新竹市1中華路一段234號	24.813445	120.990189	0	2	0	8	1	5	50	3	1	1	5	4	5	7	2	1	10	5	5	2	16	2
2012	4	6	10	0	新竹市	新竹市1東門街34巷	24.804433	120.973299	0	1	0	8	1	5	50	4	1	1	5	4	5	7	4	4	10	5	5	2	12	2
2012	4	6	17	0	新竹市	新竹市1西大路與林森路口	24.795792	120.971823				8			50															3
2012	4	3	15	17	新竹市	新竹市1中華路二段民主路路口	30.545	114.308421				8			50															3
2012	4	9	1	56	新竹市	新竹市1關東路關新路路口	24.7842919	121.0181496				8			50															3
2012	4	4	9	13	新竹市	新竹市2湳雅街光華北街路口	24.8179101	120.9746821				8			50															3
2012	4	4	10	54	新竹市	新竹市1博愛街5巷天研高幹220附1電桿前	24.798766	120.982261				8			40															3
2012	4	8	18	51	新竹市	新竹市2經國路二段水田街路口	24.812933	120.9658931	0	2	0	7	3	5	50	4	1	1	5	4	5	7	1	1	10	5	5	2	16	2
2012	4	6	12	13	新竹市	新竹市2經國路二段482號	24.8055081	120.955476	0	1	0	8	1	5	50	14	9	1	5	4	5	7	4	4	1	4	5	1	17	2