年	月	日	時	分	縣市	allLocation	GoogleLat	GoogleLng	死	受傷	2-30	天候	光線	道路類別	速限	道路型態	事故位置	路面鋪裝	路面狀態	路面缺陷	障礙物	視距	號誌種類	號誌動作	分向設施	快車道或一般車道間	快慢車道間	路面邊線	事故類型及型態	事故類別
2012	4	9	8	50	新竹市	新竹市1光復路二段光明加油站	24.7932831	121.001211				8			50															3
2012	4	15	16	16	新竹市	新竹市1建新路110巷	24.7991219	120.9997704	0	0	0	8	1	5	50	13	9	1	5	4	5	7	4	4	10	5	5	2	17	3
2012	4	8	15	0	新竹市	新竹市1慈雲路埔頂路口	24.7874802	121.0095148				8			50															3
2012	4	6	20	30	新竹市	新竹市1水源街22巷口弄	24.8138086	121.0284342	0	1	0	8	3	5	40	4	9	1	5	4	5	2	4	4	10	5	5	1	16	2
2012	4	9	10	36	新竹市	新竹市2中山路193號	24.802511	120.962362	0	1	0	7	1	5	50	4	9	1	5	4	5	7	3	1	10	5	5	2	15	2
2012	4	8	14	47	新竹市	新竹市1公園路227巷19號	24.8037161	120.981729				8			50															3
2012	4	8	16	17	新竹市	新竹市1食品路590號	24.7946031	120.965558	0	1	0	8	1	5	50	9	9	1	5	4	5	7	4	4	10	5	5	2	16	2
2012	4	9	18	0	新竹市	新竹市2光華二街56巷	24.8187113	120.9752899	0	1	0	6	1	5	50	3	1	1	4	4	5	7	4	4	10	5	5	2	16	2
2012	4	9	20	2	新竹市	新竹市1振興路132巷內新興高幹13工3電桿前	24.77893205	120.9329053	0	2	0	6	3	5	40	14	9	1	4	4	5	7	4	4	10	5	5	2	2	2
2012	4	9	22	38	新竹市	新竹市1建功一路建新路路口	23.907561	106.625776	0	1	0	7	3	5	50	14	9	1	4	4	5	7	4	4	5	4	5	2	14	2
2012	4	9	20	44	新竹市	新竹市1經國路二段自由路路口	24.8147153	120.9796905				8			50															3
2012	4	9	18	6	新竹市	新竹市2北大路295號	24.80654	120.963155				6			50															3
2012	4	9	13	28	新竹市	新竹市1公園路82巷	24.8060521	120.9840534				6			50															3
2012	4	10	11	0	新竹市	新竹市2湳雅街116號	24.8196086	120.9729998				8			50															3
2012	4	10	7	47	新竹市	新竹市1建華街28號	24.7935601	120.975008	0	2	0	6	1	5	50	14	9	1	4	4	5	7	4	4	5	5	5	2	13	2
2012	4	10	10	45	新竹市	新竹市3五福路二段中華大學旁	24.7589503	120.943968				8			50															3
2012	4	10	9	0	新竹市	新竹市1民族路142號	24.8082011	120.977946	0	2	0	8	1	5	50	14	9	1	5	4	5	7	4	4	5	5	5	1	17	2
2012	4	10	15	45	新竹市	新竹市1東光路42巷巷口旁	24.8071391	120.984043				8			50															3
2012	4	10	18	40	新竹市	新竹市1忠孝路279之1號	24.805789	120.987839				8			50															3
2012	4	10	14	54	新竹市	新竹市1林森路108號	24.800514	120.966364				8			50															3
2012	4	10	22	40	新竹市	新竹市1林森路17號	24.80165	120.970394	0	1	0	8	3	5	50	14	9	1	5	4	5	7	4	4	5	4	5	2	11	2
2012	4	8	9	40	新竹市	新竹市2公道五路武陵路口	24.41422875	120.759641				8			50															3
2012	4	8	17	36	新竹市	新竹市1中正路麥當勞前	24.8093932	120.9664449	0	1	0	8	1	5	50	14	9	1	5	4	5	7	4	4	10	5	5	2	13	2
2012	4	9	19	25	新竹市	新竹市1光復路公園路	24.7873656	121.0096554				6			50															3
2012	4	10	19	2	新竹市	新竹市3大庄國小前	24.8281557	120.9554018				8			50															3
2012	4	11	1	5	新竹市	新竹市2中華路警光路	24.7968219	120.9579913	0	1	0	8	4	5	50	14	9	1	5	4	5	7	4	4	10	5	5	2	13	2
2012	4	11	10	30	新竹市	新竹市1光復路二段公園路路口	24.790798	121.0055625	0	2	0	8	1	5	50	5	1	1	5	4	5	7	1	1	10	5	5	2	12	2
2012	4	1	11	50	新竹市	新竹市1光復路二段公園路路口	24.790798	121.0055625				8			50															3
2012	4	1	13	1	新竹市	新竹市1關東路81號	24.78515	121.02176				8			50															3
2012	4	11	7	43	新竹市	新竹市3中華路五段193號	24.7863632	120.9248771	0	3	0	8	1	5	50	14	5	1	5	4	5	7	4	4	1	4	4	2	17	2
2012	4	11	9	20	新竹市	新竹市1中華路一段264號	24.813078	120.989373	0	1	0	8	1	5	50	14	5	1	5	4	5	7	4	4	1	4	5	1	12	2
2012	4	11	11	30	新竹市	新竹市1食品路246號	24.79473	120.972109				8			50															3
2012	4	11	13	52	新竹市	新竹市2東大路四段117巷	24.8435201	120.9307635	0	3	0	8	1	5	50	14	9	1	5	4	5	7	4	4	9	5	5	1	12	2
2012	4	11	22	53	新竹市	新竹市2西大路45號世界街路口旁	24.8055405	120.9628753	0	2	0	8	3	5	50	4	1	1	5	4	5	7	4	4	10	5	5	2	16	2
2012	4	11	19	18	新竹市	新竹市2東大路二段236號前	24.8246861	120.966134				8			50															3
2012	4	11	16	56	新竹市	新竹市3宮口街33巷	24.7926681	120.921824				8			40															3
2012	4	11	18	48	新竹市	新竹市3景觀大道往市區過客雅大道	31.3512963	120.9811634	0	1	0	8	2	5	50	14	11	1	5	4	5	7	4	4	2	3	3	2	20	2
2012	4	12	7	45	新竹市	新竹市1寶山路145巷	24.7917043	120.9758328	0	2	0	8	1	5	50	3	1	1	5	4	5	7	3	1	10	5	5	2	16	2
2012	4	11	15	50	新竹市	新竹市1文昌街32號	24.803596	120.968838				8			50															3
2012	4	12	14	15	新竹市	新竹市1南大路672巷1弄5弄口	24.7707771	120.971906				8			40															3
2012	4	12	13	15	新竹市	新竹市1光復路一段525巷	24.78436645	121.0121615				8			50															3
2012	4	12	9	11	新竹市	新竹市2大同路世界街路口	24.802741	120.971166	0	1	0	8	1	5	50	4	1	1	5	4	5	7	4	4	10	5	5	2	15	2
2012	4	11	15	50	新竹市	新竹市1光復路一段268巷30弄關東路路口	24.7832579	121.0227085				8			50															3
2012	4	12	10	25	新竹市	新竹市2東大路西濱路	24.8423748	120.9341485	0	3	0	8	1	5	50	4	1	1	5	4	5	7	1	1	10	5	5	2	13	2
2012	4	3	16	48	新竹市	新竹市2東大路四段新港二路口	24.8462581	120.9264122	0	1	0	8	1	5	50	4	1	1	5	4	5	7	4	4	10	5	5	2	3	2
2012	4	6	17	21	新竹市	新竹市1光復路二段水源街路口	24.7998135	120.9909705				8			50															3
2012	4	10	9	3	新竹市	新竹市1林森路182巷22號	24.7995118	120.9640121	0	1	0	8	1	5	50	4	1	1	5	4	5	7	4	4	10	5	5	2	15	2
2012	4	10	8	1	新竹市	新竹市1中華路二段675號	24.7982351	120.965855				8			50															3
2012	4	10	7	13	新竹市	新竹市1中華路二段721號	24.7976802	120.9647883				8			50															3
2012	4	7	20	15	新竹市	新竹市2西大路559-3號	24.8075352	120.9610959				8			50															3
2012	4	8	7	5	新竹市	新竹市1培英街22號	24.7966825	120.9781107				8			50															3
2012	4	11	7	5	新竹市	新竹市1復興路1號	24.8028541	120.969323				8			50															3
2012	4	11	12	0	新竹市	新竹市1經國路二段27巷東大路路口	24.8137323	120.9674304				8			50															3
2012	4	6	18	33	新竹市	新竹市1學府路106號	24.7965031	120.983871				8			50															3
2012	4	3	9	16	新竹市	新竹市1水源街75號	24.80174845	120.9921434	0	1	0	8	1	5	50	3	2	1	5	4	5	6	1	1	10	5	5	2	13	2
2012	4	13	11	10	新竹市	新竹市2經國路二段158巷	24.81076025	120.9625225				8			50															3
2012	4	13	7	30	新竹市	新竹市1高峰路30巷	24.7931407	120.9728505				8			50															3
2012	4	9	19	26	新竹市	新竹市3五福路一段7號	24.742835	120.909039	0	1	0	8	3	5	50	14	9	1	5	4	5	7	4	4	7	5	5	2	13	2
2012	4	13	14	25	新竹市	新竹市1安康街9巷48號	24.7800583	121.0169531				8			50															3
2012	4	13	15	55	新竹市	新竹市1民族路155巷1號	24.809153	120.978404				8			50															3
2012	4	11	18	19	新竹市	新竹市1自由路監理站前	24.8105021	120.9820787				8			50															3
2012	4	13	12	30	新竹市	新竹市1光復路一段489巷	24.78438	121.014497	0	1	0	8	1	5	50	3	1	1	5	4	5	7	4	4	10	5	5	2	16	2
2012	4	12	18	19	新竹市	新竹市1光復路二段金城一路路口	24.7932831	121.001211	0	1	0	8	3	5	50	3	2	1	5	4	5	7	2	1	1	4	5	2	13	2
2012	4	12	21	50	新竹市	新竹市1南大路706巷	24.79509185	120.9708905				8			50															3
2012	4	14	7	0	新竹市	新竹市1明湖路1050巷53號	24.7655791	120.97828				6			50															3
2012	4	14	10	11	新竹市	新竹市2延平路三段433巷	24.8367712	120.9313778	0	1	0	8	1	5	50	14	9	1	5	4	5	7	4	4	5	5	5	1	3	2
2012	4	14	12	50	新竹市	新竹市1光復路二段建功路路口	24.7932831	121.001211				8			50															3
2012	4	14	10	20	新竹市	新竹市1光復路一段89巷156號	24.778017	121.025252				8			50															3
2012	4	14	14	24	新竹市	新竹市2經國路二段西大路	24.8091112	120.9601481				8			50															3
2012	4	10	11	5	新竹市	新竹市2東大路二段文化中心停車場內	24.8256414	120.9566902				8			40															3
2012	4	14	17	20	新竹市	新竹市2鐵道路三段21號	24.81813245	120.9593904				8			50															3
2012	4	13	9	28	新竹市	新竹市1光復路二段與學府路口	24.7932831	121.001211	0	1	0	8	1	5	50	4	1	1	5	4	5	7	1	1	10	5	5	2	12	2
2012	4	14	19	35	新竹市	新竹市1食品路103巷	24.797956	120.9777543	0	2	0	8	3	5	50	4	1	1	5	4	5	7	4	4	10	5	5	2	3	2
2012	4	10	11	8	新竹市	新竹市3中華路頂埔路路口	24.7882139	120.9286821				8			50															3
2012	4	1	19	11	新竹市	新竹市2北門街113號	24.8074301	120.965298	0	2	0	8	4	5	50	14	9	1	5	4	5	7	4	4	9	5	5	1	16	2
2012	4	10	13	47	新竹市	新竹市1博愛街65巷巷口旁停車格	24.7979731	120.984221				8			50															3
2012	4	13	9	7	新竹市	新竹市1光復路二段新源街路口	24.7996566	120.9914693				8			50															3
2012	4	13	15	31	新竹市	新竹市2經國路北新路路口	24.8087242	120.9584333	0	1	0	8	1	5	50	3	1	1	5	4	5	7	2	1	10	5	5	2	16	2
2012	4	14	19	46	新竹市	新竹市1中華路一段55號	24.8197241	120.994333	0	2	0	8	3	5	50	3	1	1	5	4	5	7	1	1	1	2	5	2	13	2
2012	4	13	17	0	新竹市	新竹市1高峰路(宏修禪苑旁)	24.78485485	120.9811				8			50															3
2012	4	15	1	9	新竹市	新竹市2崧嶺路崧嶺橋	24.796886	120.956125	0	1	0	8	3	5	50	10	9	1	5	4	5	7	4	4	3	5	5	1	9	2
2012	4	14	11	18	新竹市	新竹市1林森路302號						8			50															3
2012	4	1	15	50	新竹市	新竹市2東大路四段聖軍路路口						8			50															3
2012	4	4	7	40	新竹市	新竹市1經國路一段公道五路路口						8			50															3
2012	4	3	9	33	新竹市	新竹市1建功一路59巷			0	0	0	8	1	5	50	5	2	1	5	4	5	7	4	4	5	4	5	2	18	3
2012	4	4	12	32	新竹市	新竹市1中央路府後街路口						8			50															3
2012	4	5	19	4	新竹市	新竹市2西大路656號	24.8082661	120.961116				6			50															3
2012	4	15	8	11	新竹市	新竹市1中華路一段78巷	24.8176705	120.9933049	0	1	0	8	1	5	50	3	1	1	5	4	5	7	1	1	10	5	5	2	15	2
2012	4	15	10	4	新竹市	新竹市317公里自行車專用道(西濱82.5K)	24.74775915	120.9488119	0	2	0	8	1	7	40	14	9	1	5	4	5	7	4	4	1	5	5	2	13	2
2012	4	10	14	15	新竹市	新竹市1建功路15號	24.79648	120.998228				8			50															3
2012	4	9	8	58	新竹市	新竹市1關東路	24.7815604	121.0225342				6			50															3
2012	4	5	20	36	新竹市	新竹市2國華街75號	24.816617	120.970198	0	1	0	6	3	5	50	3	2	1	4	4	5	7	4	4	5	5	5	1	16	2
2012	4	6	16	16	新竹市	新竹市3中華路六段188號	24.74417735	120.9072056				8			50															3
2012	4	15	7	54	新竹市	新竹市2東大路三段340巷	24.83324075	120.9468056	0	1	0	8	1	5	50	3	1	1	5	4	5	7	4	4	10	5	5	2	16	2
2012	4	15	10	23	新竹市	新竹市3牛埔東路71號	24.7782339	120.9798837				8			50															3
2012	4	15	11	45	新竹市	新竹市2經國路一段409巷7號	24.8140423	120.9781279				8			50															3
2012	4	15	19	51	新竹市	新竹市2中正路武陵路路口	29.0289146	111.6613067				6			50															3
2012	4	15	22	19	新竹市	新竹市1金山1街金山南街口	39.03076985	106.3538138				6			50															3
2012	4	15	23	10	新竹市	新竹市2西大路599巷	24.8094257	120.9589156				6			50															3
2012	4	16	0	22	新竹市	新竹市3牛埔南路131號	24.7956191	120.936173	0	1	0	6	3	5	50	14	9	1	4	4	5	7	4	4	9	4	5	1	17	2
2012	4	15	22	42	新竹市	新竹市3延平路二段97號	24.80506685	120.9407588	0	2	0	6	3	5	40	14	9	1	4	4	5	7	4	4	5	5	5	2	2	2
2012	4	15	18	11	新竹市	新竹市2世界街府後街	24.8084333	120.968825				8			50															3
2012	4	16	7	36	新竹市	新竹市2鐵道路一段92號	24.812646	120.9829318				6			50															3
2012	4	16	12	36	新竹市	新竹市1經國路一段302號	24.815317	120.985003				6			50															3
2012	4	16	14	3	新竹市	新竹市1培英街29巷	24.7966819	120.9781291	0	1	0	6	1	5	50	4	1	1	4	4	5	7	4	4	9	5	5	2	15	2
2012	4	16	10	48	新竹市	新竹市1公道五路三段565巷	24.81462735	120.9857367	0	1	0	6	1	5	50	4	1	1	4	4	5	7	1	1	10	5	5	2	16	2
2012	4	16	12	0	新竹市	新竹市1中華路民權路路口	24.8055397	120.9770756	0	2	0	6	1	5	50	4	2	1	4	4	5	7	1	1	1	2	5	2	18	2
2012	4	16	16	0	新竹市	新竹市1新光路75號	24.80276315	120.9889653				6			50															3
2012	4	16	18	57	新竹市	新竹市2延平路3段423號	24.8367712	120.9313778				8			50															3
2012	4	16	18	10	新竹市	新竹市3香北一路133號前	24.79086175	120.9235375	0	1	0	7	3	5	50	3	1	1	5	4	5	7	4	4	10	5	5	2	3	2
2012	4	16	20	40	新竹市	新竹市3中華路四段大庄路路口			0	2	0	7	3	5	50	14	9	1	5	4	5	7	4	4	3	2	5	2	12	2
2012	4	16	22	13	新竹市	新竹市2仁德街65號			0	0	0	8	1	5	50	4	1	1	5	4	5	7	3	1	5	5	5	1	16	3
2012	4	16	19	40	新竹市	新竹市3中華路五段160巷						8			40															3
2012	4	16	21	51	新竹市	新竹市3中華路六段646號	24.73400965	120.9131372				8			60															3
2012	4	11	19	24	新竹市	新竹市2經國路二段49號	24.8129231	120.966418	0	2	0	8	3	5	50	14	9	1	5	4	5	7	4	4	1	4	5	1	13	2
2012	4	13	0	30	新竹市	新竹市1光復路一段117號	24.7811941	121.023401	0	1	0	8	3	5	50	14	9	1	5	4	5	7	4	4	5	4	5	1	16	2
2012	4	13	18	0	新竹市	新竹市1光復路二段312號	24.795646	120.998564				8			50															3
2012	4	13	19	57	新竹市	新竹市1慈濟路埔頂二路路口	24.7919685	121.0148844				8			50															3
2012	4	17	7	41	新竹市	新竹市1高峰路164巷	24.7887338	120.9749146				8			50															3
2012	4	17	13	20	新竹市	新竹市1食品路167號	24.796859	120.9761				8			50															3
2012	4	17	15	20	新竹市	新竹市1大學路51巷	24.7860539	121.0024861				8			50															3
2012	4	6	23	53	新竹市	新竹市1金山街45號	24.7775691	121.021589				8			50															3
2012	4	15	14	45	新竹市	新竹市1埔頂路319號	24.79418315	121.013014				8			50															3
2012	4	15	15	40	新竹市	新竹市1新莊街151號前	24.787621	121.017191	0	1	0	8	1	5	50	3	1	1	5	4	5	7	4	4	9	5	5	2	17	2
2012	4	18	8	20	新竹市	新竹市1臺68線(東向西)11.1公里處	24.8356092	120.9235789				8			90															3
2012	4	17	5	30	新竹市	新竹市2北大路519號	24.80137145	120.9604404				8			50															3
2012	4	18	9	14	新竹市	新竹市2文雅街118巷	24.8120461	120.9560516	0	3	0	8	1	5	40	4	1	1	5	4	5	7	4	4	10	5	5	2	15	2
2012	4	17	18	57	新竹市	新竹市3中華路六段620號	24.728021	120.917211	0	1	0	8	3	5	50	3	1	1	5	4	5	7	4	4	10	5	5	2	16	2
2012	4	17	20	30	新竹市	新竹市1埔頂路270號	24.7940768	121.013496				8			50															3
2012	4	17	23	33	新竹市	新竹市1中華路一段332號	24.8115741	120.987501	0	1	0	8	2	5	50	14	9	1	5	4	5	7	4	4	10	5	5	2	13	2
2012	4	7	15	8	新竹市	新竹市1東門街216號	24.8046673	120.9661692	0	0	0	8	1	5	50	14	9	1	5	4	5	7	4	4	5	4	5	2	12	3
2012	4	18	12	2	新竹市	新竹市1新莊街153號前	24.787659	121.017218	0	2	0	8	1	5	50	14	9	1	5	4	5	7	4	4	9	5	5	1	2	2
2012	4	18	14	22	新竹市	新竹市2光華二街69巷18弄8號	24.819298	120.974877	0	0	0	6	1	5	40	13	9	1	4	4	5	7	4	4	10	5	5	1	11	3
2012	4	18	18	39	新竹市	新竹市1金山10街37號	24.7764191	121.0219647				6			50															3
2012	4	18	18	10	新竹市	新竹市3竹香北路浸水北街路口	24.8037208	120.9254023	0	1	0	7	3	5	50	11	9	1	4	4	5	7	4	4	9	5	5	1	26	2
2012	4	1	10	35	新竹市	新竹市3中華路四段華北路路口	24.7950031	120.9484151				8			50															3
2012	4	6	7	21	新竹市	新竹市1光復路二段建功路路口	24.7932831	121.001211	0	1	0	8	1	5	50	4	1	1	5	4	5	7	1	1	10	5	5	2	16	2
2012	4	7	10	0	新竹市	新竹市1光復路一段683巷1弄9號	24.7874031	121.005179				8			50															3
2012	4	6	8	52	新竹市	新竹市1公園路18511燈桿前	24.8031579	120.9804227	0	2	0	8	1	5	50	14	9	1	5	4	5	7	4	4	5	5	5	2	13	2
2012	4	10	11	1	新竹市	新竹市1光復路二段194巷	24.7941781	121.000595				8			50															3
2012	4	11	19	8	新竹市	新竹市1中正路火車站前	24.8093932	120.9664449	0	2	0	8	3	5	50	5	1	1	5	4	5	7	1	1	10	5	5	2	16	2
2012	4	14	21	15	新竹市	新竹市1中央路錦華街路口	24.8084612	120.9732763	0	1	0	8	3	5	50	4	1	1	5	4	5	7	4	4	10	5	5	2	16	2
2012	4	17	9	25	新竹市	新竹市2溪洲路電桿17747	24.79575715	120.9962495	0	2	0	8	1	5	50	14	9	1	5	4	5	7	4	4	5	5	5	2	16	2
2012	4	19	8	0	新竹市	新竹市1中華路二段312巷	24.80346815	120.9739119				8			50															3
2012	4	18	20	38	新竹市	新竹市1明湖路474巷	24.78210455	120.9660412	0	1	0	6	3	5	50	3	1	1	4	4	5	7	4	4	10	5	5	2	11	2
2012	4	19	15	53	新竹市	新竹市1光復路一段199號	24.781567	121.021615	0	1	0	8	1	5	50	3	2	1	5	4	5	7	4	4	5	4	5	2	16	2
2012	4	15	20	40	新竹市	新竹市2西大路688巷13號	24.8090194	120.960827				6			50															3
2012	4	19	14	3	新竹市	新竹市1光復路二段407號	24.8014764	120.9851297	0	1	0	8	1	5	50	3	1	1	5	4	5	7	4	4	1	4	5	2	16	2
2012	4	23	11	25	新竹市	新竹市3牛埔北路37巷口	24.8277361	120.927017				8			40															3
2012	4	18	17	48	新竹市	新竹市1埔頂路298號	24.79377995	121.0142112				8			50															3
2012	4	18	20	18	新竹市	新竹市1東門圓環	24.8042116	120.9705392				8			40															3
2012	4	19	12	17	新竹市	新竹市1金山16街2號	24.77713795	121.0237354				8			50															3
2012	4	19	17	1	新竹市	新竹市3香北路50號	24.79189685	120.9275195	0	2	0	8	1	5	50	14	9	1	5	4	5	7	4	4	5	5	4	2	2	2
2012	4	19	20	25	新竹市	新竹市3牛埔東路10243號路燈附近	24.79382215	120.9370932				8			50															3
2012	4	18	8	0	新竹市	新竹市1寶山路312號	24.7869717	120.9865578	0	1	0	8	1	5	50	11	8	1	5	4	5	7	4	4	1	4	4	2	12	2
2012	4	18	17	10	新竹市	新竹市1中華路二段火車站	24.8042903	120.9752282				8			50															3
2012	4	20	0	34	新竹市	新竹市3中華路六段香山交流道口	24.7354474	120.9129485	0	0	0	8	3	5	50	4	1	1	5	4	5	7	1	1	10	5	5	2	16	3
2012	4	17	18	20	新竹市	新竹市1南大路48號	24.802804	120.9778511	0	2	0	8	3	5	50	14	9	1	5	4	5	6	4	4	9	5	5	2	16	2
2012	4	14	11	44	新竹市	新竹市1中華路二段民主路路口	30.545	114.308421				8			50															3
2012	4	15	18	45	新竹市	新竹市1東山街66號前	24.798266	120.978416	0	1	0	8	3	5	50	3	1	1	5	4	5	7	4	4	10	4	4	2	16	2
2012	4	19	17	9	新竹市	新竹市2中正路建興街路口	24.8083178	120.9672934	0	2	0	8	1	5	50	3	1	1	5	4	5	7	4	4	10	5	5	2	16	2
2012	4	19	11	0	新竹市	新竹市1忠孝路279-3號對面						8			50															3
2012	4	4	6	40	新竹市	新竹市1金山街金山23街路口						8			50															3
2012	4	15	22	7	新竹市	新竹市1光復路一段與新莊街口(行人穿越道)			0	2	0	6	3	5	50	4	18	1	4	4	5	7	2	1	10	5	5	2	3	2
2012	4	19	8	30	新竹市	新竹市1寶山路往園區(植物園旁彎道)	24.79994335	121.013726	0	1	0	8	1	5	50	11	9	1	5	4	5	7	4	4	1	4	5	2	18	2
2012	4	9	7	53	新竹市	新竹市2光華街108號前	24.818305	120.971862							50															3
2012	4	9	10	14	新竹市	新竹市1中華路與經國路口	24.8161395	120.9934274	0	1	0	7	1	5	50	4	1	1	5	4	5	7	2	1	10	5	5	2	16	2
2012	4	10	22	5	新竹市	新竹市1中華路一段255巷口	24.8185572	120.9951081				8			50															3
2012	4	14	22	55	新竹市	新竹市2天府路延平路三段	24.8392689	120.9340598				8			50															3
2012	4	14	3	40	新竹市	新竹市2西大路經國路路口	24.8137323	120.9674304				8			50															3
2012	4	16	11	0	新竹市	新竹市3長興街228巷口弄	24.7520995	120.9068971				6			40															3
2012	4	19	13	13	新竹市	新竹市1東南街198號	24.7950541	120.975795				8			50															3
2012	4	16	16	40	新竹市	新竹市2中正路274號	24.812476	120.964304				8			50															3
2012	4	16	13	5	新竹市	新竹市2西大路世界街口	24.7364702	121.0846785				8			40															3
2012	4	19	8	23	新竹市	新竹市2少年街53號	24.8062751	120.959011				8			50															3
2012	4	19	16	50	新竹市	新竹市3香北路195號	24.790559	120.925852				8			50															3
2012	4	19	18	10	新竹市	新竹市3香北一路51號	24.79086175	120.9235375				8			50															3
2012	4	19	9	0	新竹市	新竹市1中華路二段511號	24.800068	120.9684998				8			50															3
2012	4	15	18	30	新竹市	新竹市3延平路二段1430號	24.8206541	120.927682	0	1	0	8	3	5	50	14	9	1	5	4	5	7	4	4	5	5	5	2	16	2
2012	4	19	16	15	新竹市	新竹市2武陵路69號	24.8195799	120.9669803	0	2	0	8	1	5	40	14	9	1	5	4	5	7	4	4	1	3	5	2	17	2
2012	4	20	22	0	新竹市	新竹市1中華路三段經國路口	24.7964808	120.9524293				8			50															3
2012	4	20	23	5	新竹市	新竹市1金山街金山23街口	26.0529002	119.2594618				6			50															3
2012	4	21	1	39	新竹市	新竹市2東大路二段機場彎道	24.8256414	120.9566902	0	1	0	6	3	5	40	11	9	1	4	4	5	1	4	4	4	4	5	1	10	2
2012	4	17	8	36	新竹市	新竹市2湳雅街湳雅公園前	24.8205297	120.9738323	0	1	0	8	1	5	50	14	9	1	5	4	5	7	4	4	5	4	5	2	16	2
2012	4	17	11	15	新竹市	新竹市1世界街錦華街路口	24.8103164	120.9718317	0	1	0	8	1	5	50	4	1	1	5	4	5	7	3	3	10	5	5	2	15	2
2012	4	16	8	27	新竹市	新竹市1明湖路775巷	24.7702698	120.9734533	0	1	0	7	1	5	50	4	1	1	5	4	5	7	1	1	10	5	5	2	16	2
2012	4	17	15	44	新竹市	新竹市2東大路二段349巷2弄14號	24.818547	120.962192				8			40															3
2012	4	21	7	12	新竹市	新竹市3中山路777巷14號	24.792504	120.949731				8			40															3
2012	4	19	9	55	新竹市	新竹市1公道五路東美路路口	24.801449	121.0005474	0	2	0	8	1	5	50	3	1	1	5	4	5	7	2	1	10	5	5	2	15	2
2012	4	21	9	13	新竹市	新竹市2經國路二段延平路路口	24.8047718	120.9556443				8			50															3
2012	4	21	10	40	新竹市	新竹市1南大路167號	24.79509185	120.9708905	0	1	0	8	1	5	50	14	9	1	5	4	5	7	4	4	9	5	5	2	12	2
2012	4	21	10	36	新竹市	新竹市1光復路一段268巷13號	24.783055	121.020526	0	1	0	8	1	5	40	14	9	1	5	4	5	7	4	4	10	5	5	2	16	2
2012	4	21	8	34	新竹市	新竹市1光復路一段89巷121號	24.778704	121.025119	0	1	0	8	1	5	50	14	9	1	5	4	5	7	3	1	5	5	5	2	3	2
2012	4	21	14	25	新竹市	新竹市1中華路二段南外街口	31.1997563	107.5045488	0	3	0	6	1	5	50	4	1	1	4	4	5	7	1	1	10	5	5	2	15	2
2012	4	19	9	59	新竹市	新竹市2中華路二段四維加油站前	24.797232	120.9637474	0	1	0	7	1	5	50	4	2	1	5	4	5	7	1	1	5	5	5	2	16	2
2012	4	19	14	19	新竹市	新竹市3浸水街34巷11號	24.797597	120.93652				8			50															3
2012	4	19	7	49	新竹市	新竹市2經國路二段延平路路口	24.8047718	120.9556443				8			50															3
2012	4	21	10	0	新竹市	新竹市2竹光路25巷3號	24.814211	120.961401				8			40															3
2012	4	21	4	40	新竹市	新竹市2經國路二段507號	24.8052951	120.956062				8			50															3
2012	4	11	9	38	新竹市	新竹市1經國路一段中華路路口	24.8160533	120.9934924				8			50															3
2012	4	12	17	25	新竹市	新竹市2北大路317號	24.8059491	120.962251				8			50															3
2012	4	13	22	37	新竹市	新竹市1中正路東門市場前	24.81522855	120.9882336	0	1	0	8	3	5	50	3	1	1	5	4	5	7	3	1	10	5	5	2	3	2
2012	4	17	14	25	新竹市	新竹市1中華路一段286號	24.8126081	120.988826	0	2	0	8	1	5	50	14	9	1	5	4	5	7	4	4	1	4	5	1	12	2
2012	4	14	14	2	新竹市	新竹市1光復路二段258號	24.794921	120.99947				8			50															3
2012	4	15	12	19	新竹市	新竹市2中華路三段121巷	24.7965491	120.960726				8			50															3
2012	4	15	2	37	新竹市	新竹市2水田街經國路路口	24.812933	120.9658931	0	0	0	8	3	5	50	4	2	1	5	4	5	7	4	4	10	5	5	1	12	3
2012	4	4	14	24	新竹市	新竹市1關新路關新二街	24.7854886	121.0187361				8			50															3
2012	4	4	16	56	新竹市	新竹市2愛文街經國路路口	24.8095843	120.9606931	0	1	0	8	1	5	50	4	2	1	5	4	5	7	4	4	1	4	5	1	13	2
2012	4	7	10	2	新竹市	新竹市3牛埔南路3月15日號	24.79281935	120.9361445				8			50															3
2012	4	8	11	49	新竹市	新竹市1中華路一段105巷	24.81640805	120.994529				8			50															3
2012	4	21	2	10	新竹市	新竹市1中華路二段270號	24.8047713	120.9756159	0	1	0	7	3	5	50	14	9	1	4	4	5	7	4	4	1	4	5	2	23	2
2012	4	19	12	45	新竹市	新竹市3中華路四段729號	24.7887249	120.9300095	0	1	0	8	1	5	50	14	9	1	5	4	5	7	4	4	9	4	5	2	16	2
2012	4	22	9	2	新竹市	新竹市1南大路621號	24.788028	120.967424	0	1	0	7	1	5	50	3	1	1	5	4	5	7	4	4	10	5	5	2	16	2
2012	4	22	9	14	新竹市	新竹市1花園街64號	24.8044092	120.9774476	0	1	0	7	1	5	40	3	1	1	5	4	5	3	4	4	10	5	5	2	16	2
2012	4	20	14	56	新竹市	新竹市3東香路一段1997號路燈處	24.77388995	120.9568294	0	2	0	8	1	5	50	11	9	1	5	4	5	7	4	4	10	5	5	2	11	2
2012	4	20	18	8	新竹市	新竹市1文化街仁義街	24.8057545	120.9711867				8			50															3
2012	4	22	8	36	新竹市	新竹市1西大路59號	24.7956621	120.971317				8			50															3
2012	4	22	11	33	新竹市	新竹市2中華路三段25號	24.79697	120.963011	0	2	0	8	1	5	50	14	9	1	5	4	5	7	4	4	5	5	5	1	13	2
2012	4	19	11	20	新竹市	新竹市1光復路建中路路口	24.8020598	120.9954236	0	2	0	8	1	5	50	3	1	1	5	4	5	7	2	1	10	5	5	2	15	2