年	月	日	時	分	縣市	allLocation	GoogleLat	GoogleLng	死	受傷	2-30	天候	光線	道路類別	速限	道路型態	事故位置	路面鋪裝	路面狀態	路面缺陷	障礙物	視距	號誌種類	號誌動作	分向設施	快車道或一般車道間	快慢車道間	路面邊線	事故類型及型態	事故類別
2012	4	21	17	14	新竹市	新竹市1公道五路二段經國路路口	24.819359	120.9825494				6			50															3
2012	4	8	13	33	新竹市	新竹市2湳雅街147巷36號	24.8176301	120.970518	0	1	0	8	1	5	40	14	9	1	5	4	5	7	4	4	10	5	5	1	16	2
2012	4	8	18	9	新竹市	新竹市1埔頂路317巷	24.79418315	121.013014				8			50															3
2012	4	22	19	48	新竹市	新竹市3中華路四段11868號路燈前	24.79031295	120.9352439	0	2	0	8	3	5	50	14	8	1	5	4	5	7	4	4	1	4	4	2	2	2
2012	4	20	17	8	新竹市	新竹市1明湖路775巷	24.7702698	120.9734533				8			50															3
2012	4	23	0	30	新竹市	新竹市1中正路63號	24.804752	120.9697	0	1	0	8	3	5	50	14	20	1	5	4	5	7	4	4	5	4	5	2	17	2
2012	4	11	20	30	新竹市	新竹市2凌雲街30號大門前	24.80312085	120.9542967				6			50															3
2012	4	12	18	50	新竹市	新竹市3經國路三段92號	24.7982434	120.9530141	0	1	0	8	3	5	50	3	1	1	5	4	5	7	4	4	10	5	5	2	12	2
2012	4	13	15	50	新竹市	新竹市1光復路二段建新路路口	24.7975598	120.995739				8			50															3
2012	4	22	14	43	新竹市	新竹市1民族路15號	24.803301	120.971699				8			50															3
2012	4	22	19	55	新竹市	新竹市2湳雅街路燈17747	24.8235233	120.9787074	0	1	0	8	3	5	50	14	9	1	5	4	5	7	4	4	5	5	5	1	16	2
2012	4	23	5	40	新竹市	新竹市1民生路237號	24.8121172	120.9753769	0	1	0	8	1	5	50	14	9	1	5	4	5	7	4	4	5	4	5	1	3	2
2012	4	22	18	27	新竹市	新竹市1光復路一段大學路路口	24.78906635	121.0046317	0	2	0	7	3	5	50	4	1	1	5	4	5	7	1	1	10	5	5	2	16	2
2012	4	23	20	10	新竹市	新竹市1中央路錦華街路口	24.8084612	120.9732763				8			50															3
2012	4	23	19	35	新竹市	新竹市1光復路二段120號	24.792879	121.002161				8			50															3
2012	4	18	7	40	新竹市	新竹市1慈雲路高架橋下迴轉道口	24.7874802	121.0095148	0	0	0	8	1	5	50	15	9	1	5	4	5	7	4	4	10	5	5	2	14	3
2012	4	18	10	30	新竹市	新竹市1明湖路198巷明湖路116巷口	24.7654321	120.977569				8			40															3
2012	4	24	5	53	新竹市	新竹市1食品路459號	24.7935241	120.96682				8			50															3
2012	4	18	18	0	新竹市	新竹市2育英路32巷20號前	24.7974154	120.9603115				8			30															3
2012	4	16	9	20	新竹市	新竹市1金山7街18巷	24.7861241	121.022184				6			50															3
2012	4	19	19	45	新竹市	新竹市3瑞光街164巷遊樂街路口	24.7949306	120.9239694				8			50															3
2012	4	20	13	0	新竹市	新竹市1光復路二段水源街路口	24.7998135	120.9909705	0	1	0	8	1	5	50	4	1	1	5	4	5	7	2	1	10	5	5	2	16	2
2012	4	20	15	38	新竹市	新竹市2竹光路35巷	24.81408	120.9607259				8			50															3
2012	4	20	17	53	新竹市	新竹市3竹香北路福樹街(福樹橋)	24.8049062	120.9356678	0	3	0	8	1	5	50	4	1	1	5	4	5	7	3	1	10	5	5	2	9	2
2012	4	20	20	24	新竹市	新竹市3中華路四段牛埔南路路口(北端)	24.79031295	120.9352439				8			50															3
2012	4	16	14	53	新竹市	新竹市1中華路二段武昌街路口	30.569631	114.368146	0	1	0	8	1	5	50	4	1	1	5	4	5	7	1	1	10	5	5	2	16	2
2012	4	24	12	15	新竹市	新竹市1南大路52號	24.79509185	120.9708905				8			50															3
2012	4	24	7	50	新竹市	新竹市1中華路二段400號	24.803137	120.973007	0	1	0	8	1	5	50	14	9	1	5	4	5	7	4	4	10	5	5	2	17	2
2012	4	24	9	5	新竹市	新竹市1中華路二段159號	24.8068431	120.9796515	0	2	0	8	1	5	50	3	1	1	5	4	5	7	1	1	10	5	5	2	16	2
2012	4	24	14	6	新竹市	新竹市2西大路西門街路口	24.8025954	120.9651562	0	2	0	8	1	5	50	4	1	1	5	4	5	7	2	1	10	5	5	2	15	2
2012	4	1	22	50	新竹市	新竹市2西大路496號	24.805071	120.963605	0	1	0	8	3	5	50	4	9	1	5	4	5	7	4	4	10	5	5	2	13	2
2012	4	24	15	28	新竹市	新竹市1慈雲路17465路燈桿前	24.79311235	121.0115108	0	1	0	8	1	5	50	14	9	1	5	4	5	7	1	1	10	5	5	2	12	2
2012	4	24	17	1	新竹市	新竹市2東大路3段110巷9號	24.8298551	120.955826				8			40															3
2012	4	19	7	0	新竹市	新竹市3延平路二段418巷	24.80681595	120.9316728				8			50															3
2012	4	24	17	0	新竹市	新竹市1民族路40號	24.8053221	120.9734181				8			50															3
2012	4	24	18	16	新竹市	新竹市1花園街64號	24.8044092	120.9774476				8			40															3
2012	4	19	11	27	新竹市	新竹市1民享街146巷	24.7811693	121.0094727				8			50															3
2012	4	24	19	32	新竹市	新竹市1公道五路二段15號停車格內	24.79760605	121.0029783				8			40															3
2012	4	19	12	35	新竹市	新竹市2光華南街1號	24.8164287	120.9740042				8			50															3
2012	4	24	18	45	新竹市	新竹市1東光路272號	24.808032	120.984955	0	2	0	8	3	5	50	3	1	1	5	4	5	7	4	4	10	5	5	2	16	2
2012	4	24	19	42	新竹市	新竹市1光復路二段忠孝路路口	24.8001525	120.9896318				8			50															3
2012	4	20	15	26	新竹市	新竹市1公道五路二段212巷	24.8019741	121.0001719				8			50															3
2012	4	18	19	20	新竹市	新竹市2經國路二段620巷	24.80187605	120.9539295																						3
2012	4	13	1	48	新竹市	新竹市1臺大醫院新竹分院前	24.8356092	120.9235789	0	1	0	8	3	5	50	4	1	1	5	4	5	7	3	1	10	5	5	2	16	2
2012	4	19	17	10	新竹市	新竹市1埔頂路308號	24.7936697	121.0144594	0	1	0	8	1	5	50	14	9	1	5	4	5	7	4	4	10	5	5	2	17	2
2012	4	22	15	14	新竹市	新竹市1光復路二段建新路口	24.7975598	120.995739	0	2	0	8	1	5	50	3	1	1	5	4	5	7	1	1	10	5	5	2	16	2
2012	4	22	14	39	新竹市	新竹市2中華路振興路	24.8119276	120.9883356				6			50															3
2012	4	25	9	35	新竹市	新竹市1埔頂路埔頂一路路口	24.7909875	121.0171366	0	1	0	8	1	5	50	3	1	1	5	4	5	7	4	4	10	5	5	2	12	2
2012	4	25	12	15	新竹市	新竹市3五福路二段中華大學前	24.7589503	120.943968	0	1	0	8	1	8	50	14	9	1	5	4	5	7	4	4	4	4	4	2	16	2
2012	4	25	11	30	新竹市	新竹市1中華路一段253號	24.812332	120.989651				8			50															3
2012	4	22	12	30	新竹市	新竹市1東門街圓環	24.8041675	120.9700725				8			50															3
2012	4	25	14	55	新竹市	新竹市3芝柏五街口	24.777235	120.947174				8			50															3
2012	4	25	9	8	新竹市	新竹市1經國橋17360號路燈前	24.80417925	121.015796				8			50															3
2012	4	25	10	3	新竹市	新竹市1關東路157號	24.788637	121.020251				8			50															3
2012	4	25	14	27	新竹市	新竹市2北大路166巷	24.8126159	120.9656114	0	1	0	8	1	5	50	4	1	1	5	4	5	7	3	1	10	5	5	2	15	2
2012	4	24	15	5	新竹市	新竹市1經國路二段自由路路口	24.8147153	120.9796905				8			50															3
2012	4	25	17	0	新竹市	新竹市1柴橋路(國家藝術園區大門)	24.7681185	120.9634115	0	1	0	8	1	5	50	3	1	1	5	4	5	7	1	1	10	5	5	2	18	2
2012	4	24	17	58	新竹市	新竹市1光復路二段科學園區大門口	24.7932831	121.001211	0	1	0	8	1	5	50	3	1	1	5	4	5	7	4	4	1	4	5	2	16	2
2012	4	25	17	56	新竹市	新竹市1經國路一段315巷	24.8136159	120.9836691				8			50															3
2012	4	25	17	45	新竹市	新竹市1光復路一段607巷	24.78520265	121.0117464	0	2	0	7	2	5	50	3	1	1	5	4	5	7	4	4	10	5	5	2	16	2
2012	4	25	15	43	新竹市	新竹市2經國路二段27巷	24.8129406	120.9671292				6			50															3
2012	4	24	11	30	新竹市	新竹市1光復路一段360-2號	24.781002	121.023965				8			50															3
2012	4	20	9	30	新竹市	新竹市2光華東街光華二街路口	24.8193464	120.979387				8			50															3
2012	4	18	8	19	新竹市	新竹市2鐵道路二段92號	24.82053645	120.9738377	0	1	0	8	1	5	50	14	9	1	5	4	5	7	4	4	9	4	5	2	16	2
2012	4	6	19	46	新竹市	新竹市1東南街144號	24.7972591	120.974349	0	1	0	8	3	5	50	4	1	1	5	4	5	7	4	4	10	5	5	2	3	2
2012	4	25	16	3	新竹市	新竹市1光復路二段建新路路口						6			50															3
2012	4	26	7	39	新竹市	新竹市1光復路二段292號	24.795317	120.998926	0	1	0	7	1	5	50	14	9	1	4	4	5	7	4	4	2	4	5	2	13	2
2012	4	18	9	59	新竹市	新竹市1學府路138號	24.7968771	120.984961	0	1	0	8	1	5	50	14	9	1	5	4	5	7	4	4	9	5	5	1	12	2
2012	4	13	9	22	新竹市	新竹市1食品路117號	24.7976289	120.977252				8			50															3
2012	4	3	11	0	新竹市	新竹市3中華路六段大庄路路口	24.7883507	120.9286567	0	1	0	8	1	5	50	14	9	1	5	4	5	7	1	1	1	5	5	2	12	2
2012	4	25	7	40	新竹市	新竹市3元培街118號	24.78274365	120.9329126	0	2	0	8	1	5	40	14	9	1	5	4	5	7	4	4	5	5	5	1	13	2
2012	4	26	12	0	新竹市	新竹市2中山路警察局前	24.8356702	121.0202474				6			50															3
2012	4	5	18	51	新竹市	新竹市1食品路405號	24.7938243	120.9682754				6			50															3
2012	4	25	16	56	新竹市	新竹市2光華東街光華東一街	24.8170344	120.9755538	0	1	0	7	1	5	50	3	9	1	4	4	5	7	4	4	10	5	5	2	16	2
2012	4	11	16	35	新竹市	新竹市2中華路二段振興路口	24.8054856	120.9771749	0	2	0	8	1	5	50	5	1	1	5	4	5	7	2	1	10	5	5	2	11	2
2012	4	21	11	30	新竹市	新竹市1公園路大潤發卸貨區前	24.80139	120.9770515				8			50															3
2012	4	21	14	5	新竹市	新竹市2經國路中和路路口	24.802071	120.9546306	0	1	0	8	1	5	50	4	4	1	5	4	5	7	4	4	5	5	5	2	16	2
2012	4	5	22	23	新竹市	新竹市2鐵道路二段光華二街路口	24.8192785	120.9757087				8			50															3
2012	4	25	18	20	新竹市	新竹市3經國路三段竹香南路口	24.8006432	120.9539443	0	1	0	8	3	5	50	3	1	1	5	4	5	7	4	4	10	5	5	2	16	2
2012	4	6	2	37	新竹市	新竹市2經國路二段210號	24.810326	120.961469				8			50															3
2012	4	22	16	30	新竹市	新竹市2中山路344巷16號	24.801167	120.959709				8			40															3
2012	4	23	7	36	新竹市	新竹市1光復路一段園區大門口	24.7873656	121.0096554				8			50															3
2012	4	26	4	5	新竹市	新竹市1關新路關新北路口	24.7842919	121.0181496				6			50															3
2012	4	26	15	12	新竹市	新竹市1林森路12號	24.802212	120.970642	0	2	0	7	1	5	50	14	9	1	5	4	5	7	4	4	5	4	5	2	16	2
2012	4	26	18	40	新竹市	新竹市2光華北街光華街路口	24.8211953	120.9771783				6			50															3
2012	4	25	6	45	新竹市	新竹市1中正路75巷	24.805159	120.969488				8			40															3
2012	4	25	7	42	新竹市	新竹市1東大路經國路路口	24.8137566	120.967524				8			50															3
2012	4	5	19	25	新竹市	新竹市2經國路二段282號	24.8090241	120.959513				6			50															3
2012	4	25	15	30	新竹市	新竹市1南大路808巷	24.79509185	120.9708905	0	3	0	7	1	5	50	3	2	1	5	4	5	7	3	1	10	5	5	2	16	2
2012	4	25	16	5	新竹市	新竹市1大同路東前街	24.8047812	120.9685743	0	0	0	8	1	5	50	4	1	1	5	4	5	7	4	4	10	5	5	1	17	3
2012	4	26	19	20	新竹市	新竹市2經國路145號	24.814951	120.988125				6			50															3
2012	4	17	8	35	新竹市	新竹市2東大路二段17號文化中心停車場	24.8119556	120.9682065				8			50															3
2012	4	4	10	32	新竹市	新竹市2延平路三段454號	24.8378461	120.932428				8			50															3
2012	4	5	21	10	新竹市	新竹市1明湖路715號	24.7702698	120.9734533	0	1	0	6	3	5	40	14	9	1	4	4	5	7	4	4	5	5	5	1	3	2
2012	4	7	15	10	新竹市	新竹市2西大路601號	24.809628	120.959079				8			50															3
2012	4	7	20	0	新竹市	新竹市2武陵路245巷1弄40號	24.8234125	120.9696936				8			40															3
2012	4	20	16	47	新竹市	新竹市1光復路二段888號	24.8030101	120.982113	0	1	0	8	1	5	50	14	9	1	5	4	5	7	4	4	10	4	5	2	12	2
2012	4	26	7	54	新竹市	新竹市1新莊街322號	24.7896961	121.018798				8			50															3
2012	4	23	14	10	新竹市	新竹市2成德一街	24.7895617	120.9566158				8			50															3
2012	4	18	18	21	新竹市	新竹市3柴橋路草根廚房前	24.7681185	120.9634115				6			50															3
2012	4	23	8	10	新竹市	新竹市1公道五路與慈雲路口	24.8150922	120.9852896				8			50															3
2012	4	27	10	0	新竹市	新竹市3中華路五段279號	24.78465255	120.920554				6			50															3
2012	4	12	12	15	新竹市	新竹市1金山23街金山南街口	39.03076985	106.3538138				8			50															3
2012	4	12	13	18	新竹市	新竹市2天府路一段156號	24.8363155	120.9398668				8			50															3
2012	4	27	7	16	新竹市	新竹市1中華路二段324號	24.80330045	120.9736468	0	1	0	7	1	5	50	14	9	1	5	4	5	7	4	4	5	4	5	2	17	2
2012	4	13	10	29	新竹市	新竹市1學府路84號	24.796372	120.983519	0	1	0	8	1	5	50	14	9	1	5	4	4	7	4	4	10	5	5	1	16	2
2012	4	12	18	25	新竹市	新竹市2延平路三段455巷西濱路路口	24.83716415	120.9316426	0	2	0	8	3	5	50	4	1	1	5	4	5	7	1	1	10	5	5	2	15	2
2012	4	26	0	4	新竹市	新竹市1千甲路366號	24.80691545	121.0096482	0	2	0	6	3	5	50	14	9	1	4	4	5	7	4	4	5	5	5	2	18	2
2012	4	26	18	55	新竹市	新竹市3中華路五段536號	24.77492545	120.9180034	0	1	0	6	3	5	50	14	9	1	4	4	5	6	4	4	1	4	5	1	16	2
2012	4	20	18	53	新竹市	新竹市1光復路一段介壽路路口	24.7818596	121.0211214	0	1	0	8	3	5	50	3	2	1	5	4	5	7	2	1	10	5	5	2	2	2
2012	4	27	20	11	新竹市	新竹市1東南街81號	24.7989871	120.973415				6			50															3
2012	4	27	21	8	新竹市	新竹市3中華路四段606巷2號	24.7889061	120.929058				6			40															3
2012	4	16	10	18	新竹市	新竹市2中正路423號	24.81565	120.959961				6			50															3
2012	4	15	16	5	新竹市	新竹市1西大路42號	24.79557	120.971969				8			50															3
2012	4	26	11	0	新竹市	新竹市2湳雅街313巷27弄5號	24.8235831	120.976031				6			50															3
2012	4	26	17	25	新竹市	新竹市1光復路建功路路口	24.7873656	121.0096554				6			50															3
2012	4	27	18	40	新竹市	新竹市2光華北街光華街路口	24.8211953	120.9771783	0	1	0	6	3	5	50	3	1	1	4	4	5	7	4	4	10	5	5	2	16	2
2012	4	15	20	51	新竹市	新竹市168快速道路電桿I-1-4-68-10K-L1-027	24.76996045	120.9007699				6			50															3
2012	4	17	14	14	新竹市	新竹市2經國路磐石路路口	24.8078863	120.9580757				8			50															3
2012	4	27	13	40	新竹市	新竹市1光復路一段園區大門	24.7873656	121.0096554				6			50															3
2012	4	17	7	23	新竹市	新竹市2西大路	24.8091112	120.9601481	0	1	0	8	1	5	50	14	9	1	5	4	5	7	3	1	5	5	5	2	17	2
2012	4	21	0	9	新竹市	新竹市2北大路106號	24.810723	120.969219	0	0	0	6	3	5	50	14	9	1	4	4	5	7	4	4	9	4	5	2	12	3
2012	4	2	19	5	新竹市	新竹市1南大路808巷	24.79509185	120.9708905				8			50															3
2012	4	28	9	50	新竹市	新竹市2武陵路157號	24.82065595	120.9678687				8			50															3
2012	4	3	14	30	新竹市	新竹市1光復路	24.7873656	121.0096554				8			50															3
2012	4	21	18	10	新竹市	新竹市2西大路320號	24.80083835	120.9665193				8			50															3
2012	4	28	9	43	新竹市	新竹市2經國路東大路口	24.8137323	120.9674304				8			50															3
2012	4	28	12	37	新竹市	新竹市1西大路368號大遠百前	24.7628681	120.9413175				8			50															3
2012	4	28	9	51	新竹市	新竹市2中正路485巷	24.8161681	120.957959	0	1	0	8	1	5	50	4	1	1	5	4	5	7	3	1	10	5	5	2	16	2
2012	4	28	12	0	新竹市	新竹市1民生路212號	24.811793	120.9759163	0	1	0	7	1	5	50	14	9	1	5	4	5	7	4	4	5	4	5	2	12	2
2012	4	28	13	46	新竹市	新竹市2經國路二段368號	24.8076931	120.957547				8			50															3
2012	4	4	12	50	新竹市	新竹市2中山路393巷	24.8001441	120.958287	0	1	0	8	1	5	50	4	18	1	5	4	5	7	1	1	10	5	5	2	3	2
2012	4	9	18	42	新竹市	新竹市2公道五路18337號路燈	24.79760605	121.0029783	0	1	0	6	3	5	50	14	9	1	4	4	5	7	4	4	5	5	5	2	12	2
2012	4	27	15	35	新竹市	新竹市1三民路115號	24.8330101	121.016804				8			50															3
2012	4	27	18	20	新竹市	新竹市1自由路與民族路口	24.8105021	120.9820787	0	2	0	6	3	5	50	4	1	1	4	4	5	7	1	1	10	5	5	2	16	2
2012	4	28	17	58	新竹市	新竹市1興南街16號	24.801178	120.963886				8			50															3
2012	4	21	18	56	新竹市	新竹市2湳雅街89號	24.8188992	120.9718958				8			50															3
2012	4	28	19	30	新竹市	新竹市1忠孝路停車場旁	24.8036849	120.9917121				6			50															3
2012	4	27	7	55	新竹市	新竹市1林森路公有收費停車場入口	24.79797645	120.9638302				6			50															3
2012	4	27	10	9	新竹市	新竹市1建新路17號	24.798375	120.9967	0	1	0	6	1	5	50	3	1	1	4	4	5	7	4	4	10	5	5	2	3	2
2012	4	27	16	45	新竹市	新竹市1光復路一段354巷2號	24.7835511	121.018333				6			50															3
2012	4	27	17	44	新竹市	新竹市1光復路一段588號	24.790231	121.006038				6			50															3
2012	4	28	20	55	新竹市	新竹市1東大路一段157號	24.808662	120.97124				8			50															3
2012	4	20	23	22	新竹市	新竹市1大學路交大竹梅山莊口	24.790813	121.004527				8			50															3
2012	4	22	14	54	新竹市	新竹市2中正路276號	24.8125081	120.964279	0	1	0	8	1	5	50	14	9	1	5	4	5	7	4	4	5	4	5	2	16	2
2012	4	23	6	25	新竹市	新竹市1明湖路1006巷128弄明湖路1008巷口	24.7685196	120.9771182	0	1	0	8	1	5	50	4	2	1	5	4	5	7	4	4	10	5	5	2	16	2
2012	4	28	15	30	新竹市	新竹市2南寮漁港915號停車格	24.84901955	120.928062				6			50															3
2012	4	28	19	40	新竹市	新竹市3中華路四段451巷前	24.7909301	120.9379034	0	2	0	7	3	5	50	14	9	1	4	4	5	7	4	4	1	5	5	2	13	2
2012	4	27	23	0	新竹市	新竹市1中華路二段257號	24.804607	120.97652				6			50															3
2012	4	29	0	0	新竹市	新竹市1光復路二段工研院前（新光路口）	24.7932831	121.001211	0	0	0	8	1	5	50	15	20	4	5	4	5	7	4	4	1	4	5	2	17	3
2012	4	29	12	13	新竹市	新竹市3華江街8巷3月21日號	24.806609	120.919962				8			40															3
2012	4	22	15	35	新竹市	新竹市1大學路52號	24.78938555	121.0008744				8			50															3
2012	4	26	18	38	新竹市	新竹市2經國路二段609號	24.80229355	120.9547256				6			50															3
2012	4	29	12	49	新竹市	新竹市1文化街78號	24.80792	120.970222	0	1	0	8	1	5	50	4	1	1	5	4	5	7	4	4	10	5	5	2	16	2
2012	4	29	14	13	新竹市	新竹市1民權路111巷民權路路口67巷口	24.8337728	121.0124806	0	3	0	7	1	5	40	4	1	1	5	4	5	7	4	4	10	5	5	2	15	2
2012	4	26	21	36	新竹市	新竹市3西濱快速道路、高濱路口	24.8684988	120.9533201				6			50															3
2012	4	28	17	53	新竹市	新竹市1三民路83號	24.8334571	121.017693				8			40															3
2012	4	27	23	59	新竹市	新竹市3中華路六段香山交流道北上匝道口	24.7354474	120.9129485	0	3	0	6	3	5	50	4	1	1	4	4	5	7	1	1	10	5	5	2	15	2
2012	4	29	15	20	新竹市	新竹市1光復路一段525巷	24.78436645	121.0121615	0	1	0	7	1	5	50	11	9	1	5	4	5	7	4	4	10	5	5	1	10	2
2012	4	29	18	16	新竹市	新竹市1建功一路建新路路口	23.907561	106.625776	0	2	0	6	3	5	50	4	1	1	4	4	5	7	1	1	10	5	5	2	17	2
2012	4	29	16	9	新竹市	新竹市1民主路(網球場旁)	24.8143871	120.9768579				6			50															3
2012	4	25	10	30	新竹市	新竹市3元培街294號	24.7783331	120.93908				8			50															3
2012	4	25	11	30	新竹市	新竹市2西門街53號	24.802646	120.965391				8			50															3
2012	4	25	13	30	新竹市	新竹市1中華路一段2巷61弄31號	24.819428	120.994517				8			50															3
2012	4	29	21	10	新竹市	新竹市2	24.81488335	120.9394568				8			50															3
2012	4	7	9	55	新竹市	新竹市1新莊路133號	24.787274	121.016956	0	1	0	8	1	5	50	14	9	1	5	4	5	7	4	4	9	5	5	2	29	2
2012	4	10	16	0	新竹市	新竹市2北大路150-1號	24.8101701	120.968127				8			50															3
2012	4	10	19	50	新竹市	新竹市2東大路天府路路口	24.8331464	120.9483426	0	1	0	8	3	5	50	3	1	1	5	4	5	7	1	1	10	5	5	2	16	2
2012	4	11	12	30	新竹市	新竹市1中華路二段東門街路口	24.8040923	120.9749115	0	1	0	8	1	5	50	5	1	1	5	4	5	7	1	1	10	5	5	2	16	2
2012	4	14	14	30	新竹市	新竹市1公道五路京元電子	24.8150922	120.9852896	0	1	0	8	1	5	40	14	9	1	5	4	5	7	4	4	5	5	5	2	16	2
2012	4	15	11	3	新竹市	新竹市2經國路北新路路口	24.8087242	120.9584333				8			50															3
2012	4	15	13	40	新竹市	新竹市1中華路二段593號	24.799302	120.967488	0	1	0	8	1	5	50	5	9	1	5	4	5	7	4	4	9	5	5	2	13	2
2012	4	16	12	40	新竹市	新竹市1寶山路E-19號路燈	24.794126	120.973575				6			50															3
2012	4	20	9	0	新竹市	新竹市1振興一街21號	24.7942391	120.961305	0	2	0	8	1	5	40	14	9	1	5	4	5	7	4	4	10	5	5	2	10	2
2012	4	20	17	25	新竹市	新竹市1大學路51巷	24.7860539	121.0024861	0	1	0	8	1	5	50	11	9	1	5	4	5	7	1	1	5	5	5	2	12	2
2012	4	23	15	15	新竹市	新竹市1民生路115號	24.8098582	120.9771481	0	2	0	8	1	5	50	4	2	1	5	4	5	7	1	1	5	1	5	2	3	2
2012	4	23	20	0	新竹市	新竹市1慈濟路龍山東路	24.7919685	121.0148844				8			50															3
2012	4	24	8	30	新竹市	新竹市1光復路一段576巷2弄	24.7910558	121.006802				8			40															3
2012	4	27	7	40	新竹市	新竹市3牛埔東路9號	24.7993332	120.9511933				8			50															3
2012	4	27	17	10	新竹市	新竹市2中正路370巷40號	24.8153903	120.9625247				6			50															3
2012	4	30	7	19	新竹市	新竹市1北大路54巷	24.81259	120.972334				8			50															3
2012	4	12	16	27	新竹市	新竹市1明湖路133號前	24.7938027	120.968388	0	1	0	8	1	5	50	3	1	1	5	4	5	7	4	4	10	5	5	2	12	2
2012	4	30	8	55	新竹市	新竹市1介壽路老爺酒店旁計程車停車格	24.7757408	121.0167883	0	1	0	8	1	5	50	14	9	1	5	4	5	7	4	4	1	4	5	2	16	2
2012	4	30	13	13	新竹市	新竹市1光復路一段329巷	24.814597	120.981817				8			50															3
2012	4	30	12	3	新竹市	新竹市1關新路19巷	24.7842919	121.0181496	0	1	0	8	1	5	50	4	2	1	5	4	5	7	4	4	10	5	5	2	12	2
2012	4	18	21	5	新竹市	新竹市2西大路439號前	24.804129	120.963696	0	2	0	6	3	5	50	14	9	1	4	4	3	7	4	4	5	5	5	2	17	2
2012	4	30	13	29	新竹市	新竹市2武陵路171號	24.8208224	120.9680305				8			50															3
2012	4	19	7	20	新竹市	新竹市1花園街71號	24.8034501	120.9783108	0	1	0	8	1	5	50	3	2	1	5	4	5	7	4	4	10	5	5	2	18	2
2012	4	29	15	56	新竹市	新竹市1光復路二段5號	24.7916451	121.003275				6			50															3
2012	4	30	18	59	新竹市	新竹市2中華路一段大橋加油站前	24.82184665	120.9870116				8			50															3
2012	4	30	21	17	新竹市	新竹市2湳雅街189號	24.8203515	120.9736227				8			50															3
2012	4	3	6	44	新竹市	新竹市2和平路219巷	24.81155155	120.954682	0	1	0	8	1	5	50	3	1	1	5	4	5	7	3	1	3	5	5	2	16	2
2012	4	3	9	3	新竹市	新竹市1民主路215號	24.81339	120.977472	0	1	0	8	1	5	50	14	9	1	5	4	5	7	4	4	9	5	5	1	17	2
2012	4	3	17	0	新竹市	新竹市3中華路五段331巷	24.7650255	120.9144374	0	1	0	8	1	5	50	4	1	1	5	4	5	7	1	1	10	5	5	2	16	2
2012	4	19	9	35	新竹市	新竹市2崧嶺路122號	24.7920679	120.9524816				8			50															3
2012	4	23	8	18	新竹市	新竹市2中華路三段114號	24.7969881	120.960403	0	1	0	8	1	5	50	5	2	1	5	4	5	7	1	1	10	5	5	2	13	2
2012	4	23	10	35	新竹市	新竹市1中央路314號	24.810225	120.978214				8			50															3
2012	4	5	18	32	新竹市	新竹市2北大路錢櫃KTV前	24.8109645	120.969934				6			50															3
2012	4	5	20	9	新竹市	新竹市1光復路二段168號	24.793728	121.00109	0	1	0	8	3	5	50	14	9	1	5	4	3	7	4	4	3	4	5	2	12	2
2012	4	26	11	55	新竹市	新竹市2成功路192巷	24.8128535	120.9535042	0	1	0	6	1	5	50	14	9	1	4	4	5	7	4	4	10	5	5	2	19	2
2012	4	30	21	48	新竹市	新竹市1明湖路269號	24.789685	120.968203	0	1	0	8	3	5	50	3	1	1	5	4	5	7	3	1	10	5	5	2	11	2
2012	4	19	23	33	新竹市	新竹市3中山路500號前	23.8548668	120.983603				8			50															3
2012	4	30	23	31	新竹市	新竹市2中華路二段振興路口	24.8054856	120.9771749	0	1	0	8	3	5	50	5	2	1	5	4	5	7	2	1	10	5	5	2	19	2
2012	4	26	14	55	新竹市	新竹市2世界街	24.810786	120.972357	0	0	0	8	1	5	50	3	1	1	5	4	5	7	4	4	10	5	5	1	16	3
2012	4	26	13	0	新竹市	新竹市2鐵道路二段292巷	24.82314395	120.9687826				8			50															3
2012	4	29	10	50	新竹市	新竹市1溪埔路88號	24.81853775	120.9890287	0	2	0	8	1	5	50	14	9	1	5	4	5	7	4	4	10	5	5	2	12	2
2012	4	28	14	50	新竹市	新竹市1忠孝路(大潤發出入口前)	24.8036849	120.9917121				6			50															3
2012	4	28	15	35	新竹市	新竹市1中華路二段民生路路口	24.84574635	121.2236621	0	1	0	6	1	5	50	4	1	1	4	4	5	7	1	1	1	2	5	2	16	2
2012	4	17	10	8	新竹市	新竹市1公園路283號體育場前	24.8012671	120.981757	0	1	0	8	1	8	50	17	9	4	5	4	5	7	4	4	10	5	5	2	16	2
2012	4	17	12	10	新竹市	新竹市2光華東街光華南街路口	24.8163323	120.9747371				8			50															3
2012	4	17	14	42	新竹市	新竹市1明湖路133號	24.7938027	120.968388				8			40															3
2012	4	20	8	13	新竹市	新竹市3中華路5段320巷5弄口	24.781854	120.917501	0	1	0	8	1	5	40	3	2	1	5	4	5	7	4	4	10	5	5	2	16	2
2012	4	30	15	45	新竹市	新竹市2湳雅街218巷	24.82196	120.975736				8			50															3
2012	4	27	19	29	新竹市	新竹市2經國路二段國光路口	24.8104823	120.9621044	0	1	0	6	3	5	50	4	1	1	4	4	5	7	2	1	10	5	5	2	12	2
2012	4	30	15	3	新竹市	新竹市1東大路一段52巷21號前約2公尺處	24.8031851	120.977038				8			40															3
2012	4	30	7	30	新竹市	新竹市1中華路一段頭前溪橋南端	24.8193477	120.9955776				8			50															3
2012	4	30	16	8	新竹市	新竹市1振興路132巷	24.79617215	120.9617418				8			50															3