年	月	日	時	分	縣市	allLocation	GoogleLat	GoogleLng	死	受傷	2-30	天候	光線	道路類別	速限	道路型態	事故位置	路面鋪裝	路面狀態	路面缺陷	障礙物	視距	號誌種類	號誌動作	分向設施	快車道或一般車道間	快慢車道間	路面邊線	事故類型及型態	事故類別
2012	4	9	17	25	新竹市	新竹市1民族路241巷	24.810476	120.9813902				6			50															3
2012	4	30	17	40	新竹市	新竹市1中正路東門圓環	24.8044523	120.9702289	0	1	0	8	1	5	50	16	8	1	5	4	5	7	4	4	1	4	5	2	16	2
2012	4	17	18	15	新竹市	新竹市1食品路綠水路路口	24.8010377	120.9826702	0	3	0	8	3	5	50	3	2	1	5	4	5	7	1	1	10	5	5	2	13	2
2012	4	18	17	49	新竹市	新竹市2東大路三段214號	24.832786	120.951152				6			50															3
2012	4	19	14	0	新竹市	新竹市1三民路176號	24.8101739	120.97969				8			50															3
2012	4	29	6	42	新竹市	新竹市1寶山路273號	24.78914735	120.9796037	0	2	0	8	2	5	50	14	9	1	5	4	5	7	4	4	10	5	5	2	12	2
2012	4	6	16	28	新竹市	新竹市1光復路二段531巷	24.802594	120.981142				8			50															3
2012	4	10	8	8	新竹市	新竹市1中華路一段1巷	24.8193477	120.9955776	0	1	0	8	1	5	50	14	9	1	5	4	5	7	4	4	10	5	5	1	11	2
2012	4	21	10	15	新竹市	新竹市2文雅街116號	24.8120461	120.9560516				8			50															3
2012	4	25	13	0	新竹市	新竹市1光復路一段525巷	24.78436645	121.0121615				8			50															3
2012	4	29	15	40	新竹市	新竹市1寶山路145巷	24.7917043	120.9758328				6			50															3
2012	4	28	21	50	新竹市	新竹市1公道五路建新路路口	23.907561	106.625776				8			50															3
2012	4	28	15	40	新竹市	新竹市1慈雲路211號	24.79311235	121.0115108				8			50															3
2012	4	28	15	30	新竹市	新竹市3東香路三段2月1日號	24.7768421	121.006254				8			50															3
2012	4	28	19	15	新竹市	新竹市2中山路和福街路口	24.8356702	121.0202474				8			50															3
2012	4	28	13	30	新竹市	新竹市1高峰路110巷	24.79168195	120.973913				8			50															3
2012	4	28	13	10	新竹市	新竹市1中央路229號	24.838843	120.999985				8			50															3
2012	4	28	18	20	新竹市	新竹市2成德一街羽化館附近	24.7895617	120.9566158	0	1	0	6	3	5	50	11	9	1	4	4	5	7	4	4	5	5	5	1	18	2
2012	4	28	19	53	新竹市	新竹市2東大路二段76號	24.813494	120.968079				6			40															3
2012	4	21	11	49	新竹市	新竹市1中華路三段37號	24.796887	120.962744	0	1	0	8	1	5	50	14	9	1	5	4	5	7	4	4	9	5	5	1	16	2
2012	4	24	22	24	新竹市	新竹市1大學路光復路路口	24.7910677	121.0049133	0	1	0	8	3	5	50	14	9	1	5	4	5	7	2	1	10	5	5	2	3	2
2012	4	19	5	34	新竹市	新竹市1中華路二段471號	24.80126	120.970554				6			50															3
2012	4	10	9	9	新竹市	新竹市1南大路758號	24.7899451	120.965345				8			50															3
2012	4	12	8	18	新竹市	新竹市2湳雅街292號	24.8226262	120.9764493				8			50															3
2012	4	16	8	55	新竹市	新竹市1光復路一段加油站前	24.7873656	121.0096554	0	1	0	6	1	5	50	14	9	1	4	4	5	7	4	4	5	4	5	2	16	2
2012	4	16	10	18	新竹市	新竹市1南大路42號	24.79935	120.972864	0	2	0	6	1	5	50	15	9	1	4	4	5	5	4	4	9	5	5	2	7	2
2012	4	16	12	0	新竹市	新竹市2勝利路141號	24.8005521	120.965393				6			50															3
2012	4	27	18	59	新竹市	新竹市1經國路一段379巷口	24.81998545	120.9844231				8			50															3
2012	4	27	23	21	新竹市	新竹市2北大路398號	24.804257	120.96052				6			50															3
2012	4	30	17	40	新竹市	新竹市3東香路二段230巷	24.77603385	120.9470264	0	2	0	8	1	5	50	3	1	1	5	4	5	7	4	4	5	5	5	2	10	2
2012	4	18	19	0	新竹市	新竹市2中山路天公壇前	24.8356702	121.0202474	0	1	0	6	3	5	50	14	9	1	4	4	5	7	4	4	5	5	5	1	18	2
2012	4	19	4	4	新竹市	新竹市1關東路225號	24.7904647	121.0189622	0	1	0	6	3	5	50	14	9	1	4	4	5	7	4	4	9	5	5	2	18	2
2012	4	26	14	10	新竹市	新竹市1東門圓環	24.8042116	120.9705392				8			40															3
2012	4	28	9	20	新竹市	新竹市1原興路320號	24.81299	120.997692	0	3	0	8	1	5	40	11	9	1	5	4	5	1	4	4	10	5	5	2	10	2
2012	4	28	11	35	新竹市	新竹市1明湖路468號	24.7884154	120.9680175				8			40															3
2012	4	29	8	43	新竹市	新竹市1中華路一段43號	24.8176835	120.9948945				8			50															3
2012	4	20	15	0	新竹市	新竹市1中央路256號	24.809223	120.976147				8			50															3
2012	4	30	23	28	新竹市	新竹市2水田街26號	24.811732	120.965766				8			50															3
2012	4	13	17	35	新竹市	新竹市1慈雲路好市多大賣場前	24.7874802	121.0095148				8			50															3
2012	4	16	22	16	新竹市	新竹市2中正路300號	24.8129604	120.9637547				8			50															3
2012	4	17	8	53	新竹市	新竹市1經國路一段215號	24.8148391	120.985956				8			50															3
2012	4	17	13	10	新竹市	新竹市3牛埔南路145號	24.7961231	120.9351833				8			50															3
2012	4	26	10	11	新竹市	新竹市2北大路166巷30號	24.81113395	120.9667488	0	1	0	8	1	5	50	3	1	1	5	4	5	7	4	4	10	5	5	2	15	2
2012	4	12	9	30	新竹市	新竹市1東南街239巷	24.7955611	120.976075				8			50															3
2012	4	21	14	34	新竹市	新竹市1光復路二段龍山國小旁	24.7932831	121.001211				6			50															3
2012	4	21	23	14	新竹市	新竹市2東大路四段117巷	24.8435201	120.9307635				8			50															3
2012	4	29	20	26	新竹市	新竹市1光復路建功路路口	24.7873656	121.0096554				8			50															3
2012	4	30	10	28	新竹市	新竹市1經國路光華街路口	24.8140911	120.9725373	0	2	0	8	1	5	50	4	1	1	5	4	5	7	2	1	10	5	5	2	15	2
2012	4	25	22	8	新竹市	新竹市2延平路一段240號	24.8052341	120.953516	0	2	0	6	3	5	50	14	9	1	4	4	5	7	4	4	5	5	5	1	3	2
2012	4	26	19	20	新竹市	新竹市1埔頂路慈雲路路口	24.7929205	121.0125589				6			50															3
2012	4	20	19	33	新竹市	新竹市1忠孝路19號	24.901022	121.044635				8			50															3
2012	4	21	8	49	新竹市	新竹市1光復路二段南大路路口	24.8033933	120.9790255				8			50															3
2012	4	25	19	39	新竹市	新竹市1林森路158巷9號	24.799843	120.964766				8			0															3
2012	4	20	6	55	新竹市	新竹市1金山19街金山南街	24.7757159	121.0247899				8			50															3
2012	4	26	21	6	新竹市	新竹市1興竹街126號	24.7971803	120.9653944				8			50															3
2012	4	27	15	37	新竹市	新竹市1東大路一段159號	24.808699	120.971214				8			50															3
2012	4	23	8	17	新竹市	新竹市3牛埔路79巷	24.7987991	120.954191				8			50															3
2012	4	27	18	35	新竹市	新竹市3景觀大道內獅高架橋頭處	24.7714132	120.952796	0	1	0	6	3	5	70	3	1	1	4	4	5	7	1	1	10	5	5	2	16	2
2012	4	26	7	43	新竹市	新竹市2北新街77號	24.8026045	120.9576143				8			50															3
2012	4	28	12	56	新竹市	新竹市1光復路二段金城一路路口	24.7932831	121.001211				8			50															3
2012	4	26	8	59	新竹市	新竹市1民族路180號	24.8092061	120.979536	0	1	0	6	1	5	50	14	9	1	4	4	5	7	4	4	9	5	5	1	16	2
2012	4	26	17	56	新竹市	新竹市3南大路321號	24.79771	120.970244				6			50															3
2012	4	28	18	0	新竹市	新竹市3明志書院5F-B區	24.80160565	120.9657943				8			50															3
2012	4	28	22	44	新竹市	新竹市1建功路22號	24.7963541	120.998762	0	1	0	8	3	5	50	14	9	1	5	4	5	7	4	4	5	4	5	2	16	2
2012	4	7	3	55	新竹市	新竹市3中華路四段451巷口弄	24.7909301	120.9379034				8			50															3
2012	4	30	12	9	新竹市	新竹市3竹蓮街96號	24.79869435	120.9699988				8			50															3
2012	4	29	6	28	新竹市	新竹市2金竹路96號	24.8232819	120.9733294	0	1	0	8	1	5	50	14	9	1	5	4	5	7	4	4	5	5	5	1	12	2
2012	4	30	16	5	新竹市	新竹市2愛文街經國路路口	24.8095843	120.9606931				8			50															3
2012	4	21	23	10	新竹市	新竹市2經國路二段磐石路路口	24.8078863	120.9580757	0	1	0	6	3	5	50	4	1	1	4	4	5	7	1	1	10	5	5	2	15	2
2012	4	29	20	10	新竹市	新竹市3中華路五段208巷與西濱路口	24.7855805	120.9166773				8			50															3
2012	4	30	10	16	新竹市	新竹市3延平路二段6號	24.8055074	120.9425802	0	1	0	8	1	5	50	3	1	1	5	4	5	7	4	4	10	5	5	2	16	2
2012	4	30	15	21	新竹市	新竹市1中華路二段625號	24.798867	120.966869	0	1	0	8	1	5	50	14	9	1	5	4	5	7	4	4	9	5	5	1	18	2
2012	4	28	18	45	新竹市	新竹市2鐵道路二段278巷	24.8235283	120.968757				8			50															3
2012	4	28	21	0	新竹市	新竹市1東前街61號	24.803589	120.967276				8			50															3
2012	4	23	13	47	新竹市	新竹市1明湖路470號	24.7884154	120.9680175	0	1	0	8	1	5	50	3	1	1	5	4	5	7	4	4	10	5	5	1	16	2
2012	4	28	10	40	新竹市	新竹市2經國路二段延平路路口	24.8047718	120.9556443				8			50															3
2012	4	28	15	25	新竹市	新竹市2西大路28號	24.795456	120.972035				6			50															3
2012	4	28	18	25	新竹市	新竹市1中華路二段188號	24.8064021	120.978266				6			50															3
2012	4	29	0	25	新竹市	新竹市2中山路394號	24.800672	120.958408	0	2	0	8	3	5	50	14	9	1	5	4	5	7	4	4	5	5	5	1	12	2
2012	4	29	19	0	新竹市	新竹市1公道五路東美路路口	24.801449	121.0005474				6			50															3
2012	4	30	17	34	新竹市	新竹市3西濱路宮口街路口	24.7937444	120.9195353				8			50															3
2012	4	30	18	26	新竹市	新竹市3牛埔東路牛埔南路路口	24.7922354	120.9323808				8			50															3
2012	4	18	18	57	新竹市	新竹市1光復路一段介壽路路口	24.7818596	121.0211214	0	1	0	6	3	5	50	3	1	1	4	4	5	7	1	1	10	5	5	2	16	2
2012	4	19	16	27	新竹市	新竹市3浸水街191巷21號	24.79678255	120.9292806				8			50															3
2012	4	23	7	50	新竹市	新竹市1關東路400巷	24.7901741	121.0193325				8			50															3
2012	4	23	17	10	新竹市	新竹市2經國路二段	24.8137323	120.9674304	0	1	0	8	1	5	50	4	1	1	5	4	5	7	4	4	10	5	5	2	15	2
2012	4	24	17	5	新竹市	新竹市1民權路經國路路口	24.8139388	120.9704159	0	1	0	8	1	5	50	14	9	1	5	4	5	7	1	1	10	5	5	2	12	2
2012	4	21	15	8	新竹市	新竹市1中華路一段1巷68號	24.8162285	121.0004115				8			50															3
2012	4	21	16	58	新竹市	新竹市1中央路248號	24.8092819	120.9758929				8			50															3
2012	4	25	15	43	新竹市	新竹市1興學街50巷	24.797599	120.96701	0	1	0	6	1	5	50	4	1	1	4	4	5	7	4	4	10	5	5	2	15	2
2012	4	22	13	10	新竹市	新竹市2水田街150巷	24.81535195	120.9676006	0	0	0	8	1	5	50	13	9	1	5	4	5	7	4	4	10	5	5	2	17	3
2012	4	27	8	5	新竹市	新竹市1明湖路1075巷	24.7702698	120.9734533				6			50															3
2012	4	30	7	16	新竹市	新竹市2北新街39巷口	24.77577015	120.9598015	0	2	0	8	1	5	50	3	1	1	5	4	5	7	4	4	10	5	5	2	15	2
2012	4	30	10	16	新竹市	新竹市1光復路二段忠孝路路口	24.8001525	120.9896318	0	1	0	8	1	5	50	3	1	1	5	4	5	7	2	1	10	5	5	2	16	2
2012	4	30	16	25	新竹市	新竹市1民生路17巷	24.8075365	120.9791127	0	1	0	8	1	5	50	3	1	1	5	4	5	7	4	4	10	4	5	2	16	2
2012	4	25	8	44	新竹市	新竹市2經國路二段160號	24.81076025	120.9625225				8			50															3
2012	4	25	9	38	新竹市	新竹市1光復路二段建功路路口	24.7932831	121.001211				8			50															3
2012	4	23	19	38	新竹市	新竹市3香北路111號	24.7919311	120.927868				8			50															3
2012	4	24	7	21	新竹市	新竹市3牛埔東路197號	24.7963607	120.9445525				8			50															3
2012	4	25	15	15	新竹市	新竹市3芝柏一街151號	24.7771139	120.9467465				6			50															3
2012	4	30	14	30	新竹市	新竹市1北大路7巷口	26.097344	119.2930799				8			50															3
2012	4	30	18	10	新竹市	新竹市2中正路與竹光路口	24.8214621	120.9520581				8			50															3
2012	4	25	15	48	新竹市	新竹市1明湖路95號	24.79458505	120.9684092				8			50															3
2012	4	18	11	45	新竹市	新竹市1光復路忠孝路路口	24.8036849	120.9917121				8			50															3
2012	4	18	8	21	新竹市	新竹市2世界街112巷2號	24.810786	120.972357				8			40															3
2012	4	19	17	3	新竹市	新竹市1東門街216號	24.8046673	120.9661692				8			50															3
2012	4	26	17	15	新竹市	新竹市1金山23街36號	24.776216	121.026796				6			40															3
2012	4	26	18	12	新竹市	新竹市1光復路二段412號	24.7973641	120.996598				6			50															3
2012	4	30	16	30	新竹市	新竹市1光復路與學府路口	24.7873656	121.0096554				8			50															3
2012	4	24	12	3	新竹市	新竹市1關新二街、關新東路	24.7842919	121.0181496				8			50															3
2012	4	24	14	37	新竹市	新竹市1光復路一段367巷	24.7815838	121.0170363				8			50															3
2012	4	27	9	3	新竹市	新竹市1公園路光復路路口	24.7873656	121.0096554				6			50															3
2012	4	27	9	11	新竹市	新竹市1北大路18號	24.8134941	120.973802	0	1	0	6	1	5	50	14	9	1	4	4	5	6	4	4	5	4	5	2	13	2
2012	4	28	16	53	新竹市	新竹市2中正路398號	24.815006	120.9622726				6			50															3
2012	4	28	15	0	新竹市	新竹市1三民路2巷11號	24.8067329	120.9735661				6			50															3
2012	4	27	10	0	新竹市	新竹市2延平路二段519號	24.80700685	120.9319304				6			50															3
2012	4	13	12	10	新竹市	新竹市3中華路5段與美山路口	24.7964808	120.9524293				8			50															3
2012	4	25	18	20	新竹市	新竹市1中華路2段SOGO百貨停車場出入口前	24.8193477	120.9955776				8			50															3
2012	4	25	20	37	新竹市	新竹市1建功一路61號前	24.8006691	120.9971476				8			50															3
2012	4	10	18	50	新竹市	新竹市2中正路480巷口	24.90045545	121.046069	0	1	0	8	1	5	50	4	1	1	5	4	5	7	3	1	10	5	5	2	15	2
2012	4	19	20	18	新竹市	新竹市3中華路4段411巷口	24.7882139	120.9286821	0	2	0	8	3	5	50	3	1	1	5	4	5	7	1	1	10	5	5	2	15	2
2012	4	19	14	20	新竹市	新竹市1經國路一段176號前	24.8147601	120.988135	0	1	0	8	1	5	50	14	9	1	5	4	5	7	4	4	1	4	5	2	12	2
2012	4	25	16	30	新竹市	新竹市2武陵路378號前	24.8250371	120.971521	0	1	0	7	1	5	50	14	9	1	5	4	5	7	4	4	1	4	5	2	17	2
2012	4	26	14	30	新竹市	新竹市1東光路201號前	24.8061626	120.9862094	0	3	0	6	1	5	50	14	9	1	4	4	5	7	4	4	5	4	5	2	12	2
2012	4	29	17	35	新竹市	新竹市2北大路府後街	24.809652	120.9678861				8			50															3
2012	4	30	15	40	新竹市	新竹市1八德路183巷15號	24.806048	120.982134				8			50															3
2012	4	6	18	5	新竹市	新竹市1光復路一段526號	24.7924614	121.0067013	0	1	0	8	3	5	50	3	1	1	5	4	5	7	4	4	5	4	5	2	16	2
2012	4	10	9	6	新竹市	新竹市1埔頂路16號	24.7947265	121.0086997				8			40															3
2012	4	12	19	39	新竹市	新竹市1光復路一段362-12號	24.784219	121.016835				8			50															3
2012	4	13	13	50	新竹市	新竹市1關新路關新一街	24.7842919	121.0181496				8			40															3
2012	4	26	5	25	新竹市	新竹市1公道五路21297號路燈	24.79760605	121.0029783				6			50															3
2012	4	26	0	24	新竹市	新竹市1東門街東門圓環	24.8041675	120.9700725				6			40															3
2012	4	22	2	19	新竹市	新竹市1中央路三民網球場旁	24.8078458	120.9721101				8			50															3
2012	4	8	16	41	新竹市	新竹市2	24.81488335	120.9394568				8			50															3
2012	4	6	20	44	新竹市	新竹市3元培街265-1號	24.7881022	120.9287874				8			50															3
2012	4	6	17	0	新竹市	新竹市1原興路408-1號	24.8143271	120.99519				8			40															3
2012	4	23	7	25	新竹市	新竹市1中華路一段2巷	24.8193477	120.9955776				8			50															3
2012	4	27	8	15	新竹市	新竹市1南大路567巷	24.79484195	120.9652302				8			50															3
2012	4	24	18	45	新竹市	新竹市2天府路聯興路路口	24.8407038	120.9262157				8			50															3
2012	4	15	3	50	新竹市	新竹市2中山路170號	24.803756	120.9636959				8			50															3
2012	4	19	12	50	新竹市	新竹市3元培街365-1號	24.7765831	120.9428817	0	2	0	8	1	5	40	3	9	1	5	4	5	7	4	4	5	5	5	2	3	2
2012	4	9	18	30	新竹市	新竹市3西濱快速道路與高濱路口	24.8684988	120.9533201				6			80															3
2012	4	15	22	1	新竹市	新竹市1光復路一段116號	24.781652	121.023696				6			50															3
2012	4	13	8	2	新竹市	新竹市2湳雅街310弄溪州大橋	24.8234728	120.9779836	0	3	0	8	1	5	50	3	2	1	5	4	5	7	4	4	5	4	5	1	16	2
2012	4	7	13	22	新竹市	新竹市3延平路一段451號	24.8049731	120.946669				8			50															3
2012	4	7	11	50	新竹市	新竹市2東大路二段經國路路口	24.8137323	120.9674304				8			50															3
2012	5	1	8	47	新竹市	新竹市2東大路二段653巷	24.8235971	120.9579023	0	1	0	8	1	5	50	14	9	1	5	4	5	7	4	4	9	5	4	2	18	2
2012	5	1	10	55	新竹市	新竹市2西大路676號	24.808565	120.960842				8			50															3
2012	5	1	12	0	新竹市	新竹市1學府路12664號路燈前	24.79748055	120.9819616	0	1	0	8	1	5	50	14	9	1	5	4	5	7	4	4	9	5	5	2	17	2
2012	5	1	14	11	新竹市	新竹市1興學街50巷興竹街	24.7975396	120.965998				8			50															3
2012	5	1	14	27	新竹市	新竹市1中華路三段振興路路口	24.7967798	120.9607008	0	3	0	8	1	5	50	5	1	1	5	4	5	7	1	1	10	5	5	2	16	2
2012	5	1	16	31	新竹市	新竹市1光復路一段405號	24.814319	120.97798				8			50															3
2012	5	1	21	19	新竹市	新竹市1光復路二段257號	24.79834225	120.9906022				8			50															3
2012	5	1	0	32	新竹市	新竹市1寶山路310巷	24.7743106	121.0312128				8			50															3
2012	5	1	18	45	新竹市	新竹市2光華北街10號	24.8179689	120.9738554	0	1	0	8	3	5	50	14	9	1	5	4	5	7	4	4	10	5	5	2	11	2
2012	5	1	20	46	新竹市	新竹市1光復路二段260號	24.7949581	120.999428				8			50															3
2012	5	1	20	6	新竹市	新竹市3	31.3512963	120.9811634	0	2	0	8	3	5	50	14	9	1	5	4	5	7	4	4	1	4	5	1	10	2
2012	5	2	7	38	新竹市	新竹市1中華路一段2巷	24.8193477	120.9955776				8			50															3
2012	5	2	7	0	新竹市	新竹市1忠孝路430號	24.803103	120.983294				8			50															3
2012	5	2	7	58	新竹市	新竹市1光復路園區門口	24.7873656	121.0096554	0	1	0	8	1	5	50	3	1	1	5	4	5	7	4	4	9	5	5	2	16	2
2012	5	2	7	21	新竹市	新竹市3中華路六段647巷中華路路口677巷口	24.7321407	120.9170468	0	1	0	8	1	5	50	3	1	1	5	4	5	7	4	4	10	5	5	2	16	2
2012	5	1	10	33	新竹市	新竹市1民生路259號	24.8125718	120.9750003				8			50															3
2012	5	2	13	47	新竹市	新竹市1新光路	24.8026111	120.9888888				8			50															3
2012	5	2	19	25	新竹市	新竹市1光復路一段424號	24.784743	121.014309				8			50															3
2012	5	2	19	20	新竹市	新竹市1中華路二段火車站前廣場	24.8042903	120.9752282				8																		3
2012	5	3	8	0	新竹市	新竹市1東美路105號	24.8018553	121.0012166				8			50															3
2012	5	3	8	40	新竹市	新竹市1學府路85號	24.7948381	120.978455							50															3
2012	5	2	17	33	新竹市	新竹市3元培街341號	24.77842755	120.9396875	0	2	0	7	1	5	50	14	9	1	5	4	5	7	4	4	4	5	5	2	13	2
2012	5	3	7	13	新竹市	新竹市3延平路二段45巷	24.80506765	120.9427789	0	1	0	8	1	5	50	3	1	1	5	4	5	7	4	4	10	5	5	2	16	2
2012	5	3	9	20	新竹市	新竹市3大庄路80號	24.79087755	120.9267637				8			50															3
2012	5	3	7	5	新竹市	新竹市1經國路一段田美三街路口	24.8145218	120.9769905				8			50															3
2012	5	3	12	7	新竹市	新竹市2英明街3號	24.806571	120.967856				8			40															3
2012	5	3	11	45	新竹市	新竹市1長春街16巷20號	24.7849131	121.014675							50															3
2012	5	3	8	0	新竹市	新竹市1大學路17號	24.7902441	121.004531	0	1	0	8	1	5	50	11	9	1	5	4	5	7	4	4	4	4	5	2	16	2
2012	5	2	17	20	新竹市	新竹市1東南街167巷53弄路口	24.7995335	120.9728486	0	1	0	8	1	5	40	4	1	1	5	4	5	7	4	4	10	5	5	2	15	2
2012	5	3	20	53	新竹市	新竹市1水利路46巷87號	24.80200015	121.0080231	0	1	0	7	3	5	40	14	9	1	5	4	5	7	4	4	10	5	5	2	26	2
2012	5	3	21	45	新竹市	新竹市2中山路西大路路口	23.8333047	120.4693168				8			50															3
2012	5	2	7	35	新竹市	新竹市1關東路225號	24.7904647	121.0189622				8			50															3
2012	5	2	17	15	新竹市	新竹市1光復路一段544巷口弄	24.8185572	120.9951081				8			50															3
2012	5	2	8	35	新竹市	新竹市1中華路二段678號	24.798228	120.965282	0	2	0	8	1	5	40	4	1	1	5	4	5	7	3	1	10	5	5	2	16	2
2012	5	3	21	50	新竹市	新竹市3中華路四段595號	24.789473	120.932666	0	1	0	8	3	5	50	15	8	1	5	4	5	7	4	4	1	4	4	2	16	2
2012	5	3	16	52	新竹市	新竹市2勝利路306號	24.8022268	120.963632				8			50															3
2012	5	2	2	8	新竹市	新竹市2延平路一段317巷43號	24.8039329	120.9494209				8			40															3
2012	5	1	12	26	新竹市	新竹市3元培街211號	24.7824531	120.933262	0	3	0	8	1	5	50	14	9	1	5	4	5	7	4	4	5	5	5	2	12	2
2012	5	4	9	36	新竹市	新竹市1西大路118號	24.796738	120.97054				8			50															3
2012	5	4	12	15	新竹市	新竹市1中華路二段民主路路口	30.545	114.308421				8			50															3
2012	5	4	7	20	新竹市	新竹市2延平路一段357巷與延平路一段317巷口			0	3	0	6	1	5	40	5	1	1	4	4	5	7	4	4	10	5	5	2	15	2
2012	5	4	8	40	新竹市	新竹市3五福路二段700號						6			50															3
2012	5	4	16	50	新竹市	新竹市1光復路二段南大路路口			0	1	0	7	1	5	50	3	1	1	5	4	5	7	4	4	10	5	5	2	12	2
2012	5	2	8	16	新竹市	新竹市1明湖路980-6號			0	3	0	8	1	5	50	11	9	1	2	4	5	7	4	4	5	5	5	2	18	2
2012	5	4	16	15	新竹市	新竹市2光華一街61巷						8			50															3
2012	5	2	18	17	新竹市	新竹市1公道五路三段經國路路口			0	1	0	7	2	5	50	4	1	1	5	4	5	7	2	1	10	5	5	2	16	2
2012	5	4	23	25	新竹市	新竹市2中正路世界街口			0	1	0	8	3	5	50	4	1	1	5	4	5	7	1	1	10	5	5	2	16	2
2012	5	3	12	49	新竹市	新竹市2中央路東大路路口						8			50															3
2012	5	4	22	35	新竹市	新竹市1民權路213號						8			50															3
2012	5	3	18	4	新竹市	新竹市1民族路246巷			0	1	0	7	3	5	50	4	1	1	5	4	5	7	4	4	10	5	5	2	16	2
2012	5	5	0	16	新竹市	新竹市3西濱快速道路與中華路五段208巷口						8			50															3
2012	5	4	21	56	新竹市	新竹市1中華路一段105巷	24.81640805	120.994529				8			50															3
2012	5	2	13	44	新竹市	新竹市3元培街309號	24.7786111	120.938487				8			40															3
2012	5	5	21	22	新竹市	新竹市1公道五路二段經國路路口	24.819359	120.9825494				8			50															3
2012	5	4	8	13	新竹市	新竹市1明湖路247號	24.79067095	120.9684448				8			40															3
2012	5	4	9	34	新竹市	新竹市1光復路一段204號	24.7819661	121.021865				8			50															3
2012	5	4	17	2	新竹市	新竹市1中央路309巷	24.8106878	120.9786809	0	2	0	7	1	5	50	3	1	1	5	4	5	7	4	4	10	5	5	2	15	2
2012	5	5	20	51	新竹市	新竹市1中華路二段661號	24.798464	120.966161	0	2	0	7	3	5	50	14	9	1	5	4	5	7	4	4	5	5	5	1	3	2
2012	5	3	8	45	新竹市	新竹市1西大路118號	24.796738	120.97054				8			50															3
2012	5	4	22	16	新竹市	新竹市2西門街3號	24.803293	120.966386				8			50															3
2012	5	5	4	40	新竹市	新竹市1學府路博愛街路口			0	1	0	8	4	5	50	4	1	1	5	4	5	7	2	1	10	5	5	2	15	2
2012	5	5	13	26	新竹市	新竹市1光復路二段372號						8			50															3
2012	5	5	15	30	新竹市	新竹市3中華路四段295號						8			50															3
2012	5	5	17	10	新竹市	新竹市3五福路二段茄苳交流道口						8			50															3
2012	5	5	16	50	新竹市	新竹市2農改場前道路(大潤發停車場入口)						8			50															3
2012	5	5	16	25	新竹市	新竹市1寶山路382號			0	1	0	8	1	5	50	14	9	1	5	4	5	7	3	1	8	5	5	2	13	2
2012	5	6	5	9	新竹市	新竹市1經國路一段147號						8			50															3
2012	5	6	9	10	新竹市	新竹市1寶山路156-2號						8			50															3
2012	5	6	10	24	新竹市	新竹市2延平路一段214巷Feb-72號						8			50															3
2012	5	4	16	30	新竹市	新竹市1東大路一段80號			0	2	0	8	1	5	50	14	9	1	5	4	1	7	4	4	10	5	5	2	3	2
2012	5	4	17	59	新竹市	新竹市2北大路西大路路口			0	1	0	8	1	5	50	4	1	1	5	4	5	7	2	1	10	5	5	2	16	2
2012	5	6	12	16	新竹市	新竹市1千甲路376號			0	1	0	7	1	5	50	3	1	1	5	4	5	7	4	4	10	5	5	2	16	2
2012	5	6	5	26	新竹市	新竹市3中華路三段牛埔南路路口北端			0	1	0	8	2	5	50	3	1	1	5	4	5	7	3	1	10	5	5	2	16	2
2012	5	6	6	1	新竹市	新竹市1中華路一段2巷17號						8			50															3
2012	5	6	19	9	新竹市	新竹市3明湖路400巷口			0	1	0	8	3	5	40	4	18	1	5	4	5	7	1	1	10	5	5	2	3	2
2012	5	6	19	40	新竹市	新竹市1南大路明湖路路口			0	1	0	8	3	5	50	14	9	1	5	4	5	7	4	4	5	5	5	2	13	2
2012	5	6	22	14	新竹市	新竹市2竹光路西大路路口			0	3	0	7	3	5	50	4	1	1	5	4	5	7	2	1	10	5	5	2	15	2
2012	5	6	14	52	新竹市	新竹市2台68線東西向快速道路武陵路匣道口			2	4	0	8	1	5	50	10	17	1	5	4	5	7	4	4	4	5	5	1	10	1
2012	5	6	21	27	新竹市	新竹市1水源街建中一路路口			0	2	0	8	3	5	50	4	1	1	5	4	5	7	1	1	10	5	5	2	16	2
2012	5	6	16	32	新竹市	新竹市3延平路二段1491號						8			50															3
2012	5	6	17	53	新竹市	新竹市1科學園路新竹市科學園路173巷32號前						8			50															3
2012	5	6	15	41	新竹市	新竹市2西濱快速道路						8			50															3
2012	5	7	7	19	新竹市	新竹市1經國路一段公道五路路口			1	0	0	8	1	5	50	4	1	1	5	4	5	7	2	1	10	5	5	2	13	1
2012	5	7	12	10	新竹市	新竹市3華江街8巷						8			50															3
2012	5	7	13	2	新竹市	新竹市2和平路192號						8			50															3
2012	5	5	19	20	新竹市	新竹市1光復路學府路路口						8			50															3