年	月	日	時	分	縣市	allLocation	GoogleLat	GoogleLng	死	受傷	2-30	天候	光線	道路類別	速限	道路型態	事故位置	路面鋪裝	路面狀態	路面缺陷	障礙物	視距	號誌種類	號誌動作	分向設施	快車道或一般車道間	快慢車道間	路面邊線	事故類型及型態	事故類別
2012	5	5	22	50	新竹市	新竹市1光復路學府路路口						8			50															3
2012	5	7	19	3	新竹市	新竹市1建華街14號停車格前			0	2	0	8	4	5	50	14	9	1	5	4	5	7	4	4	5	5	5	2	3	2
2012	5	7	20	8	新竹市	新竹市1光復路二段東光路路口			0	0	0	8	3	5	50	4	1	1	5	4	5	7	1	1	3	2	5	2	13	3
2012	5	7	18	10	新竹市	新竹市3五福路二段900號	24.754482	120.954223				8			50															3
2012	5	7	22	20	新竹市	新竹市3香北路牛埔南路路口	24.7918327	120.931653				8			50															3
2012	5	7	22	36	新竹市	新竹市1光復路一段關東加油站前	24.7873656	121.0096554	0	1	0	8	3	5	50	14	9	1	5	4	5	7	4	4	5	4	5	2	16	2
2012	5	7	8	22	新竹市	新竹市1中華路一段366號	24.81109615	120.9867767	0	1	0	8	1	5	50	14	9	1	5	4	5	7	4	4	10	5	5	2	13	2
2012	5	7	14	40	新竹市	新竹市2四維路63號	24.8004971	120.960902	0	1	0	8	1	5	50	14	9	1	5	4	5	7	4	4	9	4	5	2	17	2
2012	5	7	11	20	新竹市	新竹市2東大路二段5號	24.8111531	120.969269				8			50															3
2012	5	7	14	35	新竹市	新竹市1忠孝路	24.8036849	120.9917121				8			50															3
2012	5	7	19	12	新竹市	新竹市1光復路一段慈雲路路口			0	3	0	8	3	5	50	4	2	1	2	4	4	7	1	1	10	5	5	2	17	2
2012	5	2	22	58	新竹市	新竹市1寶山路高翠路路口			0	2	0	8	3	5	50	4	1	1	4	4	5	7	1	1	10	5	5	2	16	2
2012	5	8	7	35	新竹市	新竹市2德成街67號						8			50															3
2012	5	4	8	52	新竹市	新竹市1公園路227巷19號			0	2	0	6	1	5	50	4	1	1	4	4	5	7	4	4	10	5	5	2	16	2
2012	5	1	9	21	新竹市	新竹市1民族路110巷						8			50															3
2012	5	2	12	9	新竹市	新竹市1中華路一段390號			0	1	0	8	1	5	50	4	2	1	5	4	5	7	1	1	1	4	5	2	12	2
2012	5	2	8	20	新竹市	新竹市1東大路二段81巷17號						8			40															3
2012	5	4	9	30	新竹市	新竹市1中華路四段252號						6			50															3
2012	5	8	12	32	新竹市	新竹市2北大路97號						8			50															3
2012	5	1	16	7	新竹市	新竹市1建新路建功國小前						8			50															3
2012	5	4	14	40	新竹市	新竹市1光復路二段光復中學前						8			50															3
2012	5	2	21	50	新竹市	新竹市1光復路二段光復中學前			0	1	0	6	3	5	50	3	2	1	4	4	5	7	1	1	1	4	5	2	12	2
2012	5	3	11	10	新竹市	新竹市2中山路84號						8			50															3
2012	5	3	18	25	新竹市	新竹市1高峰路1號						8			50															3
2012	5	4	10	0	新竹市	新竹市1東勢街23號			0	1	0	6	1	5	50	14	9	1	4	4	5	7	4	4	5	5	5	2	11	2
2012	5	3	20	30	新竹市	新竹市1中正路97號						8			50															3
2012	5	4	16	33	新竹市	新竹市2北大路東大路路口						8			50															3
2012	5	4	17	50	新竹市	新竹市1南大路西大路路口			0	1	0	8	1	5	50	4	2	1	5	4	5	7	1	1	10	5	5	2	16	2
2012	5	5	21	37	新竹市	新竹市2中和路103號						8			50															3
2012	5	4	0	16	新竹市	新竹市3香北路187號			0	1	0	8	3	5	50	3	1	1	5	4	5	7	4	4	10	5	5	2	12	2
2012	5	6	23	30	新竹市	新竹市1光復路公園路路口			0	1	0	8	3	5	50	5	1	1	5	4	5	7	1	1	10	5	5	2	16	2
2012	5	7	15	0	新竹市	新竹市1南大路26號						8			50															3
2012	5	8	12	40	新竹市	新竹市1光復路一段476巷龍山東路						8			50															3
2012	5	1	17	49	新竹市	新竹市2竹光路184巷竹光路口						8			50															3
2012	5	8	18	15	新竹市	新竹市2中正路中央路路口			0	2	0	8	1	5	50	4	1	1	5	4	5	7	1	1	10	5	5	2	16	2
2012	5	8	19	53	新竹市	新竹市2中山路北門街路口			0	1	0	8	3	5	50	4	1	1	5	4	5	7	1	1	10	5	5	2	3	2
2012	5	8	17	27	新竹市	新竹市1忠孝路東勢街路口			0	2	0	8	1	5	50	5	1	1	5	4	5	7	1	1	10	5	5	2	16	2
2012	5	8	16	35	新竹市	新竹市2經國路東大路口			0	1	0	8	1	5	50	4	3	1	5	4	5	7	2	1	10	5	5	2	13	2
2012	5	8	19	59	新竹市	新竹市3牛埔路308號	24.8004291	120.946327	0	1	0	8	3	5	50	3	1	1	5	4	5	7	3	1	10	5	5	2	16	2
2012	5	8	19	1	新竹市	新竹市1光復路一段576巷	24.7910558	121.006802	0	1	0	8	3	5	50	3	1	1	5	4	5	7	4	4	1	4	5	2	16	2
2012	5	8	23	37	新竹市	新竹市1高峰路221巷2號	24.7849362	120.9799274				8			50															3
2012	5	4	15	4	新竹市	新竹市3牛埔東路192巷牛埔路路口	24.799689	120.9515893	0	1	0	7	1	5	50	3	1	1	5	4	5	7	3	1	10	5	5	2	16	2
2012	5	4	14	0	新竹市	新竹市1公道五路二段217-2號	24.80357935	120.9961211				8			50															3
2012	5	4	17	30	新竹市	新竹市2林森路182巷西門街路口	24.7993483	120.9627566				8			50															3
2012	5	4	18	10	新竹市	新竹市1經國路一段675號	24.8136651	120.96828				8			50															3
2012	5	8	11	0	新竹市	新竹市1中華路一段109號	24.8160367	120.9937495	0	1	0	7	1	5	50	14	9	1	5	4	5	7	4	4	1	4	5	1	12	2
2012	5	6	14	50	新竹市	新竹市2東大路四段156號對面						8			50															3
2012	5	9	7	40	新竹市	新竹市1高翠路2巷						8			50															3
2012	5	8	15	23	新竹市	新竹市1竹蓮街地下道			0	1	0	8	1	5	30	7	9	1	5	4	5	7	4	4	5	5	5	2	13	2
2012	5	9	8	10	新竹市	新竹市1光復路二段21號			0	2	0	8	1	5	50	14	9	1	5	4	5	7	4	4	1	4	5	2	13	2
2012	5	9	10	46	新竹市	新竹市2中華路三段142巷			0	2	0	8	1	5	50	3	2	1	5	4	5	7	4	4	5	5	5	2	14	2
2012	5	9	12	24	新竹市	新竹市1光復路一段園區大門口						8			50															3
2012	5	9	11	25	新竹市	新竹市3景觀大道西向2公里處			0	2	0	8	1	5	50	14	8	1	5	4	5	7	4	4	1	4	1	2	23	2
2012	5	9	11	49	新竹市	新竹市1金山街16街33號						8			50															3
2012	5	9	13	31	新竹市	新竹市3中華路6段329-1號			0	1	0	8	1	5	50	14	9	1	5	4	5	7	4	4	9	5	5	2	13	2
2012	5	9	8	55	新竹市	新竹市1民族路162巷			0	1	0	8	1	5	50	4	1	1	5	4	5	7	4	4	10	5	5	1	16	2
2012	5	9	13	40	新竹市	新竹市1光復路一段574號						8			50															3
2012	5	6	15	40	新竹市	新竹市3瑞光街25巷巷口			0	2	0	8	1	5	50	4	1	1	5	4	5	7	4	4	10	5	5	2	15	2
2012	5	9	12	15	新竹市	新竹市2光華街66號			0	2	0	8	1	5	50	4	1	1	5	4	5	7	1	1	10	5	5	2	11	2
2012	5	9	14	36	新竹市	新竹市1建功一路建新路路口			0	3	0	7	1	5	50	4	1	1	5	4	5	7	1	1	10	5	5	2	12	2
2012	5	9	16	30	新竹市	新竹市2水田街99號			0	1	0	8	1	5	50	14	9	1	5	4	5	7	4	4	10	5	5	2	3	2
2012	5	9	19	15	新竹市	新竹市1中華路二段183號			0	2	0	8	3	5	50	14	9	1	5	4	5	7	4	4	1	4	5	2	2	2
2012	5	1	21	34	新竹市	新竹市2崧嶺路53巷			0	1	0	8	3	5	50	4	1	1	5	4	5	7	4	4	10	5	5	2	15	2
2012	5	2	21	52	新竹市	新竹市2西門街四維路路口						6			50															3
2012	5	3	15	21	新竹市	新竹市2東大路二段經國路路口						8			50															3
2012	5	1	19	22	新竹市	新竹市2東大路四段267號						8			50															3
2012	5	2	5	56	新竹市	新竹市3南大路523號前			0	2	0	8	2	5	50	3	1	1	5	4	5	7	3	1	10	5	5	2	16	2
2012	5	10	3	33	新竹市	新竹市3中華路四段412號	24.7921101	120.940504	0	2	0	6	3	5	50	14	8	1	4	4	5	7	4	4	1	4	4	2	2	2
2012	5	10	8	0	新竹市	新竹市1關新東路309號	24.7852379	121.0202712	0	1	0	8	1	5	50	14	9	1	5	4	5	7	4	4	5	5	5	2	16	2
2012	5	7	12	6	新竹市	新竹市1水源街(愛買停車場入口處)	24.8031813	120.993022	0	1	0	8	1	5	50	15	9	1	5	3	5	7	4	4	5	5	5	2	16	2
2012	5	5	13	2	新竹市	新竹市2經國路二段168號	24.81096755	120.9628448	0	1	0	8	1	5	50	14	9	1	5	4	5	7	4	4	1	4	5	2	12	2
2012	5	10	11	10	新竹市	新竹市1光復路二段136巷前	24.79834225	120.9906022				8			50															3
2012	5	10	14	12	新竹市	新竹市2中山路146號	24.804125	120.964455				6			50															3
2012	5	8	7	55	新竹市	新竹市1中華路一段342巷	24.8114031	120.987258				8			50															3
2012	5	8	9	38	新竹市	新竹市1東南街96巷						8			50															3
2012	5	4	23	25	新竹市	新竹市2光華街光華南街口			0	1	0	8	3	5	50	4	1	1	5	4	5	7	1	1	10	5	5	2	15	2
2012	5	10	21	15	新竹市	新竹市2中山路447號									50															3
2012	5	10	21	30	新竹市	新竹市1寶山路18號						8			50															3
2012	5	8	16	32	新竹市	新竹市1光復路一段525巷						8			40															3
2012	5	9	19	2	新竹市	新竹市1信義街林森路路口			0	3	0	8	3	5	50	4	1	1	5	4	5	7	4	4	10	5	5	2	3	2
2012	5	5	13	48	新竹市	新竹市1高峰路2巷30號			0	1	0	8	1	5	40	14	9	1	5	4	5	7	4	4	10	5	5	2	8	2
2012	5	9	21	45	新竹市	新竹市1忠孝路建中一路路口						8			50															3
2012	5	5	15	46	新竹市	新竹市2北大路仁德街路口			0	2	0	8	1	5	50	4	2	1	5	4	5	7	2	1	5	4	5	2	13	2
2012	5	10	18	5	新竹市	新竹市3中華路六段182號						6			50															3
2012	5	10	19	40	新竹市	新竹市1光復路一段593號			0	1	0	7	3	5	50	3	1	1	5	4	5	7	3	1	10	5	5	2	12	2
2012	5	11	1	37	新竹市	新竹市1公道五路三段台肥對面慢車道			0	1	0	7	3	5	50	14	8	1	5	4	5	7	4	4	1	5	1	1	18	2
2012	5	10	22	12	新竹市	新竹市3五福路柯南一街口			0	1	0	7	1	5	50	3	1	1	5	4	5	7	3	1	10	5	5	2	10	2
2012	5	10	17	10	新竹市	新竹市1中央路149號			0	1	0	6	1	5	50	14	9	1	4	4	5	7	4	4	4	5	5	2	16	2
2012	5	11	8	55	新竹市	新竹市1田美三街2號	24.814841	120.977155																						3
2012	5	5	12	30	新竹市	新竹市1慈雲路埔頂路路口	24.7874802	121.0095148				8			50															3
2012	5	5	15	28	新竹市	新竹市2漁港漁產品直銷中心公廁旁	24.81488335	120.9394568				8			0															3
2012	5	5	16	40	新竹市	新竹市1慈雲路慈雲庵牌坊前	24.7874802	121.0095148	0	1	0	8	1	5	50	11	9	1	5	4	5	7	4	4	5	5	5	1	12	2
2012	5	8	19	23	新竹市	新竹市1民生路132號	24.8102412	120.9772669																						3
2012	5	10	18	7	新竹市	新竹市2林森路200巷	24.79873985	120.9637926				6			50															3
2012	5	10	22	0	新竹市	新竹市2中山路385巷	24.800236	120.958384				8			50															3
2012	5	11	17	10	新竹市	新竹市1慈雲路埔頂二路路口	24.7874802	121.0095148	0	2	0	8	1	5	50	3	1	1	5	4	5	7	4	4	10	5	5	2	16	2
2012	5	11	17	30	新竹市	新竹市3中華路四段牛埔南路路口	24.7887326	120.9300059	0	2	0	8	1	5	50	4	1	1	5	4	5	7	1	1	10	5	5	1	13	2
2012	5	11	21	45	新竹市	新竹市2經國路二段水田街路口	24.812933	120.9658931	0	1	0	8	3	5	50	15	9	1	5	4	5	7	4	4	1	4	5	2	13	2
2012	5	6	10	39	新竹市	新竹市3中華路四段台灣玻璃前	24.79031295	120.9352439				8			50															3
2012	5	11	22	43	新竹市	新竹市1中華路一段185號	24.8142701	120.992106				8			50															3
2012	5	9	8	2	新竹市	新竹市1光復路一段335巷	24.7815838	121.0170363	0	1	0	8	1	5	50	3	1	1	5	4	5	7	4	4	10	5	5	2	16	2
2012	5	9	16	17	新竹市	新竹市2中正路419巷	24.815725	120.95992	0	3	0	8	1	5	50	4	1	1	5	4	5	7	2	1	10	5	5	2	15	2
2012	5	10	20	50	新竹市	新竹市2經國路二段298號	24.808815	120.959171				8			40															3
2012	5	10	22	0	新竹市	新竹市1民生路170巷	24.81089985	120.9764863	0	1	0	7	3	5	50	3	1	1	5	4	5	7	4	4	10	5	5	2	16	2
2012	5	12	11	24	新竹市	新竹市2中山路210號	24.803183	120.963077				8			50															3
2012	5	12	9	30	新竹市	新竹市1柴橋路32號前	24.772299	120.965772				8			50															3
2012	5	12	12	12	新竹市	新竹市2北大路166巷	24.8126159	120.9656114				8			50															3
2012	5	12	15	3	新竹市	新竹市1民生路239巷2弄22號						8			40															3
2012	5	12	13	25	新竹市	新竹市1民生路中央路口						8			50															3
2012	5	12	14	40	新竹市	新竹市1食品路體育館內			0	1	0	8	1	8	40	17	22	4	5	4	5	7	4	4	10	5	5	2	3	2
2012	5	12	15	25	新竹市	新竹市2延平路一段291巷1782號路燈前			0	1	0	8	1	5	40	14	9	1	5	4	5	7	4	4	10	5	5	2	16	2
2012	5	11	22	11	新竹市	新竹市2北大路342號			0	3	0	7	3	5	50	4	1	1	5	4	5	7	4	4	10	5	5	2	16	2
2012	5	12	0	43	新竹市	新竹市2延平路一段111號對面車道			0	1	0	7	3	5	50	14	9	1	5	4	5	7	4	4	5	5	5	2	29	2
2012	5	11	18	54	新竹市	新竹市1關東路16巷						8			50															3
2012	5	6	16	45	新竹市	新竹市1錦華街53號			0	1	0	8	1	5	50	15	9	1	5	4	5	7	4	4	9	5	5	2	11	2
2012	5	12	6	25	新竹市	新竹市1民權路中央路路口			0	1	0	7	1	5	50	4	1	1	5	4	5	7	2	1	10	5	5	2	15	2
2012	5	12	20	40	新竹市	新竹市2凌雲街與地下停車場出入口						8			50															3
2012	5	12	20	14	新竹市	新竹市2中華路三段16號			0	3	0	8	3	5	50	14	9	1	5	4	5	7	4	4	10	5	5	2	3	2
2012	5	12	21	55	新竹市	新竹市2西大路561號						8			50															3
2012	5	6	16	5	新竹市	新竹市1光復路二段建功路路口						8			50															3
2012	5	7	7	25	新竹市	新竹市1經國路二段田美三街路口			0	1	0	8	1	5	50	4	1	1	5	4	5	7	2	1	10	5	5	2	16	2
2012	5	7	8	50	新竹市	新竹市1經國路二段田美三街路口						8			50															3
2012	5	7	13	4	新竹市	新竹市1中華路二段48號						8			50															3
2012	5	13	1	23	新竹市	新竹市2西大路508號	24.8051371	120.963482				8			50															3
2012	5	12	16	23	新竹市	新竹市1光復路一段11巷	24.7809321	121.026044				8			40															3
2012	5	11	22	54	新竹市	新竹市3新香街302號前	24.77577015	120.9598015				8			50															3
2012	5	4	7	33	新竹市	新竹市1光復路二段光復中學前	24.790798	121.0055625				6			50															3
2012	5	12	11	59	新竹市	新竹市1食品路547號	24.79371895	120.9667093				8			50															3
2012	5	12	14	6	新竹市	新竹市1光復路二段314號	24.795678	120.998528				8			50															3
2012	5	4	14	13	新竹市	新竹市3五福路二段804巷	24.75338155	120.946439				8			40															3
2012	5	4	10	10	新竹市	新竹市1西大路88號	24.796182	120.971203				6			50															3
2012	5	10	15	22	新竹市	新竹市1錦華街21巷	24.809731	120.972218				8			40															3
2012	5	5	17	0	新竹市	新竹市1民權路24巷1月1日號						8			40															3
2012	5	7	17	20	新竹市	新竹市2東大路二段經國路路口						8			50															3
2012	5	5	19	20	新竹市	新竹市1光復路二段與建中路口			0	1	0	8	3	5	50	3	1	1	5	4	5	7	1	1	10	5	5	2	16	2
2012	5	13	9	32	新竹市	新竹市1食品路體育館停車場						8			30															3
2012	5	6	15	5	新竹市	新竹市1金城一路35巷上						8			50															3
2012	5	6	15	50	新竹市	新竹市1光復路一段560號						8			50															3
2012	5	8	17	20	新竹市	新竹市1忠孝路建功一路路口			0	1	0	8	1	5	50	4	1	1	5	4	5	7	1	1	10	5	5	2	16	2
2012	5	13	12	58	新竹市	新竹市3中華路四段近東華路口						8			50															3
2012	5	13	13	18	新竹市	新竹市1光復路二段東光路路口						8			50															3
2012	5	8	18	46	新竹市	新竹市1建功一路104巷公道五路路口						8			50															3
2012	5	8	19	39	新竹市	新竹市1光復路一段慈雲路路口			0	1	0	8	3	5	50	3	1	1	5	4	5	7	4	4	10	5	5	2	16	2
2012	5	13	12	34	新竹市	新竹市2延平路一段113巷			0	2	0	8	1	5	50	3	1	1	5	4	5	7	4	4	10	5	5	2	16	2
2012	5	9	12	11	新竹市	新竹市3埔前路248巷6號	24.79493905	120.9338322				8			50															3
2012	5	13	12	20	新竹市	新竹市2中正路182號	24.8100021	120.966144				8			50															3
2012	5	13	15	57	新竹市	新竹市2勝利路239號	24.802401	120.963265				8			50															3
2012	5	7	14	20	新竹市	新竹市2東大路四段31號	24.8412921	120.935631				8			50															3
2012	5	9	12	30	新竹市	新竹市3中華路牛埔南路路口	24.7887326	120.9300059	0	1	0	8	1	5	50	3	1	1	5	4	5	7	1	1	10	5	5	2	16	2
2012	5	13	15	47	新竹市	新竹市1光復路二段金城一路路口	24.7932831	121.001211	0	1	0	8	1	5	50	3	1	1	5	4	5	7	1	1	10	5	5	2	13	2
2012	5	13	18	2	新竹市	新竹市1埔頂路100巷45號	24.7936941	121.010098				8			40															3
2012	5	12	19	54	新竹市	新竹市2中山路296巷	24.8378627	121.0161147				8			50															3
2012	5	12	22	20	新竹市	新竹市1光復路544巷	24.787865	121.0109898				8			50															3
2012	5	8	7	59	新竹市	新竹市1寶山路452巷	24.78597275	120.988269	0	1	0	8	1	5	50	14	9	1	5	4	5	7	4	4	1	4	5	2	12	2
2012	5	8	14	5	新竹市	新竹市2中正路國軍醫院急診室門口	24.8214621	120.9520581	0	1	0	8	1	5	50	14	9	1	5	4	5	7	4	4	5	4	5	2	12	2
2012	5	11	16	35	新竹市	新竹市2中正路36號	24.8035831	120.971313				8			50															3
2012	5	12	21	0	新竹市	新竹市2東大路二段657號	24.823031	120.958142				8			50															3
2012	5	9	21	51	新竹市	新竹市2西大路788號	24.810748	120.957957				8			50															3
2012	5	8	11	37	新竹市	新竹市2東大路四段新港二路口	24.8462581	120.9264122				8			50															3
2012	5	3	2	39	新竹市	新竹市3牛埔東路牛埔南路路口			0	2	0	8	3	5	50	4	1	1	5	4	5	6	3	1	10	5	5	2	15	2
2012	5	13	17	5	新竹市	新竹市2東大路四段36號			0	3	0	8	1	5	50	14	9	1	5	4	5	7	4	4	5	5	5	1	16	2
2012	5	9	3	25	新竹市	新竹市1明湖路1001號						8			50															3
2012	5	9	23	23	新竹市	新竹市1中正路中華路路口			0	1	0	8	3	5	50	5	1	1	5	4	5	7	2	1	10	5	5	2	16	2
2012	5	10	15	9	新竹市	新竹市1光復路慈雲路路口			0	1	0	8	1	5	50	3	1	1	5	4	5	7	4	4	10	5	5	2	16	2
2012	5	10	18	50	新竹市	新竹市1公道五路二段372號						8			50															3
2012	5	10	20	0	新竹市	新竹市1光復路一段89巷37號						8			50															3
2012	5	11	9	21	新竹市	新竹市1新莊街129巷21號前						8			40															3
2012	5	11	14	11	新竹市	新竹市3華江街85巷						8			50															3
2012	5	14	8	2	新竹市	新竹市1高翠路292巷						8			50															3
2012	5	14	11	41	新竹市	新竹市1府後街停車場B1往B2處						8			40															3
2012	5	14	12	0	新竹市	新竹市1食品路明湖路路口			0	2	0	8	1	5	50	4	1	1	5	4	5	7	2	1	10	5	5	2	16	2
2012	5	14	12	47	新竹市	新竹市1武昌街東前街口			0	1	0	8	1	5	50	5	1	1	5	4	5	7	4	4	10	5	5	2	15	2
2012	5	14	15	30	新竹市	新竹市3中華路五段五福路路口			0	1	0	8	1	5	60	4	1	1	5	4	5	7	4	4	10	5	5	2	15	2
2012	5	14	16	58	新竹市	新竹市2西濱路一段196號						8			50															3
2012	5	13	5	20	新竹市	新竹市1食品路東山街路口						8			50															3
2012	5	14	0	20	新竹市	新竹市1建功一路39號			0	1	0	8	3	5	50	14	9	1	5	4	5	7	4	4	9	5	5	2	16	2
2012	5	13	17	30	新竹市	新竹市1高峰路164巷						8			40															3
2012	5	14	22	10	新竹市	新竹市3香北路瑞光街路口			0	1	0	8	3	5	50	3	1	1	5	4	5	7	3	1	10	5	5	2	14	2
2012	5	14	22	40	新竹市	新竹市1西大路南大路口						8			50															3
2012	5	14	23	4	新竹市	新竹市1光復路一段679號						8			50															3
2012	5	14	19	30	新竹市	新竹市2北大路251號			0	1	0	8	3	5	50	15	9	1	5	4	5	7	4	4	5	4	5	2	12	2
2012	5	14	17	7	新竹市	新竹市2德成街林森路路口182巷口			0	2	0	8	1	5	40	4	1	1	5	4	5	7	4	4	10	5	5	2	15	2
2012	5	14	7	48	新竹市	新竹市1中華路一段199號						8			50															3
2012	5	14	9	23	新竹市	新竹市2中山路西大路路口						8			50															3
2012	5	14	12	46	新竹市	新竹市1中正路世界街路口			0	1	0	8	1	5	50	4	1	1	5	4	5	7	1	1	10	5	5	2	12	2
2012	5	15	7	18	新竹市	新竹市1高翠路寶山路路口			0	2	0	8	1	5	50	4	2	1	5	4	5	7	1	1	10	5	5	2	16	2
2012	5	15	8	30	新竹市	新竹市1忠孝路東光路路口						8			50															3
2012	5	15	8	8	新竹市	新竹市1光復路二段東光路路口			0	1	0	8	1	5	50	4	2	1	5	4	5	7	1	1	10	5	5	2	12	2
2012	5	12	11	2	新竹市	新竹市2成德路與中華路3段121巷口						8			50															3
2012	5	12	12	25	新竹市	新竹市2武陵路中正路路口						8			50															3
2012	5	12	14	20	新竹市	新竹市2海濱路46號電桿前			0	2	0	8	1	5	50	14	9	1	5	4	5	7	4	4	5	5	5	2	13	2
2012	5	15	10	38	新竹市	新竹市1東南街142巷			0	1	0	8	1	5	50	4	1	1	5	4	5	7	4	4	10	5	5	1	15	2
2012	5	15	7	40	新竹市	新竹市1錦華街21巷			0	1	0	8	1	5	50	3	9	1	5	4	5	7	4	4	9	5	5	2	12	2
2012	5	15	9	35	新竹市	新竹市1明湖路980號對面			0	1	0	8	1	5	50	11	9	1	5	4	5	7	4	4	5	5	4	2	17	2
2012	5	15	10	44	新竹市	新竹市3南大路396號前			0	1	0	8	1	5	50	14	9	1	5	4	5	7	4	4	9	5	5	2	12	2
2012	5	15	13	41	新竹市	新竹市2北大路水利局前			0	2	0	8	1	5	50	3	1	1	5	4	5	7	4	4	10	5	5	2	16	2
2012	5	12	16	35	新竹市	新竹市1建功一路59巷30號			0	2	0	8	1	5	50	14	9	1	5	4	5	7	4	4	9	4	5	2	16	2
2012	5	15	13	45	新竹市	新竹市1金山8街49號						8			50															3
2012	5	15	14	36	新竹市	新竹市1大學路29號前						8			50															3
2012	5	15	15	58	新竹市	新竹市3牛埔東路386號對面			0	1	0	8	1	5	50	14	9	1	5	4	5	7	4	4	1	5	4	2	13	2
2012	5	15	15	32	新竹市	新竹市1北大路民權路路口						8			50															3
2012	5	7	9	8	新竹市	新竹市1光復路一段371號			0	1	0	8	1	5	50	3	1	1	5	4	5	7	4	4	5	4	5	2	16	2
2012	5	9	11	11	新竹市	新竹市2成德一街羽化&#33304;前			0	1	0	8	1	5	50	3	1	1	5	4	5	7	4	4	10	5	5	2	16	2
2012	5	10	14	19	新竹市	新竹市1中央路206巷	24.8089465	120.974786				8			50															3
2012	5	8	16	30	新竹市	新竹市1高峰路179號	24.7891148	120.9749051	0	1	0	8	2	6	40	3	2	1	5	4	5	7	4	4	10	5	5	2	12	2
2012	5	10	1	1	新竹市	新竹市2延平路一段214巷50號	24.8057691	120.953372	0	1	0	8	3	5	50	14	9	1	5	4	5	7	4	4	9	5	5	1	18	2
2012	5	11	14	57	新竹市	新竹市2湳雅街農改場路口	24.8178793	120.9706768				8			50															3
2012	5	10	7	32	新竹市	新竹市2武陵路386號	24.825181	120.971712	0	1	0	8	1	5	50	3	1	1	5	4	5	7	4	4	10	5	5	2	17	2
2012	5	10	17	36	新竹市	新竹市3五福路二段802號	24.7571705	120.9484903				6			50															3
2012	5	11	7	18	新竹市	新竹市3中華路四段271巷	24.7937039	120.9456865				8			50															3
2012	5	16	8	26	新竹市	新竹市1金山23街36號	24.776216	121.026796				8			50															3
2012	5	15	16	44	新竹市	新竹市1高峰路386巷49號	24.778989	120.980394	0	1	0	8	1	5	50	14	9	1	5	4	5	7	4	4	5	5	5	1	12	2
2012	5	5	11	35	新竹市	新竹市2竹光路樹林頭所前	24.8073764	120.9532456				8			50															3
2012	5	16	19	10	新竹市	新竹市1中華路一段53號	24.8174007	120.9946627	0	2	0	8	1	5	50	3	2	1	5	4	5	7	1	1	1	5	5	2	3	2
2012	5	16	19	37	新竹市	新竹市1經國路一段113巷17號	24.8156229	120.9924372				8																		3
2012	5	3	9	20	新竹市	新竹市1光復路二段公園路路口	24.790798	121.0055625	0	1	0	8	1	8	50	5	1	1	5	4	5	7	1	1	10	5	5	2	16	2
2012	5	10	9	3	新竹市	新竹市1慈雲路300號	24.787447	121.0098144	0	2	0	8	1	5	50	14	9	1	5	4	5	7	4	4	1	4	5	2	12	2
2012	5	16	15	9	新竹市	新竹市1光復路一段園區一路	24.7924614	121.0067013	0	1	0	8	1	5	50	4	1	1	5	4	5	7	1	1	10	5	5	2	16	2
2012	5	3	12	50	新竹市	新竹市3五福路二段691號	24.7571705	120.9484903				6			50															3
2012	5	2	18	20	新竹市	新竹市1光復路二段752號	24.79834225	120.9906022				8			50															3
2012	5	16	21	40	新竹市	新竹市1西大路122號	24.796781	120.970476	0	2	0	8	3	5	50	3	18	1	5	4	5	7	4	4	5	4	5	2	3	2
2012	5	16	21	37	新竹市	新竹市2西濱快速道路沿濱路	24.8682845	120.9533929				8			50															3
2012	5	12	9	15	新竹市	新竹市1新竹市新莊街185巷口	24.8115407	121.0257822	0	1	0	8	1	5	50	3	1	1	5	4	5	7	4	4	10	5	5	2	16	2
2012	5	17	3	41	新竹市	新竹市3內湖路108巷7號	24.74272225	120.9058515				6			40															3
2012	5	3	8	8	新竹市	新竹市1光復路一段41巷	24.7811741	121.02523				8			50															3
2012	5	4	13	7	新竹市	新竹市2東大路二段232巷	24.824575	120.966105				8			50															3
2012	5	4	14	30	新竹市	新竹市2中華路三段75號	24.7966041	120.96176				8			50															3
2012	5	5	7	48	新竹市	新竹市2中山路473號	24.8929355	121.0412615	0	1	0	8	1	5	50	5	1	1	5	4	5	7	2	1	5	5	5	1	13	2
2012	5	13	13	19	新竹市	新竹市2光華二街98號	24.8200821	120.976655	0	1	0	8	1	5	50	3	2	1	5	4	5	7	4	4	5	5	5	1	19	2
2012	5	11	0	0	新竹市	新竹市2東大路四段108號	24.842768	120.933651				8			50															3
2012	5	14	16	59	新竹市	新竹市2東大路二段716號	24.824664	120.957575	0	2	0	8	1	5	50	14	9	1	5	4	5	7	4	4	9	5	5	1	13	2
2012	5	17	21	39	新竹市	新竹市2中山路育英街口	24.9469958	121.7245557	0	1	0	6	3	5	50	3	1	1	4	4	5	7	4	4	10	5	5	2	12	2
2012	5	11	11	47	新竹市	新竹市1中山路122號	24.9018609	121.043912				8			50															3
2012	5	18	2	30	新竹市	新竹市2西大路西門街路口	24.8025954	120.9651562				8			50															3
2012	5	18	7	14	新竹市	新竹市1經國路一段公道五路路口	24.8150922	120.9852896	0	2	0	8	1	5	50	4	1	1	5	4	5	7	1	1	10	5	5	2	16	2
2012	5	18	7	15	新竹市	新竹市1經國路一段442巷12號	24.8162261	120.992725				8			50															3
2012	5	18	8	16	新竹市	新竹市2鐵道路二段288號	24.82314395	120.9687826	0	1	0	8	1	5	50	14	9	1	5	4	5	7	4	4	9	5	5	2	11	2
2012	5	18	10	15	新竹市	新竹市1南大路816-2號	24.7887082	120.966576				8			50															3
2012	5	12	7	0	新竹市	新竹市1中華路一段太原路路口	37.8545931	112.5517968				8			50															3
2012	5	16	17	5	新竹市	新竹市1高翠路210巷	24.7800331	120.9862256				8			50															3
2012	5	15	16	39	新竹市	新竹市2中華路三段121巷	24.7965491	120.960726	0	1	0	8	1	5	50	4	1	1	5	4	5	7	1	1	10	5	5	2	16	2
2012	5	17	13	30	新竹市	新竹市1光復路二段225號	24.799502	120.991145	0	2	0	6	1	5	50	4	1	1	4	4	5	7	2	1	10	5	5	2	16	2
2012	5	18	6	49	新竹市	新竹市3景觀大道10685號路燈	31.3512963	120.9811634	0	1	0	8	1	5	50	10	8	1	5	4	5	2	4	4	1	3	1	2	18	2
2012	5	14	11	57	新竹市	新竹市1光復路一段(龍山國小旁)	24.7873656	121.0096554	0	3	0	8	1	5	50	3	1	1	5	4	5	7	1	1	10	5	5	2	15	2
2012	5	18	8	27	新竹市	新竹市1明湖路1255號	24.767452	120.980353	0	1	0	8	1	5	40	14	9	1	5	4	5	7	4	4	5	5	5	1	16	2
2012	5	18	13	37	新竹市	新竹市1中華路二段200號	24.8058781	120.977267				8			50															3
2012	5	14	14	9	新竹市	新竹市1食品路綠水路路口	24.8010377	120.9826702				8			50															3