年	月	日	時	分	縣市	allLocation	GoogleLat	GoogleLng	死	受傷	2-30	天候	光線	道路類別	速限	道路型態	事故位置	路面鋪裝	路面狀態	路面缺陷	障礙物	視距	號誌種類	號誌動作	分向設施	快車道或一般車道間	快慢車道間	路面邊線	事故類型及型態	事故類別
2012	5	14	15	15	新竹市	新竹市1建功二路50巷39號	24.7980471	121.0045782				8			40															3
2012	5	18	19	54	新竹市	新竹市2鐵道路二段110巷	24.82098085	120.9731644	0	1	0	6	3	5	50	3	1	1	4	4	5	7	3	1	10	5	5	2	16	2
2012	5	12	15	20	新竹市	新竹市2光華南街10巷4號	24.8154385	120.9762307				8			40															3
2012	5	12	14	50	新竹市	新竹市1中華路二段400號	24.803137	120.973007				8			50															3
2012	5	12	18	20	新竹市	新竹市3大庄路48號	24.789452	120.927164				8			50															3
2012	5	12	20	15	新竹市	新竹市3牛埔路142號	24.7996941	120.95245				8			50															3
2012	5	13	14	50	新竹市	新竹市1公道五路二段212巷口弄	24.8275343	120.9659405				8			50															3
2012	5	16	13	30	新竹市	新竹市1光復路一段479號	24.78413	121.014649				6			50															3
2012	5	16	17	0	新竹市	新竹市2中華路二段730號	24.7975941	120.9643031				8			50															3
2012	5	19	3	58	新竹市	新竹市3樹下街93巷22號	24.79848285	120.9331971	1	0	0	7	3	5	40	13	9	1	4	4	5	7	4	4	10	5	5	2	9	1
2012	5	19	10	38	新竹市	新竹市2湳雅街216號	24.821919	120.975686																						3
2012	5	19	7	51	新竹市	新竹市3牛埔東路315號	24.79581995	120.943136	0	1	0	7	1	5	50	4	9	1	5	4	5	7	4	4	10	5	5	2	15	2
2012	5	16	10	35	新竹市	新竹市1中華路一段90號	24.812095	121.004558	0	2	0	7	1	5	50	14	9	1	5	4	5	7	4	4	1	4	5	2	12	2
2012	5	19	10	25	新竹市	新竹市1經國路一段454巷58號	24.816306	120.978964				8																		3
2012	5	19	13	42	新竹市	新竹市1建功路15號	24.79648	120.998228				8			50															3
2012	5	19	8	32	新竹市	新竹市3浸水街406巷74弄8號	24.8	120.925424	0	1	0	6	1	5	40	11	9	1	4	4	5	1	4	4	10	5	5	2	11	2
2012	5	19	9	25	新竹市	新竹市1千甲路65號	24.806954	120.999708	0	3	0	6	1	5	50	14	9	1	4	4	5	7	4	4	5	5	5	2	3	2
2012	5	16	11	30	新竹市	新竹市3牛埔東路320號	24.7964959	120.9448446	0	2	0	8	1	5	50	4	1	1	5	4	5	7	4	4	10	5	5	2	12	2
2012	5	15	10	17	新竹市	新竹市3牛埔路188號	24.7996969	120.9515923	0	2	0	8	1	5	50	14	9	1	5	4	5	7	4	4	5	4	4	2	17	2
2012	5	19	19	12	新竹市	新竹市2經國路二段延平路路口	24.8047718	120.9556443				8			50															3
2012	5	17	9	22	新竹市	新竹市1南大路興學街路口	24.7960145	120.9671324	0	1	0	8	1	5	50	3	1	1	5	4	5	7	4	4	10	5	5	2	12	2
2012	5	17	12	47	新竹市	新竹市1金山6街10巷	24.7738857	121.0155538				6			40															3
2012	5	18	8	16	新竹市	新竹市1南大路33號	24.8027491	120.978165				8			50															3
2012	5	18	16	13	新竹市	新竹市1光復路二段48號	24.791969	121.003668	0	1	0	7	1	5	50	14	9	1	5	4	5	7	4	4	1	4	5	2	12	2
2012	5	18	12	49	新竹市	新竹市1南大路501巷	24.795108	120.965828	0	1	0	8	1	5	50	3	1	1	5	4	5	7	4	4	10	5	5	2	16	2
2012	5	20	11	0	新竹市	新竹市1東南街142巷竹蓮國小後門前	24.797239	120.974309				6																		3
2012	5	11	15	35	新竹市	新竹市2湳雅街83巷	24.8188992	120.9718958				8			50															3
2012	5	6	16	40	新竹市	新竹市3牛埔路77號	24.798524	120.954342				8			50															3
2012	5	5	14	5	新竹市	新竹市2四維路49號	24.7999871	120.961365	0	1	0	8	1	5	50	14	9	1	5	4	5	7	4	4	5	4	5	1	16	2
2012	5	6	15	12	新竹市	新竹市1光復路二段155巷10弄	24.798296	120.992833				8			50															3
2012	5	8	21	35	新竹市	新竹市2中正路828號	24.8278801	121.070343	0	1	0	8	4	5	50	14	9	1	5	4	5	7	4	4	10	5	5	2	13	2
2012	5	19	21	18	新竹市	新竹市2水田街6號	24.815909	120.968759				8			50															3
2012	5	20	17	3	新竹市	新竹市1光復路一段介壽路路口	24.7818596	121.0211214				8			50															3
2012	5	20	20	1	新竹市	新竹市1埔頂一路27987路燈桿前	24.791954	121.0150914				8			50															3
2012	5	20	21	40	新竹市	新竹市2北門街100號	24.807189	120.966128	0	2	0	8	3	5	50	4	2	1	5	4	5	7	3	1	5	5	5	2	16	2
2012	5	19	21	43	新竹市	新竹市1經國路一段634號	24.814507	120.975035				8			50															3
2012	5	20	2	45	新竹市	新竹市1光復路二段建中路路口	24.7988758	120.9935293	0	1	0	8	3	5	50	14	9	1	5	4	5	7	4	4	7	4	5	2	13	2
2012	5	21	1	18	新竹市	新竹市2西大路434號	24.803713	120.964664				8			50															3
2012	5	5	17	39	新竹市	新竹市2天府路榮濱路路口	24.839773	120.9296407	0	1	0	8	1	5	50	4	2	1	5	4	5	7	2	1	9	4	5	1	13	2
2012	5	21	8	5	新竹市	新竹市2東大路鐵道路路口	24.8198055	120.961431				8			50															3
2012	5	21	6	15	新竹市	新竹市1中正路17號	24.803055	120.970961	1	0	0	8	1	5	50	14	9	1	5	4	5	7	4	4	5	4	5	2	3	1
2012	5	21	10	30	新竹市	新竹市3中華路六段108號	24.7485936	120.9074618	0	1	0	8	1	5	50	14	8	1	5	4	5	7	4	4	1	4	5	2	14	2
2012	5	16	22	33	新竹市	新竹市1南大路712號	24.79509185	120.9708905				8			40															3
2012	5	21	13	28	新竹市	新竹市2中正路空軍醫院前	24.8214621	120.9520581				8			50															3
2012	5	19	16	23	新竹市	新竹市1公道五路東美路路口	24.801449	121.0005474				8			50															3
2012	5	21	9	55	新竹市	新竹市2延平路一段161號	24.804448	120.956337				8			50															3
2012	5	9	13	15	新竹市	新竹市2北大路288號	24.8071231	120.963378				8			50															3
2012	5	10	9	0	新竹市	新竹市3中華路五段香山火車站前南下車道	24.77869275	120.9226312	0	1	0	8	1	5	50	3	1	1	5	4	5	7	3	1	10	5	5	2	16	2
2012	5	17	14	10	新竹市	新竹市3內湖路20號加油站前	24.744917	120.905689				8			50															3
2012	5	21	17	56	新竹市	新竹市1慈雲路龍山西路口	24.7896633	121.0112896	0	1	0	8	1	5	40	3	1	1	5	4	5	7	4	4	10	5	5	2	16	2
2012	5	10	8	8	新竹市	新竹市1明湖路462號	24.7884154	120.9680175				8			50															3
2012	5	10	13	33	新竹市	新竹市1光復路一段485巷6弄	24.7843467	121.0135558				8			50															3
2012	5	8	8	42	新竹市	新竹市1光復路二段學府路路口	24.8009967	120.9870539				8			50															3
2012	5	8	10	4	新竹市	新竹市2大同路建興街路口	24.8077466	120.9663847				8			50															3
2012	5	16	10	10	新竹市	新竹市3芝柏五街32號	24.7766461	120.947688	0	2	0	8	1	5	50	4	1	1	5	4	5	7	4	4	10	5	5	2	18	2
2012	5	15	13	20	新竹市	新竹市1關東路新莊街	24.7904705	121.0189688	0	1	0	8	1	5	50	14	9	1	2	4	5	7	4	4	5	5	5	1	17	2
2012	5	19	16	56	新竹市	新竹市2西大路599巷	24.8094257	120.9589156	0	1	0	8	1	5	50	3	1	1	5	4	4	7	4	4	10	5	5	2	16	2
2012	5	18	14	48	新竹市	新竹市2中央路大同路路口	24.8577979	121.21861				6			50															3
2012	5	22	8	20	新竹市	新竹市1學府路博愛街路口	24.7975087	120.9855883				8			50															3
2012	5	9	8	40	新竹市	新竹市1光復路一段544巷	24.787355	121.0109801				8			50															3
2012	5	22	11	25	新竹市	新竹市1光復路二段481號	24.802326	120.982422				8			50															3
2012	5	9	17	17	新竹市	新竹市1光復路二段科學園區門口	24.7932831	121.001211				8			50															3
2012	5	22	13	7	新竹市	新竹市2金竹路107巷	24.8234334	120.973087	0	1	0	8	1	5	50	4	1	1	5	4	5	7	4	4	10	5	5	2	16	2
2012	5	22	16	0	新竹市	新竹市1明湖路1200巷內	24.7729067	120.9770276				8			40															3
2012	5	22	9	47	新竹市	新竹市1經國路一段378號	24.815051	120.982306	0	3	0	8	1	5	50	3	1	1	5	4	5	7	1	1	10	5	5	2	15	2
2012	5	22	12	43	新竹市	新竹市3元培街305號	24.7786081	120.938386	0	1	0	8	1	5	40	11	9	1	5	4	5	7	4	4	5	5	5	2	11	2
2012	5	12	12	45	新竹市	新竹市3中華路四段434巷	24.7914624	120.9394129				8			50															3
2012	5	11	9	20	新竹市	新竹市1建中一路35號	24.8010384	120.9930807				8			50															3
2012	5	20	17	37	新竹市	新竹市2光華二街156號	24.8213281	120.977584				8			50															3
2012	5	17	21	15	新竹市	新竹市2公道五路三段P37	24.8109182	120.9864593	0	1	0	7	4	5	50	14	9	1	5	4	5	7	4	4	10	5	5	2	10	2
2012	5	22	18	0	新竹市	新竹市1中華路東門街路口	24.8040923	120.9749115	0	1	0	8	1	5	50	5	1	1	5	4	5	7	1	1	10	5	5	2	12	2
2012	5	22	18	32	新竹市	新竹市1博愛街1號	24.79945	120.980837	0	1	0	8	1	5	50	5	1	1	5	4	5	7	4	4	10	5	5	2	16	2
2012	5	18	19	30	新竹市	新竹市3五福路一段1巷	24.7419991	120.909565				6			50															3
2012	5	18	14	54	新竹市	新竹市3中山路640巷138號	24.7957079	120.9529992				6			50															3
2012	5	20	16	45	新竹市	新竹市1錦華街28號	24.8098791	120.97228				8			50															3
2012	5	19	17	24	新竹市	新竹市1寶山路200巷	23.8548668	120.983603				8			50															3
2012	5	20	10	50	新竹市	新竹市1關新路光復路路口	24.7842919	121.0181496				6			50															3
2012	5	22	22	13	新竹市	新竹市1光復路一段639號	24.7924614	121.0067013	0	1	0	8	3	5	50	14	9	1	4	4	5	7	4	4	5	4	5	2	12	2
2012	5	23	6	53	新竹市	新竹市1光復路一段683巷16號	24.7880901	121.005478				8			50															3
2012	5	23	7	30	新竹市	新竹市2延平路一段439號	24.8049651	120.947146	0	2	0	8	1	5	50	14	9	1	5	4	5	7	4	4	9	5	5	1	12	2
2012	5	23	9	7	新竹市	新竹市1民生路144巷	24.81034915	120.976919	0	1	0	8	1	5	50	3	1	1	5	4	5	7	4	4	10	5	5	2	12	2
2012	5	23	17	6	新竹市	新竹市2西大路578號	24.806648	120.962305	0	2	0	8	1	5	50	3	1	1	5	4	5	7	4	4	10	5	5	2	13	2
2012	5	23	19	25	新竹市	新竹市1林森路155號	24.7995	120.965237	0	1	0	8	3	5	50	14	9	1	5	4	5	7	4	4	5	4	5	1	13	2
2012	5	11	1	30	新竹市	新竹市2延平路一段291巷籃球場	24.8024866	120.94977				6																		3
2012	5	23	18	45	新竹市	新竹市1東門圓環	24.8042116	120.9705392				8			40															3
2012	5	23	22	39	新竹市	新竹市3牛埔南路76號	24.7961489	120.9408173	0	2	0	8	3	5	50	14	9	1	5	4	5	7	4	4	5	5	5	2	16	2
2012	5	23	19	20	新竹市	新竹市2湳雅街187巷鐵道路路口	24.8219504	120.9716382	0	1	0	8	3	5	50	4	3	1	5	4	5	7	2	1	10	5	5	2	13	2
2012	5	1	14	55	新竹市	新竹市1經國路一段164號	24.815379	120.988546	0	1	0	8	1	5	50	14	9	1	5	4	5	7	4	4	1	4	5	1	16	2
2012	5	1	14	37	新竹市	新竹市1大學路1015號	24.789754	120.998639				8			50															3
2012	5	24	8	21	新竹市	新竹市1光復路一段30巷	24.78189075	121.0250699	0	2	0	8	1	5	50	3	1	1	5	4	5	7	1	1	9	5	5	2	16	2
2012	5	1	13	52	新竹市	新竹市2西大路469號	24.804817	120.963196				8			50															3
2012	5	23	16	15	新竹市	新竹市1經國路一段275號	24.814807	120.984138				8			50															3
2012	5	10	12	56	新竹市	新竹市3牛埔南路81號	24.796026	120.94019				6			40															3
2012	5	24	17	30	新竹市	新竹市1民權路238號	24.8129871	120.971613				8			50															3
2012	5	22	7	52	新竹市	新竹市1自由路95巷18弄19號	24.81338815	120.9790933	0	1	0	8	1	5	50	14	9	1	5	4	5	7	4	4	9	5	5	2	17	2
2012	5	16	16	45	新竹市	新竹市1公園路173號	24.80468405	120.9819644				8			50															3
2012	5	24	19	40	新竹市	新竹市1寶山路481巷	24.78832185	120.9824059				8			50															3
2012	5	22	9	4	新竹市	新竹市3柴橋路國家藝術園區	24.7681185	120.9634115				8			50															3
2012	5	23	22	6	新竹市	新竹市1光復路二段光復中學前	24.790798	121.0055625				8			50															3
2012	5	16	8	44	新竹市	新竹市1明湖路253號	24.7901181	120.96838				8			50															3
2012	5	17	17	30	新竹市	新竹市2四維路林森路	24.7982431	120.9629704	0	3	0	6	1	5	50	4	1	1	4	4	5	7	2	1	10	5	5	2	16	2
2012	5	17	9	31	新竹市	新竹市2東大路二段190巷東大路路口86巷口	24.8257773	120.9653918	0	1	0	8	1	5	50	4	1	1	5	4	5	7	4	4	10	5	5	2	15	2
2012	5	17	8	25	新竹市	新竹市1公道五路經國路路口	24.8150922	120.9852896				8			50															3
2012	5	18	20	5	新竹市	新竹市1東南街210巷12號	24.7945201	120.975589				8			50															3
2012	5	19	11	1	新竹市	新竹市1光復路二段324號	24.795836	120.998347				8			50															3
2012	5	23	8	25	新竹市	新竹市2光華一街1月30日號	23.8548668	120.983603				8			50															3
2012	5	25	2	8	新竹市	新竹市3中華路四段華北路路口	24.7950031	120.9484151	0	1	0	8	3	5	50	4	2	1	5	4	4	7	3	1	1	4	5	1	18	2
2012	5	25	7	58	新竹市	新竹市2延平路一段406巷	24.80506845	120.9488291				8			50															3
2012	5	25	10	29	新竹市	新竹市1頭前溪橋	24.8193477	120.9955776				8			50															3
2012	5	24	16	45	新竹市	新竹市2四維路92號	24.7998813	120.9616317	0	2	0	8	1	5	50	14	9	1	5	4	5	7	4	4	5	4	5	2	12	2
2012	5	24	20	15	新竹市	新竹市1光復路一段89巷金山19街路口	24.7773363	121.0258281	0	1	0	8	3	5	50	3	1	1	5	4	5	7	3	1	10	5	5	2	16	2
2012	5	25	11	50	新竹市	新竹市2台68線武陵路出口上坡路段	24.8221058	120.9695864				8			50															3
2012	5	25	14	16	新竹市	新竹市1中華路二段678號	24.798228	120.965282	0	2	0	8	1	5	50	4	1	1	5	4	5	7	3	1	10	5	5	2	13	2
2012	5	10	7	10	新竹市	新竹市1南大路新竹國小前	24.79509185	120.9708905				8			50															3
2012	5	24	23	50	新竹市	新竹市2中正路58號	24.804941	120.970177				8			50															3
2012	5	25	15	11	新竹市	新竹市1金山7街	24.7761309	121.0112567				8			50															3
2012	5	1	11	55	新竹市	新竹市1南門街111巷6號	24.8001336	120.9680365				8			50															3
2012	5	4	8	50	新竹市	新竹市1東美路公道五路路口	24.801449	121.0005474	0	1	0	6	1	5	40	3	1	1	4	4	5	7	1	1	10	5	5	1	16	2
2012	5	25	15	3	新竹市	新竹市1公道五路二段東美路路口	24.801449	121.0005474				8			50															3
2012	5	25	14	30	新竹市	新竹市2鐵道路二段光華二街路口62巷	24.8192785	120.9757087				8			50															3
2012	5	25	19	45	新竹市	新竹市2經國路二段延平路路口	24.8047718	120.9556443				8			50															3
2012	5	18	6	10	新竹市	新竹市2武陵路空軍醫院前迴轉	24.8173271	120.9640372	0	1	0	8	1	5	50	3	1	1	5	4	5	7	4	4	10	5	5	2	16	2
2012	5	25	18	36	新竹市	新竹市2西大路626號	24.807604	120.961564				8			50															3
2012	5	13	13	40	新竹市	新竹市2東大路二段573號	24.8185241	120.9630951	0	1	0	8	1	5	50	14	9	1	5	4	5	7	4	4	9	5	5	1	16	2
2012	5	19	0	20	新竹市	新竹市1仁愛街44號	24.8076851	120.971057				8			40															3
2012	5	19	11	45	新竹市	新竹市1民生路222巷	24.8132194	120.9777493	0	1	0	8	1	5	50	3	1	1	5	4	5	7	4	4	10	5	5	2	16	2
2012	5	26	9	6	新竹市	新竹市3中華路六段182號	24.7458501	120.906158	0	1	0	8	1	5	60	3	8	1	5	4	5	7	1	1	10	5	5	2	16	2
2012	5	26	11	15	新竹市	新竹市1中華路一段頭前溪橋上	24.8193477	120.9955776				8			50															3
2012	5	26	12	25	新竹市	新竹市1西大路110號	24.796652	120.970667	0	2	0	8	1	5	50	14	9	1	5	4	5	7	4	4	5	4	5	1	3	2
2012	5	26	8	44	新竹市	新竹市1光復路二段建功路路口	24.7932831	121.001211				8			50															3
2012	5	26	12	10	新竹市	新竹市1東前街49號	24.8037581	120.967532	0	1	0	8	1	5	50	14	9	1	5	4	5	7	4	4	10	5	5	2	12	2
2012	5	26	16	4	新竹市	新竹市2榮濱路17號	24.840283	120.929711				8			50															3
2012	5	26	12	20	新竹市	新竹市2東大路三段機場彎道	24.8256414	120.9566902	0	1	0	8	1	5	50	11	9	1	5	4	5	7	4	4	2	5	5	2	12	2
2012	5	26	14	40	新竹市	新竹市1南大路748巷8弄16號	24.7881301	120.964036				8			40															3
2012	5	26	13	16	新竹市	新竹市1經國路一段自由路路口	24.8147153	120.9796905				8			50															3
2012	5	26	15	39	新竹市	新竹市1十八尖山停車場	24.792968	120.984707				8			41															3
2012	5	5	17	9	新竹市	新竹市2武陵路196巷湳雅公園前	24.8226005	120.9705265	0	2	0	8	1	5	50	14	9	1	5	4	5	7	4	4	5	4	5	1	3	2
2012	5	5	16	38	新竹市	新竹市2東大路四段156號	24.8438901	120.930834																						3
2012	5	25	17	30	新竹市	新竹市2延平路一段126號	24.804392	120.957368				8			50															3
2012	5	14	17	53	新竹市	新竹市1東進路11號	24.8077231	120.988226				8			50															3
2012	5	15	9	33	新竹市	新竹市3玄奘大學機車停車場出入口前	31.3512963	120.9811634	0	1	0	8	1	5	40	11	9	1	5	4	5	7	1	1	10	5	5	2	10	2
2012	5	26	19	6	新竹市	新竹市1中華路二段753號	24.7976971	120.9646378				8			50															3
2012	5	13	9	58	新竹市	新竹市1埔頂路210巷	24.79415315	121.0131368	0	1	0	8	1	5	50	3	1	1	5	4	5	7	3	1	10	5	5	2	16	2
2012	5	26	23	19	新竹市	新竹市3中華路四段牛埔南路路口北端	24.79031295	120.9352439	0	1	0	6	3	5	50	3	1	1	4	4	5	7	1	1	10	5	5	2	16	2
2012	5	15	12	19	新竹市	新竹市1中華路一段208號	24.814072	120.990975	0	2	0	8	1	5	50	14	9	1	5	4	5	7	4	4	1	4	5	1	12	2
2012	5	26	13	44	新竹市	新竹市1公園路體育街路口	24.8029524	120.9795543				8			50															3
2012	5	26	16	5	新竹市	新竹市2公道五路武陵路路口	24.41422875	120.759641				8			50															3
2012	5	23	9	32	新竹市	新竹市3香村路38號	24.7616803	120.9426243				8			50															3
2012	5	23	8	0	新竹市	新竹市3新竹市3香北一路187號前	24.7911918	120.9265043				8			50															3
2012	5	26	20	30	新竹市	新竹市2民富街169號	24.8067902	120.9596347	0	2	0	8	3	5	50	3	1	1	5	4	5	7	3	1	10	5	5	2	16	2
2012	5	23	11	40	新竹市	新竹市2中山路300號	23.8548668	120.983603				8			50															3
2012	5	26	15	30	新竹市	新竹市2竹光路183巷	24.81182875	120.9577876				8			50															3
2012	5	27	7	58	新竹市	新竹市3經國路三段牛埔路路口	24.7991891	120.9533827	0	1	0	8	1	5	50	4	2	1	5	4	5	7	1	1	1	5	5	2	18	2
2012	5	24	6	30	新竹市	新竹市1經國路一段379巷10弄19號	24.8135121	120.97858				8			50															3
2012	5	8	17	55	新竹市	新竹市2經國路三段三廠市場前	24.7986362	120.9531687				8			50															3
2012	5	27	11	43	新竹市	新竹市1公園路光復路路口	24.7873656	121.0096554	0	1	0	8	1	5	50	5	1	1	5	4	5	7	2	1	10	5	5	2	16	2
2012	5	27	12	0	新竹市	新竹市3浸水南街浸水街路口	24.799495	120.9245028	0	2	0	8	1	5	40	3	9	1	5	4	5	7	3	3	10	5	5	2	12	2
2012	5	27	14	25	新竹市	新竹市1林森路信義街	24.8019103	120.9701509	0	1	0	8	1	5	50	4	1	1	5	4	5	7	4	4	10	5	5	2	15	2
2012	5	13	9	10	新竹市	新竹市2崧嶺路12號	24.7958491	120.9558511	0	1	0	8	1	5	50	14	9	1	5	4	5	7	4	4	5	5	5	2	12	2
2012	5	10	7	28	新竹市	新竹市2延平路三段346號	24.8356541	120.930943				8			50															3
2012	5	13	17	50	新竹市	新竹市1	24.8356092	120.9235789																						3
2012	5	14	23	36	新竹市	新竹市1食品路378巷	24.79385345	120.9690787	0	2	0	8	4	5	50	3	9	1	5	4	5	7	4	4	10	5	5	2	9	2
2012	5	27	20	39	新竹市	新竹市2延平路一段新竹監獄前公有停車場	24.8050389	120.9439435				8			50															3
2012	5	15	8	28	新竹市	新竹市1光復路二段大學路路口	24.7910677	121.0049133				8			50															3
2012	5	18	7	54	新竹市	新竹市3中華路四段400號	24.7923159	120.9417855	0	2	0	8	1	5	50	3	2	1	5	4	5	7	1	1	10	5	5	2	16	2
2012	5	18	18	10	新竹市	新竹市2警光路中山路路口	24.4235318	120.6435228	0	2	0	8	1	5	50	4	1	1	5	4	5	7	2	1	10	5	5	2	15	2
2012	5	15	17	15	新竹市	新竹市3竹香南路208號	24.8025404	120.9311459	0	1	0	8	1	5	50	14	9	1	5	4	5	7	4	4	9	5	5	2	12	2
2012	5	19	21	25	新竹市	新竹市1花園街101號前	24.8033911	120.976202				8			40															3
2012	5	21	18	20	新竹市	新竹市3牛埔東路480號	24.79382215	120.9370932	0	2	0	8	1	5	50	14	7	1	5	4	5	7	4	4	4	5	4	2	16	2
2012	5	17	11	15	新竹市	新竹市1中央路148號	24.807386	120.97181				6			50															3
2012	5	28	6	58	新竹市	新竹市1東南街167巷53弄	24.7976538	120.9757923				6			50															3
2012	5	28	7	18	新竹市	新竹市1食品路331號	24.7934621	120.97083				6			50															3
2012	5	28	9	30	新竹市	新竹市1埔頂路240號	24.79415315	121.0131368				6			50															3
2012	5	28	11	30	新竹市	新竹市2竹光路143號	24.812366	120.958708				6			50															3
2012	5	28	6	15	新竹市	新竹市2中山路牛埔路口	24.7971079	120.9421713	0	1	0	6	1	5	50	4	1	1	4	4	5	7	1	1	10	5	5	2	16	2
2012	5	6	16	11	新竹市	新竹市3內湖路160巷	24.74147825	120.9045096	0	1	0	8	1	5	50	3	1	1	5	4	5	7	4	4	10	5	5	2	16	2
2012	5	25	6	50	新竹市	新竹市1寶山路312號前	24.7869717	120.9865578	0	2	0	8	1	5	50	14	9	1	5	4	5	7	4	4	9	4	5	2	17	2
2012	5	28	21	1	新竹市	新竹市1西大路地下道往南大路	31.2964747	121.3843642	0	1	0	7	3	5	40	7	11	1	5	4	5	7	4	4	10	5	5	2	17	2
2012	5	29	0	58	新竹市	新竹市1文昌街47號	24.802737	120.968324				8			50															3
2012	5	27	10	8	新竹市	新竹市3南大路691號前	24.79484195	120.9652302	0	1	0	8	1	5	50	14	9	1	5	4	5	7	4	4	9	5	5	2	16	2
2012	5	25	13	45	新竹市	新竹市3大庄路27號	24.7911971	120.9265114	0	1	0	8	1	5	50	14	9	1	5	4	5	7	4	4	9	5	5	2	17	2
2012	5	29	0	20	新竹市	新竹市2竹光路117號	24.812907	120.959372	0	1	0	8	3	5	50	14	8	1	5	4	5	7	4	4	1	4	1	2	12	2
2012	5	28	16	30	新竹市	新竹市1建功一路101號	24.80101445	120.9970307	0	1	0	8	1	5	50	14	9	1	5	4	5	7	4	4	5	4	5	2	16	2
2012	5	26	8	25	新竹市	新竹市1自由路經國路路口	24.8147153	120.9796905				8			50															3
2012	5	26	10	5	新竹市	新竹市3中華路四段頂埔路路口	24.7882139	120.9286821	0	1	0	8	1	5	50	3	1	1	5	4	5	7	4	4	10	5	5	2	16	2
2012	5	26	12	36	新竹市	新竹市2崧嶺路50巷中山路路口	24.4235318	120.6435228				8			50															3
2012	5	26	14	38	新竹市	新竹市3中華路五段840號	24.7624371	120.912703	0	2	0	8	1	5	50	14	9	1	5	4	5	7	4	4	1	4	5	1	13	2
2012	5	28	15	25	新竹市	新竹市1民主路43號	24.80915	120.980807				8			50															3
2012	5	28	16	39	新竹市	新竹市2鐵道路三段113巷	24.81813245	120.9593904	0	1	0	8	1	5	50	3	9	1	5	4	5	7	4	4	10	5	5	2	16	2
2012	5	28	17	43	新竹市	新竹市1介壽路13號	24.7788002	121.0189417	0	1	0	8	1	5	50	14	9	1	5	4	5	7	4	4	9	5	5	1	13	2
2012	5	28	19	36	新竹市	新竹市3元培街219-1號	24.7823471	120.933846	0	1	0	7	3	5	40	14	9	1	5	4	5	7	4	4	5	5	5	2	13	2
2012	5	29	11	0	新竹市	新竹市2延平路一段357巷143弄	24.80342775	120.9483208				8			50															3
2012	5	10	11	35	新竹市	新竹市1光復路二段80號	24.792204	121.003102	0	0	0	8	1	5	50	14	9	1	5	4	5	7	4	4	9	5	5	2	13	3
2012	5	14	8	20	新竹市	新竹市1東光路42巷	24.8021128	120.9869951																						3
2012	5	29	6	39	新竹市	新竹市3牛埔路牛埔東路路口	24.799689	120.9515893				8			50															3
2012	5	29	12	15	新竹市	新竹市2西大路西門街路口	24.8025954	120.9651562	0	2	0	8	1	5	50	4	1	1	5	4	5	7	1	1	10	5	5	2	16	2
2012	5	10	18	14	新竹市	新竹市2東西向快速道路往武陵匝道出口處						6			90															3
2012	5	29	13	51	新竹市	新竹市1建中路赤土崎一街口			0	2	0	8	1	5	50	4	1	1	5	4	5	7	1	1	10	5	5	2	15	2
2012	5	29	12	3	新竹市	新竹市3牛埔東路568巷11號			0	1	0	8	1	5	50	3	1	1	5	4	5	7	4	4	10	5	5	2	16	2
2012	5	29	14	16	新竹市	新竹市3西濱路海山漁港前						8			40															3
2012	5	28	16	50	新竹市	新竹市1光復路二段(光復中學前)			0	1	0	7	1	5	50	14	9	1	5	4	5	7	4	4	1	2	5	2	9	2
2012	5	29	18	43	新竹市	新竹市1埔頂路107號	24.794905	121.008607	0	2	0	7	3	5	50	11	9	1	5	4	5	1	4	4	5	5	5	2	10	2
2012	5	29	18	35	新竹市	新竹市1光復路二段學府路路口	24.8009967	120.9870539				8			50															3
2012	5	29	20	55	新竹市	新竹市1經國路一段650號	24.814508	120.97463				8			50															3
2012	5	29	20	15	新竹市	新竹市1光復路一段544巷	24.787355	121.0109801	0	2	0	8	3	5	50	4	1	1	5	4	5	7	4	4	10	5	5	2	15	2
2012	5	28	21	30	新竹市	新竹市3中華路四段434巷	24.7914624	120.9394129				8			50															3
2012	5	27	8	16	新竹市	新竹市1經國橋上往園區方向	24.8116702	121.022322				8			50															3
2012	5	22	14	17	新竹市	新竹市2湳雅街大潤發停車場入口處	24.8235233	120.9787074				8			50															3
2012	5	31	7	36	新竹市	新竹市2144號溪州橋上往竹北方向						8			50															3
2012	5	24	10	11	新竹市	新竹市2東大路二段鐵道路路口						8			50															3
2012	5	30	9	10	新竹市	新竹市1民生路239巷			0	1	0	8	1	5	50	3	2	1	5	4	5	7	4	4	10	5	5	2	16	2
2012	5	29	16	57	新竹市	新竹市3浸水街406巷37號	24.8002241	120.925538	0	1	0	7	1	5	40	4	1	1	5	4	5	7	4	4	10	5	5	2	17	2
2012	5	26	13	15	新竹市	新竹市1大同路中山路路口	24.34623015	120.6264257	0	0	0	8	1	5	50	4	1	1	5	4	5	7	4	4	9	4	5	1	15	3
2012	5	30	11	51	新竹市	新竹市1溪州路48號	24.808405	120.997205				8			50															3
2012	5	30	12	54	新竹市	新竹市1八德路6號旁道路	24.8061558	120.981887				8			50															3
2012	5	30	7	50	新竹市	新竹市1光復路一段335巷	24.7815838	121.0170363	0	1	0	8	1	5	50	3	1	1	5	4	5	7	1	1	10	5	5	2	16	2
2012	5	26	16	30	新竹市	新竹市1科學園路173巷4號	24.7817278	121.0120785				8			40															3
2012	5	13	18	0	新竹市	新竹市1經國路一段488號	24.8146215	120.9770987				8			50															3
2012	5	14	17	28	新竹市	新竹市1寶山路481巷	24.78832185	120.9824059				8			50															3