年	月	日	時	分	縣市	allLocation	GoogleLat	GoogleLng	死	受傷	2-30	天候	光線	道路類別	速限	道路型態	事故位置	路面鋪裝	路面狀態	路面缺陷	障礙物	視距	號誌種類	號誌動作	分向設施	快車道或一般車道間	快慢車道間	路面邊線	事故類型及型態	事故類別
2012	5	18	18	55	新竹市	新竹市1光復路一段335巷口弄	24.8178615	121.0248877	0	1	0	6	3	5	50	5	1	1	4	4	5	7	1	1	10	5	5	2	3	2
2012	5	10	14	38	新竹市	新竹市1關新東路178號	24.7852379	121.0202712	0	1	0	8	1	5	50	14	9	1	5	4	5	7	4	4	5	5	5	1	16	2
2012	5	10	15	41	新竹市	新竹市1中華路二段民權路路口	24.8055397	120.9770756	0	1	0	8	1	5	50	4	1	1	5	4	5	7	1	1	10	5	5	2	16	2
2012	5	30	18	30	新竹市	新竹市2光華二街154號	24.821292	120.977561				8			50															3
2012	5	30	20	15	新竹市	新竹市1明湖路566號	24.7884154	120.9680175	0	2	0	8	3	5	50	14	9	1	5	4	5	7	4	4	5	5	5	2	17	2
2012	5	15	19	30	新竹市	新竹市2竹光路335-3號	24.8147641	120.961899	0	1	0	8	3	5	50	14	9	1	5	4	5	7	4	4	9	5	5	2	17	2
2012	5	19	19	0	新竹市	新竹市1經國路一段民生路路口	24.8142127	120.9742827				8			50															3
2012	5	19	17	30	新竹市	新竹市1關東路187巷口弄	24.81798725	120.9843905				8			50															3
2012	5	19	17	5	新竹市	新竹市1光復路一段441號	24.783853	121.015467				8			50															3
2012	5	19	15	20	新竹市	新竹市3五福路二段至善街口	24.7575589	120.950738				8			40															3
2012	5	19	22	0	新竹市	新竹市1西大路57號	24.7956396	120.9714094				8			50															3
2012	5	19	14	30	新竹市	新竹市2東大路二段武陵路路口	24.8171183	120.9658517				8			50															3
2012	5	17	16	4	新竹市	新竹市1公園路326號	24.801532	120.976363				6			50															3
2012	5	20	13	20	新竹市	新竹市1東大路二段經國路路口	24.8137323	120.9674304				8			50															3
2012	5	20	17	30	新竹市	新竹市2天府路92號	24.8363155	120.9398668				8			50															3
2012	5	24	9	50	新竹市	新竹市1明湖路1005巷口弄	24.7702698	120.9734533				8			40															3
2012	5	24	11	30	新竹市	新竹市1光復路一段559號	24.7924614	121.0067013	0	2	0	8	1	5	50	15	9	1	5	4	5	7	4	4	5	4	5	2	16	2
2012	5	29	16	15	新竹市	新竹市2鐵道路一段102號	24.812646	120.9829318				8			50															3
2012	5	25	19	13	新竹市	新竹市2國光街119號	24.81232875	120.959973				8			50															3
2012	5	31	8	40	新竹市	新竹市2光華二街81巷10弄30號	24.82077475	120.9762071				8			50															3
2012	5	26	5	59	新竹市	新竹市1公道五路二段東美路路口	24.801449	121.0005474	0	1	0	8	1	5	50	3	1	1	5	4	4	7	1	1	10	5	5	2	17	2
2012	5	28	10	24	新竹市	新竹市2光華北街85號	24.8168602	120.9711975				8			50															3
2012	5	30	14	55	新竹市	新竹市3華北路117號	24.7961253	120.9477656				8			50															3
2012	5	31	13	4	新竹市	新竹市2經國路二段129號	24.811677	120.9644				8			50															3
2012	5	16	9	39	新竹市	新竹市1中華路一段267號	24.8104845	120.9863029				8			50															3
2012	5	30	17	0	新竹市	新竹市1光復路二段194巷	24.7941781	121.000595	0	1	0	8	1	5	50	3	2	1	5	4	5	7	4	4	1	4	5	2	16	2
2012	5	31	18	44	新竹市	新竹市2聖軍路97巷	24.8429004	120.9296682	0	1	0	8	3	5	50	3	2	1	5	4	5	7	4	4	10	2	5	2	18	2
2012	5	20	14	18	新竹市	新竹市1關東路219號			0	1	0	8	1	5	50	14	9	1	5	4	5	7	4	4	9	5	5	1	13	2
2012	5	31	18	40	新竹市	新竹市1公道五路二段130巷2弄1號	24.78906635	121.0046317				8			50															3
2012	5	25	8	30	新竹市	新竹市1光復路一段介壽路路口	24.7818596	121.0211214				8			50															3
2012	5	31	22	30	新竹市	新竹市1南大路152號旁施工路段	24.8012331	120.975119				8			50															3
2012	5	25	10	30	新竹市	新竹市1千甲路436巷15號	24.8034324	121.0164669				8			40															3
2012	5	31	23	42	新竹市	新竹市1金山6街8巷22號	24.7772423	121.0189952				8			40															3
2012	5	26	15	50	新竹市	新竹市2湳雅街77號	24.8188992	120.9718958				8			50															3
2012	5	27	11	16	新竹市	新竹市1忠孝路新光路路口	30.6097092	104.0574011	0	3	0	8	1	5	50	5	1	1	5	4	5	7	1	1	10	5	5	2	15	2
2012	5	26	13	45	新竹市	新竹市1明湖路112巷5號	24.7932157	120.9676377				8			40															3
2012	5	29	12	10	新竹市	新竹市3海埔路151巷口弄	24.82045885	120.9196799				8			50															3
2012	5	30	18	50	新竹市	新竹市2湳中街68巷48號	24.8219959	120.9649384				8			40															3
2012	5	29	18	25	新竹市	新竹市1金山7街75號	24.7772121	121.020211				8			40															3
2012	5	27	13	27	新竹市	新竹市2東大路四段266號	24.8452291	120.928999				8			50															3
2012	5	31	23	5	新竹市	新竹市1博愛街自來水廠	24.8333624	121.0065953				8			40															3
2012	5	29	9	24	新竹市	新竹市1中華路一段鐵道路路口	24.8128035	120.9853889				8			50															3
2012	5	30	12	23	新竹市	新竹市1建功二路48巷	24.7983752	121.0031491	0	1	0	8	1	5	50	3	1	1	5	4	5	7	4	4	1	4	5	2	14	2
2012	5	31	20	59	新竹市	新竹市1經國路一段1號	24.814439	120.981008	0	1	0	8	3	5	50	3	1	1	5	4	5	7	4	4	1	4	5	1	16	2
2012	5	29	8	40	新竹市	新竹市3牛埔東路東華路口	24.7963684	120.9445488	0	1	0	8	1	5	50	14	9	1	5	4	5	7	4	4	5	5	5	2	16	2
2012	5	30	20	35	新竹市	新竹市1中華路二段火車站入口處	24.8042903	120.9752282	0	2	0	8	3	5	50	4	1	1	5	4	5	7	1	1	10	5	5	2	16	2
2012	5	31	12	6	新竹市	新竹市2東大路四段85號	24.8421711	120.934287				8			50															3
2012	5	31	17	38	新竹市	新竹市1中華路一段經國路路口	24.8161395	120.9934274	0	1	0	8	1	5	50	5	1	1	5	4	5	7	2	1	10	5	5	2	12	2
2012	5	13	11	8	新竹市	新竹市1埔頂路318號	24.79355945	121.0147076				8			50															3
2012	5	31	13	5	新竹市	新竹市1光復路一段介壽路路口	24.7818596	121.0211214	0	1	0	8	1	5	50	3	1	1	5	4	5	7	2	1	10	5	5	2	16	2
2012	5	13	15	15	新竹市	新竹市1民權路229號	24.8119273	120.9719453	0	1	0	8	1	5	50	14	9	1	5	4	5	7	4	4	5	5	5	2	17	2
2012	5	31	16	39	新竹市	新竹市1民生路170巷18弄	24.81320985	120.9754233	0	1	0	8	1	5	40	4	1	1	5	4	5	7	4	4	10	5	5	2	15	2
2012	5	13	18	0	新竹市	新竹市2海濱路141號	24.842721	120.925717	0	1	0	8	1	5	50	14	9	1	5	4	5	7	4	4	5	4	5	2	16	2
2012	5	14	7	56	新竹市	新竹市1光復路二段東光路路口	24.8011347	120.9870763	0	1	0	8	1	5	50	4	1	1	5	4	5	7	1	1	10	5	5	2	13	2
2012	5	22	16	40	新竹市	新竹市1公道五路東進路路口	24.807905	120.9885615	0	1	0	8	1	5	50	3	1	1	5	4	5	7	1	1	10	5	5	2	12	2
2012	5	14	10	57	新竹市	新竹市1明湖路982巷	24.7815141	120.9735952	0	2	0	8	1	5	50	14	9	1	5	4	5	7	4	4	5	5	5	2	12	2
2012	5	17	7	30	新竹市	新竹市2西大路經國路路口	24.8137323	120.9674304				6			50															3
2012	5	17	18	25	新竹市	新竹市1光復路光武國中前	24.7873656	121.0096554	0	1	0	7	3	5	50	14	9	1	4	4	5	7	4	4	5	4	5	2	16	2
2012	5	18	19	15	新竹市	新竹市2經國路二段19號	24.8133492	120.9668023				8			50															3
2012	5	18	20	28	新竹市	新竹市1經國路一段788號	24.8141194	120.9696185	0	1	0	6	3	5	50	14	9	1	4	4	5	7	4	4	1	4	5	2	16	2
2012	5	18	21	20	新竹市	新竹市1民生路258號	24.8127011	120.975356				6			50															3
2012	5	20	13	15	新竹市	新竹市1武昌街69號	24.8021091	120.967459				8			50															3
2012	5	26	19	45	新竹市	新竹市1寶山路452巷	24.78597275	120.988269	0	3	0	8	3	5	50	4	1	1	5	4	5	7	2	1	10	5	5	2	16	2
2012	5	31	18	50	新竹市	新竹市1光復路一段新源街路口	24.8044864	120.9943064				8			50															3
2012	5	31	20	18	新竹市	新竹市1東西向快速道路往竹北匝道口	29.857088	121.5551922				8			70															3
2012	5	25	18	15	新竹市	新竹市3中華路四段牛埔南路路口	24.7887326	120.9300059				8			50															3
2012	5	26	8	49	新竹市	新竹市2光華北街光華街路口	24.8211953	120.9771783	0	1	0	8	1	5	50	4	1	1	5	4	5	7	1	1	10	5	5	2	16	2
2012	5	26	9	55	新竹市	新竹市1光復路一段329巷	24.814597	120.981817	0	1	0	8	1	5	50	3	1	1	5	4	5	7	4	4	10	5	5	2	16	2
2012	5	22	8	48	新竹市	新竹市1金山17街金山南路	24.7759375	121.0204477				8			50															3
2012	5	16	16	5	新竹市	新竹市3中華路六段205巷48弄8號	24.746135	120.907925				8			50															3
2012	5	17	8	42	新竹市	新竹市1明湖路1050巷11號	24.766369	120.978519	0	1	0	8	1	5	50	14	9	1	5	4	5	7	4	4	5	5	5	2	12	2
2012	5	26	12	40	新竹市	新竹市1光復路二段996號	24.803684	120.979163	0	0	0	8	1	5	50	14	9	1	5	4	5	7	4	4	9	4	5	2	12	3
2012	5	30	16	30	新竹市	新竹市1公道五路東進路路口	24.807905	120.9885615				8			50															3
2012	5	28	9	35	新竹市	新竹市1光復路二段155巷10弄1號	24.798296	120.992833				6			50															3
2012	5	29	19	50	新竹市	新竹市3中華路六段香山交流道口	24.7354474	120.9129485				8			70															3
2012	5	30	14	18	新竹市	新竹市2湳雅街溪洲橋上	24.8234728	120.9779836				8			50															3
2012	5	17	17	52	新竹市	新竹市2經國路三段高雄銀行前	24.7967874	120.9523648				6			50															3
2012	5	28	10	40	新竹市	新竹市1經國路二段269號	24.809519	120.96101				6			50															3
2012	5	28	8	5	新竹市	新竹市1光復路二段學府路路口	24.8009967	120.9870539				6			50															3
2012	5	28	14	45	新竹市	新竹市1公園路216巷37號	24.8046465	120.9799304				6			50															3
2012	5	28	15	50	新竹市	新竹市1西大路668號	24.8084721	120.960947				8			50															3
2012	5	31	8	20	新竹市	新竹市1東進路公道五路路口	24.807905	120.9885615																						3
2012	5	31	10	0	新竹市	新竹市1明湖路466-3號	24.7682421	120.978879	0	1	0	8	1	5	50	3	2	1	5	4	5	7	4	4	10	5	5	2	16	2
2012	5	14	2	10	新竹市	新竹市2中正路71號	24.80512	120.969522				8			50															3
2012	5	27	1	30	新竹市	新竹市2少年街33號	24.806009	120.960136	0	2	0	6	3	5	50	14	9	1	4	4	5	7	4	4	5	5	5	2	3	2
2012	5	22	23	58	新竹市	新竹市1光復路一段108巷關東路16巷口	24.81104355	121.0274259	0	2	0	8	3	5	50	4	1	1	5	4	5	7	4	4	10	5	5	2	15	2
2012	5	24	18	2	新竹市	新竹市2民富街252號	24.80417	120.957955	0	2	0	8	2	5	50	3	1	1	5	4	5	7	4	4	9	5	5	2	16	2
2012	5	24	18	45	新竹市	新竹市1中華路二段東門街路口	24.8040923	120.9749115	0	1	0	8	3	5	50	5	1	1	5	4	5	7	2	1	10	5	5	2	13	2
2012	5	21	17	38	新竹市	新竹市2溪洲橋上往市區方向	24.83497325	121.0047652				8			50															3
2012	5	24	13	38	新竹市	新竹市3牛埔路經國路路口	24.7991891	120.9533827				8			50															3
2012	5	28	14	0	新竹市	新竹市1南大路556號	24.79462	120.964337				6			40															3
2012	5	31	12	35	新竹市	新竹市1高翠路73巷	24.78155805	120.9863351				8			50															3
2012	5	30	16	31	新竹市	新竹市1水利路46巷31弄	24.802872	121.007413				8			40															3
2012	5	31	13	0	新竹市	新竹市1南大路473巷12弄	24.7950326	120.9665384	0	5	0	8	1	5	50	4	1	1	5	4	5	7	4	4	10	5	5	2	17	2
2012	5	31	20	30	新竹市	新竹市3中華路四段牛埔南路路口	24.7887326	120.9300059	0	1	0	8	3	5	50	3	1	1	5	4	5	7	1	1	10	5	5	2	16	2
2012	5	19	0	31	新竹市	新竹市1文化街東門圓環	24.8043843	120.970832				6			50															3
2012	5	25	9	43	新竹市	新竹市3瑞光街25巷大庄路路口	24.7917064	120.9260284	0	1	0	8	1	5	50	4	1	1	5	4	5	7	4	4	10	5	5	2	16	2
2012	5	18	8	10	新竹市	新竹市3中華路五段牛埔南路路口	24.77869275	120.9226312	0	1	0	8	1	5	50	3	2	1	5	4	5	7	1	1	1	2	5	1	12	2
2012	5	20	7	51	新竹市	新竹市3中華路五段302號	24.7815773	120.9191841	0	1	0	6	1	5	50	14	9	1	4	4	5	7	4	4	1	4	5	1	18	2
2012	5	29	11	56	新竹市	新竹市1中正路大同路路口	24.86122355	121.2191254	0	2	0	8	1	5	50	4	1	1	5	4	5	7	2	1	10	5	5	2	16	2
2012	5	20	17	17	新竹市	新竹市1中華路二段188號	24.8064021	120.978266				8			50															3
2012	5	22	8	50	新竹市	新竹市1光復路一段介壽路路口	24.7818596	121.0211214	0	1	0	8	1	5	50	14	9	1	5	4	5	7	1	1	5	4	5	1	12	2
2012	5	11	19	14	新竹市	新竹市2經國路一段788號	24.8141194	120.9696185				6			50															3
2012	5	24	3	20	新竹市	新竹市2天府路二段82號	24.8411651	120.927316				8			50															3
2012	5	8	19	27	新竹市	新竹市1東進路5號	24.807889	120.988209				8			50															3
2012	5	11	10	36	新竹市	新竹市1民族路178巷2號	24.8088391	120.979604				8			40															3
2012	5	18	22	10	新竹市	新竹市1金山10街9號	24.7780801	121.021713				6			50															3
2012	5	19	12	31	新竹市	新竹市1金山15街8號	24.77671765	121.023073				8			50															3
2012	5	21	13	11	新竹市	新竹市2中正路342號	24.813889	120.963312				8			50															3
2012	5	21	15	55	新竹市	新竹市3中華路四段牛埔南路路口	24.7887326	120.9300059				8			50															3
2012	5	19	18	42	新竹市	新竹市1東門街96號	24.804244	120.971614	0	1	0	8	3	5	50	14	9	1	5	4	5	7	4	4	5	4	5	1	12	2
2012	5	6	7	55	新竹市	新竹市2東大路二段武陵路路口	24.8171183	120.9658517				8			50															3
2012	5	8	23	55	新竹市	新竹市2中央路大同路路口	24.8577979	121.21861				8			50															3
2012	5	19	20	15	新竹市	新竹市2延平路三段512號	24.838868	120.933794	0	1	0	6	3	5	50	4	18	1	4	4	5	7	2	1	10	5	5	1	3	2
2012	5	30	7	25	新竹市	新竹市1關東路關新路路口	24.7842919	121.0181496	0	1	0	8	1	5	50	4	1	1	5	4	5	7	1	1	10	5	5	2	16	2
2012	5	30	11	45	新竹市	新竹市1介壽路金山街路口	24.7786679	121.0190966				8			50															3
2012	5	1	11	40	新竹市	新竹市3明湖路393巷口	24.7729067	120.9770276				8			50															3
2012	5	20	22	27	新竹市	新竹市1公園路台電前	24.80139	120.9770515	0	1	0	8	3	5	50	11	9	1	5	4	5	7	4	4	1	4	5	1	18	2
2012	5	1	14	30	新竹市	新竹市1中華路一段208號	24.814072	120.990975				8			50															3
2012	5	6	15	7	新竹市	新竹市3中華路四段415號	24.7919591	120.941533				8			50															3
2012	5	21	18	41	新竹市	新竹市3景觀大道右轉香檳街20公尺	31.3512963	120.9811634				8			50															3
2012	5	2	0	12	新竹市	新竹市1中山路大同路路口	24.34623015	120.6264257				8			50															3
2012	5	14	21	0	新竹市	新竹市1南大路846巷22號	24.788048	120.966042				8			40															3
2012	5	11	14	39	新竹市	新竹市1北大路302號	24.8069311	120.963087				8			50															3
2012	5	16	7	15	新竹市	新竹市1光復路一段89巷	24.7813346	121.0239894				8			50															3
2012	5	29	20	47	新竹市	新竹市3經國路三段牛埔路路口	24.7991891	120.9533827	0	3	0	8	3	5	50	4	1	1	5	4	5	7	1	1	10	5	5	2	16	2
2012	5	30	18	12	新竹市	新竹市1光復路一段526號	24.7924614	121.0067013				8			50															3
2012	5	30	18	50	新竹市	新竹市1光復路一段慈雲路路口	24.7874802	121.0095148				8			50															3
2012	5	10	11	30	新竹市	新竹市3五福路二段798號	24.7571705	120.9484903				8			40															3
2012	5	22	19	30	新竹市	新竹市1光復路一段50號	24.781472	121.025205				8			50															3
2012	5	30	8	29	新竹市	新竹市1介壽路200號	24.7788586	121.0189334				8			50															3
2012	5	16	12	55	新竹市	新竹市1經國路二段東大路路口	24.8137566	120.967524				8			50															3
2012	5	17	7	40	新竹市	新竹市3埔前路49號前	24.795083	120.9362287				8			50															3
2012	5	25	6	47	新竹市	新竹市1明湖路471號	24.7869058	120.9677167	0	1	0	8	1	5	50	11	9	1	5	4	5	7	4	4	5	5	5	2	18	2
2012	5	16	15	55	新竹市	新竹市2光華南街82號	24.816697	120.971644				8			40															3
2012	5	31	17	49	新竹市	新竹市2經國路二段延平路路口	24.8047718	120.9556443	0	2	0	8	1	5	50	4	1	1	5	4	5	7	1	1	10	5	5	2	16	2
2012	5	31	20	29	新竹市	新竹市2溪州橋上往市區方向	30.6726904	120.9064311	0	1	0	8	3	5	50	8	9	1	5	4	5	7	4	4	5	5	5	2	12	2
2012	5	26	7	25	新竹市	新竹市2西大路695號	24.8113711	120.956103	0	2	0	8	1	5	50	14	9	1	5	4	5	7	4	4	5	5	5	2	12	2
2012	5	25	8	46	新竹市	新竹市1竹蓮街34號	24.7977051	120.971801				8			50															3
2012	5	25	16	30	新竹市	新竹市1建中路光復路路口	24.8020598	120.9954236	0	0	0	8	1	5	50	14	9	1	5	4	5	7	4	4	1	4	5	2	13	3
2012	5	14	20	40	新竹市	新竹市2聖軍路26號	24.8421019	120.9292454	0	1	0	8	3	5	50	3	1	1	5	4	5	7	4	4	10	5	5	2	4	2
2012	5	21	18	57	新竹市	新竹市1西大路52號	24.7956781	120.971814				8			50															3
2012	5	22	5	28	新竹市	新竹市1民生路202號	24.8115377	120.976168				8			50															3
2012	5	31	14	20	新竹市	新竹市2民富街71號	24.8092286	120.9634372				8			50															3
2012	5	31	17	56	新竹市	新竹市1中華路二段民生路路口	24.84574635	121.2236621	0	1	0	8	1	5	50	3	2	1	5	4	5	7	2	1	10	5	5	2	16	2
2012	5	30	17	25	新竹市	新竹市3中華路五段545號	24.7603411	120.912261				8			50															3
2012	5	24	9	26	新竹市	新竹市1長春街154巷	24.78960665	121.0157409				8			40															3
2012	5	24	7	36	新竹市	新竹市1新莊街256號前	24.78869	121.018137				8			50															3
2012	5	31	11	32	新竹市	新竹市1光復路一段362-9號	24.7809411	121.026143				8			50															3
2012	5	24	10	6	新竹市	新竹市1光復路二段水源街路口	24.7998135	120.9909705				8			50															3
2012	5	21	14	7	新竹市	新竹市3中華路五段648巷88號	24.766794	120.913903				8			50															3
2012	5	26	6	30	新竹市	新竹市1經國路中央路路口	24.8132554	120.979903	0	1	0	8	1	5	50	4	1	1	5	4	5	7	3	1	10	5	5	2	16	2
2012	5	26	21	26	新竹市	新竹市1東門街60號	24.8044371	120.972732	0	1	0	8	3	5	50	14	9	1	5	4	5	7	4	4	5	4	5	2	16	2
2012	5	27	17	5	新竹市	新竹市3中華路四段559-1號	24.79037	120.9349189	0	1	0	8	1	5	50	11	9	1	5	4	5	7	4	4	1	4	4	2	17	2
2012	5	28	10	0	新竹市	新竹市3西濱快速道路82K-C012號路燈	24.8684988	120.9533201				6			50															3
2012	5	31	7	20	新竹市	新竹市1東南街203號	24.796184	120.975435	0	1	0	7	1	5	50	4	2	1	5	4	5	7	1	1	5	5	5	2	12	2
2012	5	8	12	52	新竹市	新竹市1民族路178巷1月2日號	23.7906725	121.0173356				8			50															3
2012	5	26	12	5	新竹市	新竹市1光復路二段學府路路口	24.8009967	120.9870539				8			50															3
2012	5	31	7	23	新竹市	新竹市3中華路四段景觀大橋下	24.7964808	120.9524293	0	2	0	8	1	5	50	4	1	1	5	4	5	7	1	1	10	5	5	2	12	2
2012	5	20	18	36	新竹市	新竹市1光復路一段531巷58號	24.7831335	121.0125024	0	2	0	8	3	5	50	3	2	1	5	4	5	7	4	4	5	5	5	1	16	2
2012	5	25	23	59	新竹市	新竹市1光復路二段光復中學前	24.790798	121.0055625	0	1	0	8	3	5	50	3	18	1	5	4	5	7	3	1	10	5	5	1	3	2
2012	5	22	17	18	新竹市	新竹市2中華路三段121巷83號	24.7946721	120.957939	0	2	0	8	1	5	40	11	9	1	5	4	5	7	4	4	10	5	5	2	11	2
2012	5	26	22	50	新竹市	新竹市1食品路四維路	24.7948488	120.9652249				6			50															3
2012	5	26	20	54	新竹市	新竹市2東大路三段232巷	24.83324075	120.9468056				6			50															3
2012	5	31	8	40	新竹市	新竹市1金山9街53號	24.7771041	121.0210509	0	1	0	8	1	5	50	4	1	1	5	4	5	7	4	4	5	5	5	2	15	2
2012	5	23	1	13	新竹市	新竹市1經國路一段411號	24.8141411	120.977205	0	1	0	8	3	5	50	15	9	1	5	4	5	7	4	4	1	4	5	2	12	2
2012	5	4	14	16	新竹市	新竹市1光復路二段193號	24.79932	120.991822	0	1	0	8	1	5	50	14	9	1	5	4	5	7	4	4	1	4	5	2	13	2
2012	5	26	9	55	新竹市	新竹市1民族路信義街口	24.69624285	120.8958243				8			50															3
2012	5	13	9	3	新竹市	新竹市1明湖路383巷	24.7869058	120.9677167	0	1	0	8	1	5	50	14	9	1	5	4	5	7	4	4	5	5	5	1	18	2
2012	5	20	4	21	新竹市	新竹市3中華路四段160巷對向北上車道	24.7958534	120.9502815				6			50															3
2012	5	26	15	50	新竹市	新竹市2東大路二段173巷71弄16號	24.814653	120.9638297	0	2	0	8	1	5	40	3	1	1	5	4	5	1	4	4	10	5	5	2	16	2
2012	5	26	18	15	新竹市	新竹市1中華路二段595號	24.799367	120.967489				8			50															3
2012	5	3	9	46	新竹市	新竹市1光復路二段東光路路口	24.8011347	120.9870763	0	1	0	8	1	5	50	4	1	1	5	4	5	7	2	1	10	4	5	1	12	2
2012	6	1	10	14	新竹市	新竹市1高峰路91號交叉路口	24.79218	120.9737255				8			50															3
2012	6	1	8	34	新竹市	新竹市1	24.8356092	120.9235789				8			50															3
2012	6	1	10	0	新竹市	新竹市1關新二街.關新東路	24.7842919	121.0181496				8			40															3
2012	6	1	11	30	新竹市	新竹市1埔頂路崇和路	24.7915906	121.0157262				8			50															3
2012	6	1	11	35	新竹市	新竹市1中華路二段678號	24.798228	120.965282				8			50															3
2012	6	1	17	36	新竹市	新竹市2北大路1月29日號	24.81362115	120.9743432				8			50															3
2012	6	1	23	40	新竹市	新竹市2東大路四段西濱路路口	24.8423748	120.9341485	0	1	0	8	3	5	50	4	1	1	5	4	5	7	2	1	10	5	5	2	16	2
2012	6	1	19	33	新竹市	新竹市1西大路46巷	24.7956271	120.971918	0	1	0	8	3	5	50	3	1	1	5	4	5	7	4	4	10	5	5	2	12	2
2012	6	2	8	23	新竹市	新竹市1光復路二段水源街路口	24.7998135	120.9909705				8			50															3
2012	6	2	13	28	新竹市	新竹市1東山街一段118號路旁	24.815536	120.990202				8			50															3
2012	6	2	9	20	新竹市	新竹市1金山街50號	24.777609	121.023131				8			50															3
2012	6	2	15	52	新竹市	新竹市2光華東街76巷23弄	24.8187568	120.976498				8			50															3
2012	6	1	20	38	新竹市	新竹市3延平路二段虎林國小前	24.8050047	120.9574546	0	3	0	8	3	5	50	14	9	1	5	4	5	7	4	4	5	5	5	2	13	2
2012	6	2	16	4	新竹市	新竹市1金城一路125巷1月27日號	24.7968243	121.004945				8			40															3
2012	6	1	18	10	新竹市	新竹市2經國路二段中正路路口	24.8142165	120.9640903				8			50															3
2012	6	3	8	30	新竹市	新竹市1博愛街十八尖山停車場	24.8333624	121.0065953				8																		3
2012	6	2	15	55	新竹市	新竹市1振興1街42號	24.79447765	120.9611721				8			50															3
2012	6	3	10	3	新竹市	新竹市1中華路二段471號	24.80126	120.970554				8			50															3
2012	6	2	16	53	新竹市	新竹市2中正路(台電變電所旁)	24.8214621	120.9520581				8			50															3
2012	6	3	9	47	新竹市	新竹市3牛埔路129巷	24.7982408	120.9530228				8			50															3
2012	6	3	11	8	新竹市	新竹市258號溪州橋上	23.8548668	120.983603				8			50															3
2012	6	2	16	53	新竹市	新竹市1中華路二段	24.8042903	120.9752282				8			50															3
2012	6	3	12	40	新竹市	新竹市1公道五路二段212巷	24.8019741	121.0001719				8			50															3
2012	6	3	13	12	新竹市	新竹市3牛埔路牛埔東路路口	24.799689	120.9515893	0	1	0	8	1	5	50	3	1	1	5	4	5	7	2	1	10	5	5	2	16	2
2012	6	3	8	57	新竹市	新竹市2竹光路370號	24.80985965	120.9553303	0	1	0	8	1	5	50	15	8	1	5	4	3	7	4	4	5	4	1	1	12	2
2012	6	3	14	21	新竹市	新竹市1食品路49號	24.799834	120.981155				8			50															3
2012	6	3	16	35	新竹市	新竹市2新港二路	24.842925	120.923241				8			50															3
2012	6	1	10	2	新竹市	新竹市1竹蓮街124號	24.79925245	120.969281	0	2	0	8	1	5	50	14	9	1	5	4	5	7	4	4	5	5	5	2	17	2
2012	6	3	20	4	新竹市	新竹市2西門街286巷	24.7992233	120.9599049	0	1	0	8	3	5	40	4	1	1	5	4	5	7	4	4	10	5	5	2	15	2
2012	6	3	19	28	新竹市	新竹市1食品路459號	24.7935241	120.96682	0	2	0	8	3	5	50	4	1	1	5	4	5	7	1	1	10	5	5	2	16	2
2012	6	3	19	30	新竹市	新竹市1北大路38號	24.8128611	120.972843				8			50															3
2012	6	3	21	47	新竹市	新竹市1中華路一段經國路路口	24.8161395	120.9934274				8			50															3
2012	6	4	8	50	新竹市	新竹市2湳雅街248號	24.822538	120.976677				8			50															3
2012	6	4	13	40	新竹市	新竹市1光復路二段建新路路口	24.7975598	120.995739	0	3	0	6	1	5	50	3	1	1	4	4	5	7	1	1	10	5	5	2	16	2
2012	6	2	21	50	新竹市	新竹市1新莊街217巷	24.7893351	121.0183806	0	1	0	7	3	5	50	4	1	1	5	4	5	7	4	4	10	5	5	2	15	2
2012	6	4	14	22	新竹市	新竹市1光復路一段402號	24.784744	121.014843				8			50															3
2012	6	4	15	43	新竹市	新竹市1民生路32號	24.8077913	120.9790635				6			50															3
2012	6	4	16	43	新竹市	新竹市1千甲路太原路路口	37.8545931	112.5517968				6			50															3
2012	6	4	19	3	新竹市	新竹市1光復路二段忠孝路路口	24.8001525	120.9896318				8			50															3
2012	6	4	16	53	新竹市	新竹市1中華路二段西大路路口			0	1	0	6	1	5	50	4	1	1	4	4	5	7	4	4	9	5	5	2	16	2
2012	6	4	19	4	新竹市	新竹市1林森路勝利路路口						8			50															3
2012	6	4	21	47	新竹市	新竹市1中華路一段1巷22275號電燈桿前			1	0	0	8	3	5	40	14	9	1	5	4	5	7	4	4	10	5	5	2	26	1
2012	6	4	5	50	新竹市	新竹市3中華路五段香山陸橋上			0	2	0	8	1	5	50	8	9	1	5	4	5	7	4	4	1	4	5	2	12	2
2012	6	2	16	32	新竹市	新竹市1建功一路52號			0	1	0	7	1	5	50	14	9	1	5	4	5	7	4	4	9	5	5	2	16	2
2012	6	5	8	27	新竹市	新竹市1公道五路一段進慈雲路						8			50															3
2012	6	5	9	31	新竹市	新竹市2中山路313號						8			50															3
2012	6	5	12	4	新竹市	新竹市2經國路二段中正路路口			0	2	0	8	1	5	50	4	1	1	5	4	5	7	1	1	10	5	5	2	15	2
2012	6	5	9	2	新竹市	新竹市1光復路二段295號	24.79834225	120.9906022				8			50															3
2012	6	5	8	9	新竹市	新竹市3景觀大道茄苳交流道	24.7593021	120.9580364	0	1	0	8	1	5	50	14	9	1	5	4	5	7	4	4	9	5	5	2	16	2