年	月	日	時	分	縣市	allLocation	GoogleLat	GoogleLng	死	受傷	2-30	天候	光線	道路類別	速限	道路型態	事故位置	路面鋪裝	路面狀態	路面缺陷	障礙物	視距	號誌種類	號誌動作	分向設施	快車道或一般車道間	快慢車道間	路面邊線	事故類型及型態	事故類別
2012	6	17	6	0	新竹市	新竹市3中華路六段459巷12弄9號	24.7345241	120.915349				8			50															3
2012	6	17	18	49	新竹市	新竹市1民主路119號	24.8116811	120.978741	0	1	0	8	3	5	50	14	9	1	5	4	5	7	4	4	9	5	5	1	16	2
2012	6	1	8	5	新竹市	新竹市2成功路336號	24.810366	120.95112				8			50															3
2012	6	17	19	30	新竹市	新竹市1南大路537巷15弄1號	24.79168425	120.9656726				8			40															3
2012	6	1	9	30	新竹市	新竹市1食品路476號	24.794143	120.966278	0	1	0	8	1	5	50	14	9	1	5	4	5	7	4	4	9	5	5	1	16	2
2012	6	17	21	15	新竹市	新竹市1光復路一段89巷107號	24.779042	121.02502				8			50															3
2012	6	17	21	19	新竹市	新竹市1民族路15號	24.803301	120.971699	0	1	0	8	3	5	50	14	9	1	5	4	5	7	4	4	5	5	5	2	16	2
2012	6	13	10	59	新竹市	新竹市1光復路二段忠孝路路口	24.8001525	120.9896318	0	1	0	8	1	5	50	4	1	1	5	4	5	7	2	1	10	5	5	2	16	2
2012	6	13	14	32	新竹市	新竹市2經國路二段545號	24.8043521	120.955568				8			50															3
2012	6	18	8	55	新竹市	新竹市1自由路經國路路口	24.8147153	120.9796905				8			50															3
2012	6	14	8	5	新竹市	新竹市1柴橋路國家藝術園區旁	24.7681185	120.9634115	0	1	0	8	1	5	50	14	9	1	5	4	5	7	4	4	4	5	5	1	12	2
2012	6	14	17	28	新竹市	新竹市1中華路一段239號	24.812849	120.990147				8			50															3
2012	6	15	19	30	新竹市	新竹市2中和路110號	24.8018689	120.9556159	0	2	0	8	3	5	50	14	9	1	5	4	5	7	4	4	9	5	5	1	2	2
2012	6	18	6	48	新竹市	新竹市1光復路園區大門口	24.7873656	121.0096554	0	1	0	8	1	5	50	3	1	1	5	4	5	7	4	4	1	4	5	2	12	2
2012	6	18	8	12	新竹市	新竹市1建功路39號	24.796836	120.999412	0	2	0	8	1	5	50	14	9	1	5	4	5	7	4	4	5	4	5	2	3	2
2012	6	18	11	0	新竹市	新竹市1光復路二段水源街路口	24.7998135	120.9909705	0	1	0	8	1	5	50	4	2	1	5	4	5	7	1	1	10	5	5	2	13	2
2012	6	1	16	12	新竹市	新竹市1中華路二段民主路路口	30.545	114.308421				8			50															3
2012	6	18	9	26	新竹市	新竹市3中華路二段529號	24.800068	120.9684998	0	3	0	8	1	5	50	14	9	1	5	4	5	7	4	4	9	5	5	2	17	2
2012	6	1	17	36	新竹市	新竹市1寶山路55號	24.793596	120.974128				8			50															3
2012	6	11	21	55	新竹市	新竹市2延平路一段380號			0	1	0	6	4	5	50	14	9	1	4	4	5	6	4	4	9	5	5	1	16	2
2012	6	18	15	25	新竹市	新竹市2中央路4號						8			50															3
2012	6	18	15	40	新竹市	新竹市3中華路四段466號	24.79103715	120.9378794				8			50															3
2012	6	18	20	8	新竹市	新竹市1光復路一段527號	24.7924614	121.0067013				8			50															3
2012	6	18	19	14	新竹市	新竹市1鐵道路一段82號	24.812646	120.9829318				8			50															3
2012	6	18	20	3	新竹市	新竹市2湳雅街186-4號	24.821302	120.974926	0	2	0	8	3	5	50	14	9	1	5	4	5	7	4	4	5	5	5	1	3	2
2012	6	14	21	38	新竹市	新竹市1光復路二段大學路路口	24.7910677	121.0049133				6			50															3
2012	6	15	13	30	新竹市	新竹市1林森路信義街	24.8019103	120.9701509				8			50															3
2012	6	16	14	35	新竹市	新竹市1中華路二段164號新光前	24.8063911	120.9784284	0	1	0	6	1	5	50	14	9	1	4	4	5	7	4	4	1	4	5	2	16	2
2012	6	19	10	20	新竹市	新竹市1公道五路212巷	24.8019741	121.0001719				6			50															3
2012	6	19	11	10	新竹市	新竹市1光復路一段360號	24.8151001	120.983244				8			50															3
2012	6	16	16	20	新竹市	新竹市1關新路61號	24.78560435	121.0191651	0	1	0	8	1	5	50	3	1	1	5	4	5	7	4	4	1	4	5	2	16	2
2012	6	5	17	10	新竹市	新竹市3中華路五段53號	24.7876921	120.92771	0	1	0	8	1	5	50	14	9	1	5	4	5	7	4	4	10	5	5	2	16	2
2012	6	19	12	32	新竹市	新竹市3中華路四段牛埔南路路口	24.7887326	120.9300059				8			50															3
2012	6	19	12	20	新竹市	新竹市3高翠路221巷2弄45號前	24.7785271	120.985887				8			50															3
2012	6	18	20	40	新竹市	新竹市1光復路一段270號	24.7822633	121.020215	0	0	0	8	3	5	50	14	9	1	5	4	5	7	4	4	9	4	1	2	13	3
2012	6	19	15	20	新竹市	新竹市1仁愛街北大路路口	24.8103208	120.9689277				6			50															3
2012	6	1	18	23	新竹市	新竹市1光復路一段建功路路口	24.7873656	121.0096554				8			50															3
2012	6	7	17	30	新竹市	新竹市2光華二街67號	24.8191041	120.975324				8			50															3
2012	6	16	10	40	新竹市	新竹市1光復路二段92號	24.792379	121.002886	0	1	0	8	1	5	50	14	9	1	5	4	5	7	4	4	1	4	5	2	12	2
2012	6	2	18	59	新竹市	新竹市1中正路1號	24.802041	120.971204				8			50															3
2012	6	11	17	36	新竹市	新竹市2嘉濱路41號	24.84151475	120.9267107	0	1	0	8	1	5	50	14	9	1	5	4	5	7	4	4	5	5	5	1	13	2
2012	6	19	18	38	新竹市	新竹市1東南街257號	24.794927	120.976379				6			50															3
2012	6	19	21	0	新竹市	新竹市2公道五路三段湳雅街路口	24.8235233	120.9787074	0	1	0	7	3	5	50	4	1	1	4	4	5	7	1	1	10	5	5	2	17	2
2012	6	5	17	43	新竹市	新竹市1食品路468號	24.7938871	120.966643	0	1	0	8	1	5	50	14	9	1	5	4	5	7	4	4	9	5	5	1	16	2
2012	6	18	19	19	新竹市	新竹市2西大路587號	24.8095481	120.959459							50															3
2012	6	19	20	56	新竹市	新竹市1中華路一段2巷	24.8193477	120.9955776				6			50															3
2012	6	20	7	18	新竹市	新竹市2延平路一段400號	24.8051074	120.9489774	0	2	0	8	1	5	50	14	9	1	5	4	5	7	4	4	9	5	5	1	17	2
2012	6	20	9	45	新竹市	新竹市2經國路二段水田街路口	24.812933	120.9658931	0	2	0	7	1	5	50	4	1	1	5	4	5	7	1	1	10	5	5	2	16	2
2012	6	16	13	0	新竹市	新竹市2西門街64號	24.802469	120.964667				8			50															3
2012	6	20	7	0	新竹市	新竹市1中華路二段東大路路口	24.8042903	120.9752282	0	1	0	7	1	5	50	4	1	5	5	4	5	7	1	1	10	5	5	2	17	2
2012	6	20	13	30	新竹市	新竹市1慈雲路埔頂一路路口	24.7874802	121.0095148				6			50															3
2012	6	20	15	10	新竹市	新竹市2台68線南寮出口P31公里處	24.82387895	120.980277				6			50															3
2012	6	20	12	28	新竹市	新竹市3牛埔東路175號	24.7968419	120.9459898				6			50															3
2012	6	20	13	0	新竹市	新竹市3景觀大道頂埔路路口	24.7985498	120.9495599	0	1	0	6	1	5	50	4	1	1	4	4	5	7	1	1	10	5	5	2	16	2
2012	6	20	13	40	新竹市	新竹市3牛埔東路107號	24.7976886	120.9479311	0	1	0	6	1	5	50	14	9	1	4	4	5	7	4	4	5	5	5	1	12	2
2012	6	20	16	45	新竹市	新竹市2中正路828號	24.8278801	121.070343	0	1	0	6	1	5	50	14	8	1	4	4	5	7	4	4	5	5	4	2	12	2
2012	6	19	16	25	新竹市	新竹市1中正路圓環	24.8044523	120.9702289				6			50															3
2012	6	19	7	35	新竹市	新竹市1中華路一段2巷137號	24.822025	120.986912				6			40															3
2012	6	14	22	30	新竹市	新竹市3柴橋路與景觀大道口	24.7681185	120.9634115	0	2	0	6	3	5	50	3	1	1	4	4	5	7	1	1	10	5	5	2	12	2
2012	6	19	17	23	新竹市	新竹市1光復路一段54號	24.781479	121.025111				8			50															3
2012	6	14	9	46	新竹市	新竹市2延平路一段291巷延平路路口261巷4弄口	24.8050389	120.9439435	0	2	0	8	1	5	40	3	1	1	5	4	5	7	4	4	10	5	5	2	16	2
2012	6	15	8	51	新竹市	新竹市1光復路二段金城一路路口	24.7932831	121.001211	0	2	0	8	1	5	50	4	1	1	5	4	5	7	2	1	10	5	5	2	15	2
2012	6	15	10	32	新竹市	新竹市1寶山路452巷3弄	24.78335135	120.9904968	0	2	0	8	1	5	50	3	1	1	5	4	5	7	4	4	10	5	5	2	16	2
2012	6	13	10	30	新竹市	新竹市3南大路640號	24.7929971	120.962658				8			50															3
2012	6	14	22	9	新竹市	新竹市1經國路二段379號	24.80781415	120.9581465				8			50															3
2012	6	21	3	55	新竹市	新竹市2西大路774號	24.810483	120.958259	0	0	0	8	3	5	50	15	9	1	4	4	5	7	4	4	9	4	5	1	12	3
2012	6	20	11	20	新竹市	新竹市1經國路一段公道五路路口	24.8150922	120.9852896				6			50															3
2012	6	20	12	50	新竹市	新竹市1民族路67巷口弄	24.9018979	121.044626				6			40															3
2012	6	20	15	45	新竹市	新竹市1中華路二段159號	24.8068431	120.9796515	0	0	0	8	1	5	50	14	9	1	5	4	5	7	4	4	1	4	5	2	12	3
2012	6	15	21	5	新竹市	新竹市1中華路二段347號	24.80345445	120.9739224	0	3	0	8	3	5	50	14	9	1	5	4	5	7	4	4	10	5	5	2	16	2
2012	6	1	16	10	新竹市	新竹市1鐵道路二段10號	24.8150828	120.9807995				8			50															3
2012	6	21	7	50	新竹市	新竹市1光復路一段362-6號18號停車格內	24.7839412	121.0165118				8			50															3
2012	6	16	3	40	新竹市	新竹市1林森路128號	24.8002191	120.965607	0	1	0	6	3	5	50	14	9	1	4	4	3	7	4	4	5	4	5	1	13	2
2012	6	21	7	30	新竹市	新竹市2東大路556巷	24.838071	120.94119				8			40															3
2012	6	4	13	0	新竹市	新竹市2中山路城隍廟前	24.8356702	121.0202474				8			50															3
2012	6	21	8	30	新竹市	新竹市1文化街82號						8			40															3
2012	6	6	7	22	新竹市	新竹市1中央路301號	24.810799	120.978334				8			50															3
2012	6	21	10	20	新竹市	新竹市1中華路一段236巷	24.813428	120.990167	0	1	0	6	1	5	50	3	2	1	4	4	5	7	3	1	1	5	5	1	18	2
2012	6	21	10	0	新竹市	新竹市1埔頂路慈濟路口	24.7919685	121.0148844	0	1	0	6	1	5	50	3	1	1	4	4	3	7	4	4	10	5	5	2	17	2
2012	6	21	12	0	新竹市	新竹市3內湖路38號	24.7444711	120.905652				6			50															3
2012	6	20	17	20	新竹市	新竹市1中華路一段255巷	24.8122821	120.989506				6			50															3
2012	6	21	11	50	新竹市	新竹市1光復路一段316號	24.782905	121.019164				6			50															3
2012	6	21	13	0	新竹市	新竹市1光復路一段310號	24.782805	121.019027				6			50															3
2012	6	21	12	38	新竹市	新竹市2北大路40巷	24.8127476	120.9728497				6			50															3
2012	6	21	10	45	新竹市	新竹市2北大路115號	24.8100965	120.9688592	0	1	0	6	1	5	50	3	1	1	4	4	5	7	4	4	10	5	5	2	3	2
2012	6	21	13	30	新竹市	新竹市1光復路一段金城一路路口	24.7924614	121.0067013				6			50															3
2012	6	6	14	23	新竹市	新竹市2光華北街光華街路口	24.8211953	120.9771783				8			50															3
2012	6	12	16	32	新竹市	新竹市2中正路北門公有停車場	24.8214621	120.9520581				8			50															3
2012	6	21	20	33	新竹市	新竹市1世界街錦華街路口	24.8103164	120.9718317				6			50															3
2012	6	4	18	28	新竹市	新竹市1公園路體育街路口	24.8029524	120.9795543				6			50															3
2012	6	4	16	22	新竹市	新竹市1林森路188號	24.7990376	120.9640816				6			50															3
2012	6	21	16	0	新竹市	新竹市2東大路三段403巷30弄1號	24.8373385	120.9412817							50															3
2012	6	22	9	42	新竹市	新竹市1南大路712號	24.79509185	120.9708905	0	1	0	7	1	5	40	14	9	1	5	4	5	7	4	4	5	5	5	1	16	2
2012	6	22	11	30	新竹市	新竹市2光華街經國路路口	24.8140911	120.9725373	0	2	0	8	1	5	50	4	1	1	5	4	5	7	1	1	10	5	5	2	15	2
2012	6	22	7	50	新竹市	新竹市3香北路	24.7911918	120.9265043				8			50															3
2012	6	20	19	51	新竹市	新竹市1建功一路48巷	24.7980801	120.998014				6			50															3
2012	6	21	17	20	新竹市	新竹市1東大路二段449號	24.8204181	120.960605				6			50															3
2012	6	22	8	0	新竹市	新竹市1光復路二段163號	24.799152	120.992397	0	1	0	8	1	5	50	3	2	1	5	4	5	7	4	4	1	4	5	2	16	2
2012	6	22	14	40	新竹市	新竹市2東大路二段657號	24.823031	120.958142	0	2	0	8	1	5	50	14	9	1	5	4	5	7	4	4	9	5	5	1	16	2
2012	6	21	18	42	新竹市	新竹市1寶山路452巷	24.78597275	120.988269	0	2	0	6	3	4	50	3	1	1	4	4	5	7	1	1	10	5	5	2	16	2
2012	6	22	10	0	新竹市	新竹市2經國路二段274號	24.809141	120.959694	0	3	0	8	1	5	50	15	9	1	5	4	5	7	4	4	1	4	5	2	13	2
2012	6	22	12	5	新竹市	新竹市2北大路305巷3號	24.80622845	120.9630899				8			40															3
2012	6	22	17	14	新竹市	新竹市1學府路33號	24.7664231	121.056126				8			50															3
2012	6	16	20	38	新竹市	新竹市1中央路247號	24.809803	120.976798	0	0	0	8	3	5	50	3	1	1	5	4	5	7	4	4	9	4	5	2	11	3
2012	6	17	13	58	新竹市	新竹市1光復路二段174號	24.7937951	121.000988				8			50															3
2012	6	20	13	37	新竹市	新竹市2台68線東西向快速道路6.4K	24.7565828	121.0734224				6			90															3
2012	6	17	16	8	新竹市	新竹市2中央路91號	24.8057921	120.96846				8			50															3
2012	6	20	18	20	新竹市	新竹市1慈雲路經國橋17388路燈桿3公尺處	24.7986567	121.0134011				6			50															3
2012	6	18	11	44	新竹市	新竹市1高翠路327巷高翠路327巷2弄口	24.7774828	120.9850049				8			40															3
2012	6	16	2	30	新竹市	新竹市1中華路二段170巷26號	24.807438	120.977552				8			40															3
2012	6	22	19	17	新竹市	新竹市1文昌街武昌街路口社教館停車場內	24.8024718	120.9674776				8			無限速															3
2012	6	20	16	44	新竹市	新竹市1光復路二段建中路路口	24.7988758	120.9935293				6			50															3
2012	6	21	19	11	新竹市	新竹市1學府路393-1號	24.8001931	120.98655				6			50															3
2012	6	22	21	8	新竹市	新竹市1寶山路11號	24.79424	120.973453				8			50															3
2012	6	22	23	15	新竹市	新竹市2成功路15號	24.816177	120.95739				8			50															3
2012	6	22	16	45	新竹市	新竹市1慈雲路埔頂路路口	24.7874802	121.0095148				8			50															3
2012	6	22	19	40	新竹市	新竹市1慈雲路250巷	24.79311235	121.0115108				8			50															3
2012	6	23	10	56	新竹市	新竹市1經國路一段公道五路路口	24.8150922	120.9852896	0	1	0	8	1	5	50	4	1	1	5	4	5	7	2	1	10	5	5	2	16	2
2012	6	23	10	40	新竹市	新竹市1中華路二段民主路路口	30.545	114.308421	0	2	0	8	1	5	50	3	1	1	5	4	5	7	1	1	1	2	5	2	12	2
2012	6	22	18	10	新竹市	新竹市1介壽路金山街路口	24.7786679	121.0190966				8			50															3
2012	6	15	0	0	新竹市	新竹市3牛埔東路景觀大道路口	24.7585468	120.9585146				6			50															3
2012	6	22	20	48	新竹市	新竹市1光復路二段47號	24.792221	121.002448				8			50															3
2012	6	23	8	56	新竹市	新竹市2東大路二段173巷	24.81520395	120.9643524	0	1	0	8	1	5	50	3	1	1	5	4	5	7	4	4	10	5	5	2	16	2
2012	6	10	9	58	新竹市	新竹市1建新路110巷10號	24.798458	120.999872				8			40															3
2012	6	23	12	0	新竹市	新竹市1建新路2之1號	24.7976261	120.995801				8			40															3
2012	6	6	8	51	新竹市	新竹市1東山街327巷	24.79910465	120.9763723	0	1	0	8	1	5	50	3	2	1	5	4	5	7	4	4	10	5	5	1	12	2
2012	6	23	15	10	新竹市	新竹市2新港三路旁公有第一停車場	24.8486199	120.9256805				8			20															3
2012	6	18	16	5	新竹市	新竹市3香村路337巷	24.7733756	120.9334911	0	1	0	8	1	5	40	11	9	1	5	4	5	1	4	4	10	5	5	1	10	2
2012	6	22	16	3	新竹市	新竹市1經國路一段公道五路路口	24.8150922	120.9852896				8			50															3
2012	6	23	19	38	新竹市	新竹市1民生路經國路路口	24.8142127	120.9742827				8			50															3
2012	6	23	21	26	新竹市	新竹市1慈濟路27932號路燈北向6公尺處	24.79090175	121.0142658	0	3	0	8	4	5	50	14	9	1	5	4	5	7	4	4	5	4	5	1	2	2
2012	6	24	0	19	新竹市	新竹市1建功一路建新路路口	23.907561	106.625776				8			50															3
2012	6	24	0	17	新竹市	新竹市1林森路2號	24.802075	120.970845	0	1	0	8	3	5	50	3	1	1	5	4	5	7	1	1	10	5	5	2	3	2
2012	6	24	7	30	新竹市	新竹市1臺68線(西向東)8.4K處	24.8356092	120.9235789				8			90															3
2012	6	8	17	27	新竹市	新竹市2民富街118號	24.8086064	120.9621541				8			50															3
2012	6	9	13	41	新竹市	新竹市1光復路二段60號	24.791978	121.003425	0	0	0	8	1	5	50	14	9	1	5	4	5	7	4	4	1	4	5	2	13	3
2012	6	24	13	55	新竹市	新竹市2光華街光華南街路口	24.8167114	120.9743473				8			50															3
2012	6	24	15	12	新竹市	新竹市3南大路600巷口	24.81998545	120.9844231				8			50															3
2012	6	10	12	45	新竹市	新竹市2武陵路195巷	24.8230702	120.9690861	0	0	0	8	1	5	50	4	9	1	5	4	5	7	4	4	10	4	5	2	12	3
2012	6	24	15	0	新竹市	新竹市3經國路牛埔路口	24.8007916	120.9540015	0	1	0	8	1	5	50	4	1	1	5	4	5	7	2	1	10	5	5	2	16	2
2012	6	10	10	36	新竹市	新竹市1東大路四段134號	24.843127	120.933157				8			50															3
2012	6	9	8	55	新竹市	新竹市1明湖路451號	24.7869058	120.9677167	0	1	0	8	1	5	40	11	9	1	5	4	5	7	4	4	5	5	5	1	18	2
2012	6	9	12	57	新竹市	新竹市1光復路一段慈雲路路口	24.7874802	121.0095148	0	2	0	8	1	5	50	4	1	1	5	4	5	7	1	1	10	5	5	2	12	2
2012	6	9	16	45	新竹市	新竹市2中山路和福街路口	24.8356702	121.0202474				8			50															3
2012	6	18	17	41	新竹市	新竹市2經國路二段延平路路口	24.8047718	120.9556443	0	1	0	8	2	5	50	4	2	5	5	4	5	7	1	1	10	5	5	2	13	2
2012	6	13	18	30	新竹市	新竹市1公園路96號	24.805834	120.983442	0	1	0	8	1	5	50	14	9	1	5	4	5	7	4	4	9	5	5	1	16	2
2012	6	11	23	26	新竹市	新竹市1林森路197號	24.7988211	120.964088	0	3	0	6	3	5	50	4	2	1	4	4	5	6	4	4	10	4	5	2	3	2
2012	6	9	17	55	新竹市	新竹市1明湖路271號	24.7895861	120.968142	0	2	0	8	1	5	50	14	9	1	5	4	5	7	4	4	10	5	5	1	13	2
2012	6	12	14	45	新竹市	新竹市2湳雅街311巷42弄	24.82349	120.97473				6			50															3
2012	6	13	8	10	新竹市	新竹市1寶山路建華街路口	24.7934624	120.9741055	0	2	0	8	1	5	50	3	1	1	5	4	5	7	1	1	10	5	5	2	16	2
2012	6	24	17	10	新竹市	新竹市3中華路五段160巷	24.7853654	120.9215959	0	5	0	8	1	5	50	3	1	1	5	4	5	7	3	1	10	5	5	2	16	2
2012	6	22	11	44	新竹市	新竹市1中華路二段695巷	24.7980753	120.9652474				8			50															3
2012	6	22	14	18	新竹市	新竹市2東大路三段公道五路路口	24.8310967	120.9554347				8			50															3
2012	6	21	18	54	新竹市	新竹市1金山15街1號	24.7770933	121.0232025				6			50															3
2012	6	22	9	54	新竹市	新竹市1光復路一段關新路路口	24.7832442	121.0177491	0	1	0	8	1	5	50	3	1	1	5	4	5	7	2	1	10	5	5	2	16	2
2012	6	22	11	13	新竹市	新竹市3景觀大道國道3號北上匝道口	24.7585468	120.9585146	0	1	0	8	1	5	50	3	17	1	5	4	5	7	4	4	1	4	5	2	16	2
2012	6	25	8	20	新竹市	新竹市1公道五路三段433號	24.8163735	120.9844504				8			50															3
2012	6	22	14	33	新竹市	新竹市1光復路二段760號	24.79834225	120.9906022				8			50															3
2012	6	25	9	50	新竹市	新竹市1民有街10巷2號	24.7831438	121.010588				8			50															3
2012	6	9	17	30	新竹市	新竹市1公道五路二段212巷	24.8019741	121.0001719				8			50															3
2012	6	16	8	32	新竹市	新竹市1中華路二段270號	24.8047713	120.9756159							50															3
2012	6	13	8	30	新竹市	新竹市3中華路四段牛埔南路路口	24.7887326	120.9300059	0	1	0	8	1	5	50	3	1	1	5	4	5	7	1	1	1	4	4	2	2	2
2012	6	25	11	38	新竹市	新竹市2湳雅街國華街路口	24.8172411	120.9699015	0	1	0	8	1	5	50	3	1	1	5	4	5	7	1	1	10	5	5	2	12	2
2012	6	17	19	3	新竹市	新竹市1埔頂路埔頂一路路口	24.7909875	121.0171366	0	2	0	8	3	5	50	14	9	1	4	4	5	7	4	4	9	5	5	2	16	2
2012	6	25	12	5	新竹市	新竹市2和福街66號	24.80332455	120.9635342																						3
2012	6	25	14	8	新竹市	新竹市1光復路二段建新路路口	24.7975598	120.995739	0	1	0	8	1	5	50	3	1	1	5	4	5	7	1	1	10	5	5	2	16	2
2012	6	25	14	35	新竹市	新竹市2中正路836巷	24.828023	121.070084	0	1	0	8	1	5	50	14	9	1	5	4	5	7	4	4	5	5	5	2	13	2
2012	6	7	12	18	新竹市	新竹市1光復路一段354巷16弄19號	24.78339085	121.0189722				8			50															3
2012	6	7	13	36	新竹市	新竹市1中華路一段公道五路橋下	24.8108309	120.9861722				8			50															3
2012	6	25	14	7	新竹市	新竹市1經國路一段自由路路口	24.8147153	120.9796905				8			50															3
2012	6	10	7	18	新竹市	新竹市2西大路772號	24.8104331	120.958274				8			50															3
2012	6	25	16	52	新竹市	新竹市3美之城接200巷1號前	24.76704535	120.9604988				8			50															3
2012	6	25	14	59	新竹市	新竹市1關東路5號	24.7819651	121.022515				8			50															3
2012	6	13	20	16	新竹市	新竹市1公園路286號	24.8029421	120.97921	0	1	0	8	3	5	50	14	9	1	5	4	5	7	4	4	5	5	5	2	13	2
2012	6	20	12	27	新竹市	新竹市1學府路66號	24.796419	120.982897				6			50															3
2012	6	14	10	1	新竹市	新竹市1中華路一段291-1號	24.81043195	120.9850224	0	1	0	8	1	5	50	14	9	1	5	4	5	7	4	4	10	5	5	2	16	2
2012	6	17	17	15	新竹市	新竹市1建功一路50號	24.7978421	120.998114	0	1	0	8	1	5	50	14	9	1	5	4	5	7	4	4	9	5	5	2	12	2
2012	6	18	23	35	新竹市	新竹市1中華路一段255巷口弄	24.8185572	120.9951081				8			50															3
2012	6	19	19	24	新竹市	新竹市1西大路16號	24.7951456	120.972244				6			50															3
2012	6	19	20	54	新竹市	新竹市1中華路二段521號	24.800068	120.9684998				8			50															3
2012	6	24	18	0	新竹市	新竹市2海濱路290號	24.83770085	120.9221654	0	2	0	7	1	5	50	3	1	1	5	4	5	7	4	4	10	5	5	2	13	2
2012	6	25	18	50	新竹市	新竹市1錦華街44號	24.8101391	120.972106							50															3
2012	6	13	13	24	新竹市	新竹市1中華路二段72號	24.8082181	120.980847				8			50															3
2012	6	20	16	29	新竹市	新竹市3牛埔東路71號	24.7782339	120.9798837				6			50															3
2012	6	19	13	52	新竹市	新竹市2東大路三段110巷15號	24.8296361	120.956015	0	1	0	8	1	5	40	14	9	1	5	4	5	7	4	4	10	5	5	2	10	2
2012	6	24	21	18	新竹市	新竹市1明湖路650巷51號	24.7733721	120.964606				8			50															3
2012	6	26	6	40	新竹市	新竹市1中華路一段273號	24.810593	120.986066	0	1	0	8	1	5	50	14	9	1	5	4	5	7	2	1	1	4	5	2	18	2
2012	6	25	17	59	新竹市	新竹市2經國路二段140號	24.8115151	120.963044	0	2	0	8	1	5	50	14	9	1	5	4	5	7	4	4	1	4	5	1	12	2
2012	6	26	6	52	新竹市	新竹市1明湖路369號	24.7869058	120.9677167	0	1	0	8	1	5	50	4	2	1	5	4	5	7	2	1	5	5	5	2	13	2
2012	6	26	7	33	新竹市	新竹市1振興路21號	24.7942391	120.961305				8			50															3
2012	6	26	10	56	新竹市	新竹市2水田街150巷8弄2號	24.814927	120.967611	0	1	0	8	1	5	40	11	9	1	5	4	5	1	4	4	10	5	5	2	10	2
2012	6	26	13	32	新竹市	新竹市1南大路587號	24.79484195	120.9652302				8			50															3
2012	6	26	14	12	新竹市	新竹市1民主路247號	24.8139884	120.9769879				8			50															3
2012	6	25	14	52	新竹市	新竹市2中華路三段四維路路口	24.797232	120.9637474				8			50															3
2012	6	26	17	11	新竹市	新竹市3芝柏一街93號	24.7771139	120.9467465	0	0	0	8	2	5	40	14	9	1	5	4	5	7	4	4	10	4	5	2	18	3
2012	6	26	15	20	新竹市	新竹市3中華路四段牛埔南路路口	24.7887326	120.9300059	0	2	0	8	1	5	50	3	1	1	5	4	5	7	1	1	10	5	5	2	16	2
2012	6	26	19	0	新竹市	新竹市1民族路241巷	24.810476	120.9813902				8			50															3
2012	6	24	20	37	新竹市	新竹市2西大路578號	24.806648	120.962305				8			50															3
2012	6	20	7	20	新竹市	新竹市1光復路二段公園路路口	24.790798	121.0055625	0	0	0	8	1	5	50	5	1	1	5	4	5	7	1	1	1	1	5	2	17	3
2012	6	25	17	39	新竹市	新竹市1明湖路755號	24.7702698	120.9734533				8			50															3
2012	6	26	19	45	新竹市	新竹市1南大路672巷	24.7913726	120.9626519				8			50															3
2012	6	25	12	40	新竹市	新竹市2經國路二段西大路路口	24.8091112	120.9601481				8			50															3
2012	6	26	21	20	新竹市	新竹市1建功一路27號	24.7971941	120.997984				8			50															3
2012	6	25	18	0	新竹市	新竹市1埔頂路162號	24.7945309	121.0092131	0	1	0	8	1	5	50	14	9	1	5	4	5	7	4	4	5	5	5	2	16	2
2012	6	26	17	46	新竹市	新竹市2經國路二段延平路路口	24.8047718	120.9556443	0	1	0	8	1	5	50	14	9	1	5	4	5	7	1	1	5	4	5	2	13	2
2012	6	26	19	25	新竹市	新竹市1建功一路建功高中對面公有停車場	24.8004098	120.9972123				8			50															3
2012	6	25	16	10	新竹市	新竹市2西大路659巷	24.81046795	120.9579809	0	1	0	8	1	5	50	3	2	1	5	4	5	7	4	4	9	4	5	2	16	2
2012	6	6	6	40	新竹市	新竹市1田美三街經國路路口	24.8145218	120.9769905	0	1	0	8	1	5	50	4	1	1	5	4	5	7	1	1	10	5	5	2	16	2
2012	6	26	17	30	新竹市	新竹市1中華路二段347號	24.80345445	120.9739224	0	1	0	8	1	5	50	14	9	1	5	4	5	7	4	4	10	5	5	2	16	2
2012	6	27	8	50	新竹市	新竹市2和平路64號	24.808338	120.955793				8			50															3
2012	6	27	6	50	新竹市	新竹市3中華路六段799巷	24.7318662	120.9153228	0	2	0	8	1	5	50	3	1	1	5	4	5	7	3	1	10	5	5	1	15	2
2012	6	27	9	47	新竹市	新竹市1忠孝路公道五路路口	24.41422875	120.759641				8			50															3
2012	6	27	6	47	新竹市	新竹市3瑞光街25巷	24.791964	120.92716	0	1	0	8	1	5	50	4	1	1	5	4	5	7	4	4	10	5	5	2	15	2
2012	6	27	8	40	新竹市	新竹市3中山路640巷285號	24.7950925	120.9518455	0	3	0	8	1	5	50	14	9	1	5	4	5	7	4	4	9	5	5	1	16	2
2012	6	27	12	35	新竹市	新竹市1西大路340號	24.8013095	120.9662661	0	1	0	8	1	5	50	14	9	1	5	4	5	7	4	4	5	4	5	2	16	2
2012	6	27	13	10	新竹市	新竹市1公園路2號	24.807023	120.98524				8			50															3
2012	6	27	14	20	新竹市	新竹市1西大路71號	24.79581	120.971106				8			50															3
2012	6	27	11	51	新竹市	新竹市1建新路21號	24.798462	120.996885				8			50															3