年	月	日	時	分	縣市	allLocation	GoogleLat	GoogleLng	死	受傷	2-30	天候	光線	道路類別	速限	道路型態	事故位置	路面鋪裝	路面狀態	路面缺陷	障礙物	視距	號誌種類	號誌動作	分向設施	快車道或一般車道間	快慢車道間	路面邊線	事故類型及型態	事故類別
2012	6	27	15	17	新竹市	新竹市1中華路二段689號	24.7982306	120.9654977				8			50															3
2012	6	27	15	2	新竹市	新竹市1明湖路116巷	24.79319925	120.9683519				8			50															3
2012	6	27	12	0	新竹市	新竹市2中山路興南街路口	24.8025948	120.9623823				8			50															3
2012	6	26	17	25	新竹市	新竹市1光復路一段89巷123-2號	24.7786591	121.02514				8			50															3
2012	6	27	13	30	新竹市	新竹市1光復路二段858號	24.8027721	120.982868				8			50															3
2012	6	27	17	30	新竹市	新竹市1中央路240號	24.809103	120.975766	0	2	0	8	1	5	50	14	9	1	5	4	5	7	4	4	5	5	5	2	10	2
2012	6	27	19	26	新竹市	新竹市2東大路二段經國路路口	24.8137323	120.9674304				8			50															3
2012	6	26	22	35	新竹市	新竹市2經國路二段589號	24.8030721	120.95519	0	1	0	8	3	5	50	14	9	1	5	4	5	7	4	4	1	4	5	2	18	2
2012	6	15	16	40	新竹市	新竹市1經國路二段515號	24.8051351	120.955989				8			50															3
2012	6	16	16	47	新竹市	新竹市2光華東街15號	24.81502705	120.9742149				8			50															3
2012	6	15	20	50	新竹市	新竹市1忠孝路13號	24.80070555	120.9899569				8			50															3
2012	6	27	3	10	新竹市	新竹市3東香東街323號	24.74936965	120.956535				8			40															3
2012	6	25	13	0	新竹市	新竹市2西大路559-6號	24.8075352	120.9610959				8			40															3
2012	6	27	23	15	新竹市	新竹市2民富街163號	24.8068873	120.959792	0	1	0	8	3	5	50	14	9	1	5	4	5	7	4	4	9	5	5	1	17	2
2012	6	27	22	17	新竹市	新竹市1光復路一段360號	24.8151001	120.983244	0	2	0	8	3	5	50	3	2	1	5	4	5	7	4	4	5	4	5	2	13	2
2012	6	16	7	10	新竹市	新竹市2成德路印順橋	24.793715	120.9596607	0	1	0	8	1	5	50	14	9	1	5	4	5	7	4	4	5	5	5	2	18	2
2012	6	19	8	22	新竹市	新竹市1中華路南門街路口	24.7998332	120.9681025	0	1	0	8	1	5	50	3	1	1	5	4	5	7	4	4	10	5	5	2	12	2
2012	6	16	14	35	新竹市	新竹市1光復路二段工研院前	24.7932831	121.001211				8			50															3
2012	6	28	8	24	新竹市	新竹市3牛埔北路祥園街路口	24.7983887	120.9417294	0	1	0	8	1	5	50	3	1	1	5	4	5	7	3	1	10	5	5	2	16	2
2012	6	16	13	1	新竹市	新竹市1學府路369號	24.7987751	120.985998	0	1	0	8	1	5	50	14	9	1	5	4	5	7	4	4	9	5	5	1	16	2
2012	6	23	18	5	新竹市	新竹市1光復路一段234號	24.782044	121.020945	0	2	0	8	1	5	50	4	18	1	5	4	5	7	2	1	10	5	5	2	8	2
2012	6	28	9	11	新竹市	新竹市1林森路128號	24.8002191	120.965607	0	1	0	8	1	5	50	14	9	1	5	4	5	7	4	4	9	4	5	1	16	2
2012	6	28	12	28	新竹市	新竹市3中華路四段188號	24.7958521	120.949588																						3
2012	6	21	14	35	新竹市	新竹市1中正路23號	24.8032171	120.970984				6			50															3
2012	6	21	17	59	新竹市	新竹市1南大路878巷	24.79509185	120.9708905	0	1	0	6	3	5	50	3	1	1	4	4	5	7	4	4	10	5	5	2	16	2
2012	6	28	7	7	新竹市	新竹市1食品路480號	24.7942131	120.966082				8			50															3
2012	6	28	9	5	新竹市	新竹市1介壽路200號	24.7788586	121.0189334				8			50															3
2012	6	28	13	45	新竹市	新竹市2北大路226巷	24.807877	120.964779				8			50															3
2012	6	28	14	8	新竹市	新竹市2東大路三段403巷	24.83324075	120.9468056				8			50															3
2012	6	27	16	10	新竹市	新竹市2光華北街87號	24.81688	120.971296	0	1	0	8	1	5	50	14	9	1	5	4	5	7	4	4	5	5	5	2	14	2
2012	6	27	22	30	新竹市	新竹市3芝柏五街30號	24.7766811	120.947648	0	1	0	8	3	5	50	4	22	1	5	4	5	7	4	4	10	5	5	2	29	2
2012	6	28	18	30	新竹市	新竹市1光復路一段525巷	24.78436645	121.0121615				8			50															3
2012	6	28	19	10	新竹市	新竹市1光復路一段390號	24.784505	121.015053				8			50															3
2012	6	20	21	36	新竹市	新竹市1光復路一段560號	24.7924614	121.0067013				8			50															3
2012	6	28	19	39	新竹市	新竹市1寶山路進西大.食品路口	24.7948254	120.9725224	0	2	0	8	3	5	50	14	9	1	5	4	5	7	4	4	5	2	5	2	12	2
2012	6	21	20	5	新竹市	新竹市1明湖路628號	24.776039	120.966788				8			50															3
2012	6	28	21	2	新竹市	新竹市1南大路534號	24.7947351	120.964817				8			50															3
2012	6	21	21	24	新竹市	新竹市2湳雅街武陵路路口	29.0289146	111.6613067	0	2	0	7	1	5	50	14	9	1	4	4	5	7	4	4	5	4	5	1	16	2
2012	6	22	12	57	新竹市	新竹市1中華路二段708巷	24.7978011	120.964592	0	1	0	8	1	5	50	3	1	1	5	4	5	7	4	4	10	5	5	2	17	2
2012	6	22	1	18	新竹市	新竹市1南大路700號	24.79509185	120.9708905				8			50															3
2012	6	22	18	24	新竹市	新竹市3中華路五段323巷	24.7650255	120.9144374				8			50															3
2012	6	22	14	30	新竹市	新竹市1光復路一段與園區大門口	24.7873656	121.0096554				8			50															3
2012	6	23	16	35	新竹市	新竹市1建功一路104巷	24.8004098	120.9972123				8			50															3
2012	6	22	22	32	新竹市	新竹市1南大路613號	24.7882131	120.967289	0	2	0	8	3	5	50	14	9	1	5	4	5	7	4	4	5	5	5	1	16	2
2012	6	2	11	30	新竹市	新竹市1忠孝路71巷	24.8034191	120.9915437	0	1	0	8	1	5	50	14	9	1	5	4	5	7	4	4	5	4	5	2	12	2
2012	6	3	10	6	新竹市	新竹市2天府路一段14527電燈桿前	24.8363155	120.9398668	0	1	0	8	1	5	50	14	22	4	5	4	4	7	4	4	1	4	4	1	29	2
2012	6	2	17	13	新竹市	新竹市2新港一路892號停車格	24.8487867	120.9273037				8			50															3
2012	6	29	8	2	新竹市	新竹市2東大路二段537號	24.821508	120.959661	0	2	0	8	1	5	50	3	2	1	5	4	5	7	3	1	5	5	5	1	13	2
2012	6	29	15	16	新竹市	新竹市1經國路一段自由路路口	24.8147153	120.9796905	0	2	0	8	1	5	50	4	1	1	5	4	5	7	2	1	10	5	5	2	16	2
2012	6	29	15	50	新竹市	新竹市1光復路二段(二分局對面)	24.7932831	121.001211				8			50															3
2012	6	29	17	53	新竹市	新竹市1光復路一段89巷	24.7813346	121.0239894	0	1	0	8	3	5	50	4	1	1	5	4	5	7	2	1	10	5	5	2	16	2
2012	6	29	18	55	新竹市	新竹市1長春街152巷	24.7892952	121.0155587				8			50															3
2012	6	30	3	8	新竹市	新竹市3中華路六段188號	24.74417735	120.9072056				8			50															3
2012	6	29	21	40	新竹市	新竹市3中華路四段411巷	24.7920811	120.941822	0	3	0	8	3	5	50	3	1	1	5	4	5	7	2	1	10	5	5	2	15	2
2012	6	29	12	33	新竹市	新竹市1大學路29號	24.7895293	121.0040859				8			50															3
2012	6	27	11	30	新竹市	新竹市3中華路五段480號	24.775077	120.917622	0	1	0	8	1	5	60	14	9	1	5	4	5	7	4	4	1	4	5	1	16	2
2012	6	29	14	32	新竹市	新竹市1林森路108號	24.800514	120.966364	0	0	0	8	1	5	50	4	1	2	5	4	5	7	4	4	5	4	5	2	16	3
2012	6	26	19	49	新竹市	新竹市1光復路一段367巷	24.7815838	121.0170363				8			50															3
2012	6	26	15	2	新竹市	新竹市2東大路二段經國路路口	24.8137323	120.9674304				8			50															3
2012	6	29	16	19	新竹市	新竹市1寶山路375號			0	1	0	8	1	5	50	14	9	1	5	4	5	7	4	4	1	4	5	2	12	2
2012	6	30	7	36	新竹市	新竹市2中和路經國路路口						8			50															3
2012	6	27	20	8	新竹市	新竹市2西濱快速道路與東西向快速道路口						8			50															3
2012	6	29	17	50	新竹市	新竹市2武陵路209號						8			50															3
2012	6	28	19	15	新竹市	新竹市1建功路30號	24.797375	120.99824				8			50															3
2012	6	30	10	6	新竹市	新竹市2鐵道路二段292巷	24.82314395	120.9687826				8			50															3
2012	6	30	12	47	新竹市	新竹市3牛埔路323巷牛埔東路路口	24.799689	120.9515893	0	2	0	8	1	5	50	3	1	1	5	4	5	7	3	1	10	5	5	2	16	2
2012	6	30	6	50	新竹市	新竹市1中華路二段543號	24.800068	120.9684998	0	2	0	8	1	5	50	4	1	1	5	4	5	7	1	1	10	5	5	2	12	2
2012	6	30	9	3	新竹市	新竹市1光復路二段153號	24.7983869	120.9940564				8			50															3
2012	6	30	11	54	新竹市	新竹市1埔頂二路立鵬路	24.7920673	121.0113398	0	1	0	8	1	5	50	14	9	1	5	4	5	7	4	4	5	5	5	1	12	2
2012	6	30	10	58	新竹市	新竹市3牛埔路162號	24.7998247	120.9517568				8			50															3
2012	6	30	16	13	新竹市	新竹市1中華路二段725號	24.7976124	120.9646703				8			50															3
2012	6	30	11	47	新竹市	新竹市2湳雅街292號	24.8226262	120.9764493	0	1	0	8	1	5	50	14	9	1	5	4	5	7	4	4	5	5	5	2	16	2
2012	6	30	15	45	新竹市	新竹市1中華路二段275號	24.8043811	120.976198				8			50															3
2012	6	18	17	15	新竹市	新竹市2光華一街27號	24.8159301	120.973342				8			50															3
2012	6	18	19	48	新竹市	新竹市3元培街309號	24.7786111	120.938487				8			40															3
2012	6	30	16	30	新竹市	新竹市1建中一路39號	24.8013358	120.9924625	0	2	0	8	1	5	50	14	9	1	5	4	5	7	4	4	5	4	5	2	3	2
2012	6	4	16	20	新竹市	新竹市2成德一街	24.7895617	120.9566158	0	1	0	6	1	5	40	11	9	1	4	4	5	7	4	4	5	5	4	2	18	2
2012	6	1	19	34	新竹市	新竹市1南大路700號	24.79509185	120.9708905				8			20															3
2012	6	7	12	15	新竹市	新竹市2聖軍路尚濱路路口	24.8420001	120.9291429				8			50															3
2012	6	19	15	19	新竹市	新竹市3東香路路燈20868號前	24.7768421	121.006254							40															3
2012	6	20	13	20	新竹市	新竹市1關東路376巷	24.7897208	121.0197947				6			50															3
2012	6	30	21	55	新竹市	新竹市1南大路13號	24.803125	120.978833				8			50															3
2012	6	23	14	0	新竹市	新竹市1明湖路775巷煙波飯店前	24.7702698	120.9734533				8			40															3
2012	6	30	23	45	新竹市	新竹市1光復路一段18巷6弄4號	24.7819941	121.026292				8			40															3
2012	6	12	14	56	新竹市	新竹市1經國路一段379巷10弄10號	24.8140033	120.9788808				6			50															3
2012	6	10	21	32	新竹市	新竹市1中華路一段經國路路口	24.8161395	120.9934274	0	2	0	8	3	5	50	5	2	1	5	4	5	7	2	1	10	5	5	2	16	2
2012	6	29	7	0	新竹市	新竹市1中華路一段2巷	24.8193477	120.9955776				8			40															3
2012	6	29	8	50	新竹市	新竹市1經國路一段379巷1號	24.8144528	120.9790626				8			50															3
2012	6	29	10	25	新竹市	新竹市1食品路297號	24.794809	120.972733				8			50															3
2012	6	29	16	42	新竹市	新竹市2中正路252號	24.8116511	120.965025				8			50															3
2012	6	23	20	25	新竹市	新竹市3竹香北路(延平路2段431巷56弄5號後門前)	24.8050804	120.9338635				8			50															3
2012	6	30	18	3	新竹市	新竹市1光復路一段126號	24.781676	121.023487	0	1	0	8	2	5	50	14	9	1	5	4	5	7	4	4	5	4	5	2	12	2
2012	6	28	8	30	新竹市	新竹市2成德路190號	24.7935101	120.959795				8			50															3
2012	6	24	13	56	新竹市	新竹市1光復路一段362-20號	24.784219	121.016835				8			50															3
2012	6	28	12	5	新竹市	新竹市1光復路二段光復中學前	24.790798	121.0055625				8			50															3
2012	6	21	19	46	新竹市	新竹市1埔頂一路costco附近	24.7909875	121.0171366	0	0	0	8	2	5	50	14	9	1	5	4	5	7	4	4	10	4	5	2	12	3
2012	6	30	3	30	新竹市	新竹市2四維路西門街路口	24.8001658	120.9613885	0	1	0	6	3	5	50	4	1	1	4	4	5	7	1	1	10	5	5	2	18	2
2012	6	30	13	36	新竹市	新竹市1東門街34巷	24.804433	120.973299				8			50															3
2012	6	30	20	12	新竹市	新竹市3中華路六段647巷	24.7318662	120.9153228				8			60															3
2012	6	30	12	0	新竹市	新竹市1新竹市柴橋路明湖路口	24.7681185	120.9634115				8			50															3
2012	6	30	11	8	新竹市	新竹市1光復路	24.7873656	121.0096554				8			50															3
2012	6	16	11	55	新竹市	新竹市1中華路二段270號	24.8047713	120.9756159				8			50															3
2012	6	3	11	56	新竹市	新竹市1光復路二段190巷	24.7939831	121.000729				8			50															3
2012	6	5	14	25	新竹市	新竹市1慈雲路埔頂路路口	24.7874802	121.0095148				8			50															3
2012	6	27	8	35	新竹市	新竹市1光復路一段大學路路口	24.78906635	121.0046317	0	1	0	8	1	5	50	4	1	1	5	4	5	7	2	1	10	5	5	2	13	2
2012	6	6	13	0	新竹市	新竹市2鐵道路一段140號	24.812646	120.9829318				8			50															3
2012	6	18	18	15	新竹市	新竹市1中華路二段92號	24.8077381	120.980492				8			50															3
2012	6	13	14	30	新竹市	新竹市3中華路四段554巷	24.78906605	120.930512	0	1	0	8	1	5	50	14	9	1	5	4	5	7	4	4	10	5	5	2	16	2
2012	6	19	10	50	新竹市	新竹市1光復路二段大學路路口	24.7910677	121.0049133				8			50															3
2012	6	28	15	35	新竹市	新竹市1明湖路482巷	24.7884154	120.9680175				8			50															3
2012	6	28	18	47	新竹市	新竹市3明德路41巷32號前	24.75558495	120.9517153				8			40															3
2012	6	29	10	35	新竹市	新竹市2北大路97號	24.8104328	120.9696434				8			50															3
2012	6	29	7	24	新竹市	新竹市1民享一街24巷口弄	24.47594895	120.7935952				8			40															3
2012	6	29	13	39	新竹市	新竹市1公園路路邊公有第45號停車格	24.80139	120.9770515	0	1	0	8	1	5	50	14	9	1	5	4	5	7	4	4	5	5	5	2	12	2
2012	6	10	20	0	新竹市	新竹市1中華路一段315號	24.8094731	120.983936				8			50															3
2012	6	30	17	32	新竹市	新竹市1東門圓環	24.8042116	120.9705392				8			50															3
2012	6	12	18	15	新竹市	新竹市1東門街10號	24.804318	120.974575	0	1	0	8	1	5	50	14	9	1	5	4	5	7	4	4	5	4	5	2	13	2
2012	6	30	15	47	新竹市	新竹市2中山路和福街路口	24.8356702	121.0202474	0	1	0	8	1	5	50	4	1	1	5	4	5	7	4	4	10	5	5	2	15	2
2012	6	17	13	44	新竹市	新竹市1光復路園區一路	24.775719	121.0152589				8			50															3
2012	6	6	17	30	新竹市	新竹市1光復路龍山國小對面	24.7873656	121.0096554	0	2	0	8	2	5	50	3	2	1	5	4	5	7	4	4	1	4	5	1	12	2
2012	6	6	18	30	新竹市	新竹市1食品路41號	24.800067	120.981532	0	1	0	8	2	5	50	14	9	1	5	4	5	7	4	4	5	4	5	1	16	2
2012	6	20	12	52	新竹市	新竹市1建功一路104巷	24.8004098	120.9972123				8			50															3
2012	6	13	12	50	新竹市	新竹市3五福路一段250巷	24.7444219	120.9225387	0	1	0	8	1	5	50	14	9	1	5	4	5	7	4	4	5	5	5	1	12	2
2012	6	30	12	10	新竹市	新竹市3牛埔路牛埔北路路口	24.7971079	120.9421713				8			50															3
2012	6	25	11	35	新竹市	新竹市1南大路41號	24.8023981	120.977821				8			50															3
2012	6	28	7	59	新竹市	新竹市2北大路437號	24.8024771	120.960331				8			50															3
2012	6	28	12	25	新竹市	新竹市1興竹街176號前	24.7969389	120.9650013				8			40															3
2012	6	28	18	15	新竹市	新竹市1林森路信義街口停車場入口處	24.8019103	120.9701509				8			50															3
2012	6	30	11	30	新竹市	新竹市1東大路二段135號	24.814735	120.966389				8			50															3
2012	6	29	11	30	新竹市	新竹市1中華路一段234號	24.813445	120.990189				8			50															3
2012	6	29	17	14	新竹市	新竹市1經國路二段自由路路口	24.8147153	120.9796905				8			50															3
2012	6	22	15	8	新竹市	新竹市3海埔路171巷113號	24.8109058	120.9215929	0	2	0	6	1	5	40	3	1	1	4	4	5	7	3	3	10	5	5	2	11	2
2012	6	29	11	45	新竹市	新竹市1中華路二段471號	24.80126	120.970554	0	2	0	8	1	5	50	4	1	1	5	4	5	7	2	1	10	5	5	2	16	2
2012	6	9	9	40	新竹市	新竹市1中山路640巷	24.8333941	121.027676				8			50															3
2012	6	9	12	5	新竹市	新竹市2水田街49號	24.815195	120.966771				8			50															3
2012	6	13	8	12	新竹市	新竹市1中華路三段57號	24.796854	120.962202				8			50															3
2012	6	28	18	15	新竹市	新竹市2中華路一段69號	24.8168578	120.9942949				8			50															3
2012	6	23	9	55	新竹市	新竹市1光復路二段公園路路口	24.790798	121.0055625	0	1	0	8	1	5	50	14	9	1	5	4	5	7	2	1	1	4	5	2	16	2
2012	6	22	13	9	新竹市	新竹市2水田街經國路路口	24.812933	120.9658931				8			50															3
2012	6	8	2	20	新竹市	新竹市3中華路四段295號	24.793684	120.946143				8			50															3
2012	6	9	15	8	新竹市	新竹市2東大路經國路路口	24.8137323	120.9674304																						3
2012	6	9	0	32	新竹市	新竹市1經國路一段479巷1弄12月1日號	24.8162261	120.992725				8			40															3
2012	6	15	0	15	新竹市	新竹市1南大路904巷	24.79509185	120.9708905				6			40															3
2012	6	12	16	40	新竹市	新竹市3中華路六段226巷2弄2號	24.743546	120.907				6			40															3
2012	6	16	11	52	新竹市	新竹市1光復路二段198號	24.794228	121.000522							50															3
2012	6	26	7	50	新竹市	新竹市1光復路一段89巷127號	24.778588	121.025177				8			50															3
2012	6	13	16	50	新竹市	新竹市2中華路一段208號	24.814072	120.990975	0	1	0	8	1	5	50	14	9	1	5	4	5	7	4	4	1	4	5	2	16	2
2012	6	5	16	10	新竹市	新竹市1建功二路63號	24.7980824	121.0028479				8			50															3
2012	6	13	18	20	新竹市	新竹市1公道五路二段122號	24.79760605	121.0029783				8			50															3
2012	6	14	21	0	新竹市	新竹市1食品路155巷	24.7972321	120.9763885				6			50															3
2012	6	14	22	30	新竹市	新竹市3牛埔南路埔前路	24.7938784	120.9325555	0	1	0	6	3	5	50	3	2	1	4	4	5	7	3	1	10	5	5	2	18	2
2012	6	5	22	30	新竹市	新竹市1武昌街78號	24.802681	120.967465				8			50															3
2012	6	2	8	5	新竹市	新竹市2東大路二段武陵路路口	24.8171183	120.9658517				8			50															3
2012	6	16	17	50	新竹市	新竹市1埔頂路慈雲路路口	24.7929205	121.0125589	0	0	0	8	1	5	50	4	1	1	5	4	5	7	1	1	1	4	5	1	12	3
2012	6	16	17	10	新竹市	新竹市1經國路一段486號	24.8146548	120.9775574				8			50															3
2012	6	18	8	3	新竹市	新竹市1食品路1號	24.8019621	120.983299				8			50															3
2012	6	25	18	11	新竹市	新竹市1光復路一段473號	24.784073	121.014772				8			50															3
2012	6	22	23	47	新竹市	新竹市3景觀大道客雅大道口	31.3512963	120.9811634				8			50															3
2012	6	11	13	23	新竹市	新竹市2水田街124號	24.81476	120.967159				8			50															3
2012	6	22	9	38	新竹市	新竹市1南大路538號	24.794741	120.964661	0	1	0	8	1	5	50	14	9	1	5	4	5	7	4	4	5	5	5	1	12	2
2012	6	18	19	5	新竹市	新竹市1寶山路122號	24.7923984	120.9752875	0	1	0	8	3	5	50	14	9	1	5	4	5	7	4	4	5	5	5	1	12	2
2012	6	19	17	40	新竹市	新竹市3香北路111號	24.7919311	120.927868				6			50															3
2012	6	19	14	25	新竹市	新竹市1民族路111號	24.807905	120.97692	0	1	0	8	1	5	50	15	9	1	5	4	5	7	4	4	9	5	5	2	16	2
2012	6	29	17	15	新竹市	新竹市2中正路419巷2號	24.815725	120.95992				8			50															3
2012	6	20	7	50	新竹市	新竹市3虎林街155巷23號	24.8096053	120.9402729				8			50															3
2012	6	25	20	30	新竹市	新竹市1光復路金城一路路口	24.7939497	121.0022741	0	2	0	8	3	5	50	3	2	1	5	4	5	7	1	1	3	2	5	2	12	2
2012	6	26	6	49	新竹市	新竹市1忠孝路276巷	24.80568155	120.9874376				8			50															3
2012	6	25	23	30	新竹市	新竹市1埔頂路315號	24.79418315	121.013014				8			50															3
2012	6	26	14	38	新竹市	新竹市1光復路一段33號	24.781035	121.025485	0	2	0	8	1	5	50	14	9	1	5	4	5	7	4	4	5	4	5	2	16	2
2012	6	26	16	25	新竹市	新竹市3中華路六段60號	24.750835	120.908382				8			50															3
2012	6	30	8	13	新竹市	新竹市1學府路375-3號	24.794322	120.976846				8			50															3
2012	6	25	15	47	新竹市	新竹市1南大路473巷	24.79508805	120.9656146				8			40															3
2012	6	3	18	53	新竹市	新竹市1明湖路198巷6弄67號	24.79177035	120.967631				8			40															3
2012	6	24	14	0	新竹市	新竹市1大學路60號	24.7895511	121.000354				8			50															3
2012	6	16	9	10	新竹市	新竹市1光復路一段362-21號						8			50															3
2012	6	13	12	0	新竹市	新竹市1大學路51巷			0	1	0	8	1	5	50	3	1	1	5	4	5	1	3	1	10	5	5	2	16	2
2012	6	17	22	28	新竹市	新竹市1光復路二段155巷	24.79834225	120.9906022				8			50															3
2012	6	28	17	36	新竹市	新竹市2東大路鐵道路路口	24.8198055	120.961431	0	1	0	8	2	5	50	4	1	1	5	4	5	7	2	1	10	5	5	1	16	2
2012	6	16	17	54	新竹市	新竹市3延平路福樹街	24.8063579	120.9365431				8			50															3
2012	6	20	12	30	新竹市	新竹市1食品路1號	24.8019621	120.983299	0	1	0	6	1	5	50	3	1	1	4	4	5	7	4	4	10	5	5	2	17	2
2012	6	28	8	59	新竹市	新竹市1光復路二段埔頂所前	24.7932831	121.001211				8			50															3
2012	6	28	12	15	新竹市	新竹市1新莊街129巷口	24.87505585	120.9867888				8			50															3
2012	6	29	12	32	新竹市	新竹市1中華路二段181號	24.806491	120.979113				8			50															3
2012	6	29	10	45	新竹市	新竹市2武陵路335號	24.82505685	120.9711996				8			50															3
2012	6	28	8	19	新竹市	新竹市1經國路二段323號	24.8091044	120.9601535				8			50															3
2012	6	22	18	37	新竹市	新竹市1民生路222巷19號	24.8124737	120.9764038	0	0	0	8	2	5	50	14	9	1	5	4	5	7	4	4	10	5	5	2	17	3
2012	6	17	7	40	新竹市	新竹市3中華路五段522巷	24.77492545	120.9180034	0	1	0	8	1	5	50	3	1	1	5	4	5	7	1	1	10	5	5	2	16	2
2012	6	17	14	10	新竹市	新竹市3中華路四段470號	24.7911338	120.9373215	0	0	0	8	1	5	50	3	1	1	5	4	5	7	4	4	10	5	5	2	16	3
2012	6	21	20	35	新竹市	新竹市1中華路二段367號	24.80318185	120.9734917	0	1	0	6	3	5	50	14	9	1	4	4	5	7	4	4	5	4	5	2	17	2
2012	6	29	22	20	新竹市	新竹市2水田街86號	24.8136831	120.966317	0	2	0	6	3	5	50	14	9	1	4	4	5	7	4	4	9	5	5	2	10	2
2012	6	15	22	32	新竹市	新竹市1林森路203巷	24.798646	120.964064				6			50															3
2012	6	15	23	4	新竹市	新竹市2經國路二段磐石路路口	24.8078863	120.9580757				6			50															3
2012	6	16	14	50	新竹市	新竹市1民生路277號	24.8129739	120.9746875				8			50															3
2012	6	16	17	50	新竹市	新竹市1中正路258號	24.811745	120.964965				8			50															3
2012	6	20	12	25	新竹市	新竹市2和福街41號	24.8049101	120.962677				6			40															3
2012	6	21	13	10	新竹市	新竹市2中央路148號	24.807386	120.97181				6			50															3
2012	6	22	20	9	新竹市	新竹市1南大路竹蓮街路口	24.7981942	120.9706866				8			50															3
2012	6	22	21	0	新竹市	新竹市1南大路443號	24.795731	120.967111				8			50															3
2012	6	22	22	10	新竹市	新竹市1民權路202號	24.8101928	120.9734446				8			50															3
2012	6	27	10	50	新竹市	新竹市1明湖路443巷	24.7869058	120.9677167				8			50															3
2012	6	28	19	55	新竹市	新竹市2西門街88巷6號	24.803355	120.966224				8			40															3
2012	6	29	19	0	新竹市	新竹市1埔頂路153號	24.7946931	121.009143				8			50															3
2012	6	30	14	20	新竹市	新竹市2世界街錦華街	24.8103164	120.9718317				8			40															3
2012	6	30	18	50	新竹市	新竹市2北新街10號	24.8026045	120.9576143				8			50															3
2012	6	29	8	30	新竹市	新竹市1光復路一段30巷	24.78189075	121.0250699	0	2	0	8	1	5	50	3	1	1	5	4	5	7	1	1	10	5	5	2	16	2
2012	6	16	17	25	新竹市	新竹市1埔頂路264號	24.79412755	121.013257				8			50															3
2012	6	17	7	38	新竹市	新竹市3中華路五段648號	24.76700835	120.9152097	0	2	0	8	1	5	50	3	1	1	5	4	5	7	1	1	10	5	5	2	16	2
2012	6	14	22	36	新竹市	新竹市1錦華街5巷東大路路口	24.8111176	120.9712257	0	1	0	6	3	5	50	3	2	1	4	4	5	7	4	4	10	5	5	1	18	2
2012	6	27	15	32	新竹市	新竹市1中央路平和街	24.8046658	120.9672265	0	2	0	8	1	5	40	4	1	1	5	4	5	7	4	4	10	5	5	2	15	2
2012	6	23	12	28	新竹市	新竹市2經國路二段425號	24.8068651	120.9570262	0	1	0	8	1	5	50	14	9	1	5	4	5	7	4	4	1	4	5	2	16	2
2012	6	11	4	6	新竹市	新竹市2崧嶺路2號	24.796174	120.955803				8			50															3
2012	6	10	20	11	新竹市	新竹市2中正路1號	24.802041	120.971204				8			50															3
2012	6	9	18	13	新竹市	新竹市2西大路西門街路口	24.8025954	120.9651562	0	0	0	8	3	5	50	4	1	1	5	4	5	7	1	1	5	4	5	2	16	3
2012	6	12	16	52	新竹市	新竹市2世界街法院旁停車格	24.810786	120.972357				6			50															3
2012	6	30	20	7	新竹市	新竹市1中華路二段149號	24.80698	120.979881				8			50															3
2012	6	28	14	20	新竹市	新竹市1民族路1區公所前	24.8028801	120.971634				8			50															3
2012	6	28	9	2	新竹市	新竹市1光復路一段525巷23號	24.783844	121.013473				8			50															3
2012	6	3	22	30	新竹市	新竹市1中央路151號	24.807911	120.971845	0	1	0	6	3	5	50	14	9	1	4	4	5	7	4	4	5	5	5	2	17	2
2012	6	6	8	46	新竹市	新竹市1光復路一段89巷180-17號			0	1	0	8	1	5	50	14	9	1	5	4	5	7	4	4	5	5	5	2	12	2
2012	6	6	11	4	新竹市	新竹市3元培街220號			0	2	0	8	1	5	40	14	9	1	5	4	5	7	4	4	5	5	5	2	16	2
2012	6	24	11	40	新竹市	新竹市2西大路611號			0	2	0	8	1	5	50	14	9	1	5	4	5	7	4	4	9	5	5	2	16	2
2012	6	20	20	33	新竹市	新竹市2中山路349號						8			50															3
2012	6	22	18	57	新竹市	新竹市1光復路一段392巷	24.784452	121.015042				8			50															3
2012	6	15	7	36	新竹市	新竹市1中華路二段新竹高工對面北上車道	24.8042903	120.9752282				8			50															3
2012	6	15	17	17	新竹市	新竹市1食品路222號	24.7966841	120.97516				8			50															3