年	月	日	時	分	縣市	allLocation	GoogleLat	GoogleLng	死	受傷	2-30	天候	光線	道路類別	速限	道路型態	事故位置	路面鋪裝	路面狀態	路面缺陷	障礙物	視距	號誌種類	號誌動作	分向設施	快車道或一般車道間	快慢車道間	路面邊線	事故類型及型態	事故類別
2012	6	16	15	59	新竹市	新竹市1光復路一段119號	24.7811921	121.023366				6			50															3
2012	6	24	12	1	新竹市	新竹市1光復路二段南大路路口	24.8033933	120.9790255	0	2	0	8	1	5	50	3	1	1	5	4	5	7	2	1	10	5	5	2	16	2
2012	6	28	7	23	新竹市	新竹市2西大路545號	24.806864	120.961734	0	1	0	8	1	5	50	3	2	1	5	4	5	7	4	4	9	4	5	2	3	2
2012	6	28	10	29	新竹市	新竹市2北大路1月23日號	24.81362115	120.9743432				8			50															3
2012	6	21	20	11	新竹市	新竹市1光復路一段30巷	24.78189075	121.0250699				6			50															3
2012	6	28	11	10	新竹市	新竹市1東門街79號	24.803853	120.971236				8			50															3
2012	6	24	14	20	新竹市	新竹市2北大路307號	24.8062838	120.9627721				8			50															3
2012	6	24	15	53	新竹市	新竹市1忠孝路大潤發	24.8046558	120.9849694				8			50															3
2012	6	29	18	13	新竹市	新竹市1光復路一段448之2號前	24.7846641	121.013784				8			50															3
2012	6	27	16	57	新竹市	新竹市2東大路三段648號	24.8398271	120.93895	0	1	0	8	1	5	50	14	9	1	5	4	5	7	4	4	9	5	5	2	16	2
2012	7	1	10	13	新竹市	新竹市2光華一街光華東街路口	24.8158898	120.9741477				8			50															3
2012	7	1	10	50	新竹市	新竹市1中華路一段284巷口弄	24.8185572	120.9951081				8			50															3
2012	7	1	12	0	新竹市	新竹市1介壽路金山街路口	24.7786679	121.0190966				8			50															3
2012	7	1	18	40	新竹市	新竹市2天府路海濱路路口						8			50															3
2012	7	1	14	14	新竹市	新竹市1中央路212號	24.809008	120.9749641	0	1	0	8	1	5	50	14	9	1	5	4	5	7	4	4	5	5	5	2	16	2
2012	7	1	23	8	新竹市	新竹市1金城一路光復路路口	24.7939497	121.0022741	0	2	0	8	3	5	50	4	1	1	5	4	5	7	1	1	10	5	5	2	15	2
2012	7	2	9	50	新竹市	新竹市1中華路一段78巷17弄口號	24.8185399	120.9952535				8			40															3
2012	7	1	13	47	新竹市	新竹市1食品路210號	24.7968251	120.975394				8			50															3
2012	7	1	15	30	新竹市	新竹市1明湖路393巷	24.7869058	120.9677167				8			40															3
2012	7	1	20	0	新竹市	新竹市3西濱路85K南下車道	24.83794545	120.9336942	0	1	0	8	3	5	80	14	7	1	5	4	5	7	4	4	2	4	2	2	18	2
2012	7	2	11	47	新竹市	新竹市1公道五路二段427巷	24.80402925	120.9952116				8			50															3
2012	7	2	13	50	新竹市	新竹市1光復路一段647號	24.7865945	121.0106403				8			50															3
2012	7	2	9	34	新竹市	新竹市1光復路一段526號	24.7924614	121.0067013	0	1	0	8	1	5	50	3	1	1	5	4	5	7	4	4	5	4	5	2	16	2
2012	7	2	8	21	新竹市	新竹市1大學路29號	24.7895293	121.0040859	0	1	0	8	1	5	50	14	9	1	5	4	5	7	4	4	5	4	5	2	16	2
2012	7	1	12	40	新竹市	新竹市1經國路一段379巷1號	24.8144528	120.9790626				8			50															3
2012	7	1	13	29	新竹市	新竹市2西大路江山街	24.8044027	120.9637565				8			50															3
2012	7	2	12	23	新竹市	新竹市2中山路332號	24.80132	120.960128				8			50															3
2012	7	2	13	53	新竹市	新竹市2英明街2號	24.8070543	120.9677374				8			50															3
2012	7	1	22	4	新竹市	新竹市1光復路一段193號	24.7815321	121.0218				8			50															3
2012	7	1	12	43	新竹市	新竹市1光復路一段科學園路路口	24.7830941	121.0116058	0	1	0	8	1	5	50	3	1	1	5	4	5	7	1	1	10	5	5	2	16	2
2012	7	2	17	30	新竹市	新竹市2北大路183號	24.8084811	120.966364	0	2	0	8	1	5	50	14	9	1	5	4	5	7	4	4	5	4	5	2	16	2
2012	7	2	16	13	新竹市	新竹市3中華路五段522巷	24.77492545	120.9180034	0	1	0	8	1	5	50	3	2	1	5	4	5	7	4	4	1	4	5	2	17	2
2012	7	3	12	55	新竹市	新竹市1公道五路三段565巷	24.81462735	120.9857367				8			50															3
2012	7	3	11	58	新竹市	新竹市2經國路二段580號	24.8025795	120.9546832				8			50															3
2012	7	3	17	43	新竹市	新竹市3中山路600巷內	24.6540796	120.9551222	0	2	0	8	1	5	40	13	9	1	5	4	5	6	4	4	10	5	5	2	11	2
2012	7	3	17	14	新竹市	新竹市2東大路三段291巷天府路路口	24.8331464	120.9483426	1	1	0	8	1	5	50	14	9	1	5	4	5	7	4	4	1	4	4	2	13	1
2012	7	3	19	20	新竹市	新竹市1南大路550巷68弄	24.7959792	120.9633811	0	1	0	7	3	5	50	11	9	1	5	4	5	7	4	4	10	5	5	2	18	2
2012	7	3	19	20	新竹市	新竹市1金山11街36巷	24.78295045	120.9914961				8			50															3
2012	7	3	23	17	新竹市	新竹市2四維路西門街路口	24.8001658	120.9613885	0	2	0	8	3	5	50	4	1	1	5	4	5	7	1	1	10	5	5	2	15	2
2012	7	4	8	55	新竹市	新竹市1埔頂路慈濟路路口	24.7919685	121.0148844				8			50															3
2012	7	4	8	29	新竹市	新竹市1慈雲路經國橋上17393路燈桿前	24.7986567	121.0134011	0	0	0	8	1	5	50	14	9	1	5	4	5	7	4	4	9	4	5	1	12	3
2012	7	4	11	57	新竹市	新竹市1關東路新莊街口	24.8115407	121.0257822	0	1	0	8	1	4	50	3	2	1	5	4	5	7	1	1	5	5	5	2	12	2
2012	7	4	8	20	新竹市	新竹市1金城二路8號	24.7951131	121.002981	0	2	0	8	1	5	50	14	9	1	5	4	5	7	4	4	9	4	5	1	16	2
2012	7	3	18	41	新竹市	新竹市1光復路二段912號	24.803039	120.981608	0	1	0	8	1	5	50	14	9	1	5	4	5	7	4	4	9	4	5	2	16	2
2012	7	4	10	57	新竹市	新竹市3大庄路56之1號	24.789301	120.926529				8			50															3
2012	7	4	8	5	新竹市	新竹市1南大路672巷2號	24.7913726	120.9626519				8			40															3
2012	7	4	12	54	新竹市	新竹市2經國路二段和平路路口	24.8063163	120.9562184	0	1	0	8	1	5	50	4	1	1	5	4	5	7	2	1	10	5	5	2	16	2
2012	7	4	12	15	新竹市	新竹市1高峰路179號	24.7891148	120.9749051	0	1	0	8	1	5	40	11	9	1	5	4	5	7	4	4	10	5	5	2	11	2
2012	7	3	18	50	新竹市	新竹市2延平路一段240號	24.8052341	120.953516	0	1	0	8	3	5	50	3	1	1	5	4	5	7	4	4	10	5	5	2	13	2
2012	7	3	22	15	新竹市	新竹市2西大路688巷愛文街路口	24.8093509	120.9611764	0	2	0	8	1	5	50	4	1	1	5	4	5	7	4	4	10	5	5	2	15	2
2012	7	4	15	50	新竹市	新竹市2西大路西門街路口	24.8025954	120.9651562	0	0	0	8	1	5	50	4	2	1	5	4	5	7	1	1	5	4	5	2	17	3
2012	7	4	11	58	新竹市	新竹市1光復路二段18129號路燈前	24.79834225	120.9906022				8			50															3
2012	7	4	17	30	新竹市	新竹市3中華路六段418巷	24.7351919	120.9119035	0	1	0	8	1	5	50	3	1	1	5	4	5	7	4	4	1	4	4	1	16	2
2012	7	4	18	32	新竹市	新竹市1公道五路交流道附近						8			50															3
2012	7	3	8	0	新竹市	新竹市1東門街東門圓環			0	1	0	8	1	5	50	16	9	1	5	4	5	7	4	4	10	4	5	2	16	2
2012	7	3	12	5	新竹市	新竹市2東西向6.4K						8			90															3
2012	7	4	20	35	新竹市	新竹市1埔頂一路埔頂路路口			0	1	0	8	3	5	50	3	1	1	5	4	5	7	4	4	10	5	5	2	16	2
2012	7	4	17	32	新竹市	新竹市2光華街湳雅街路口			0	2	0	8	1	5	50	3	1	1	5	4	5	7	1	1	10	5	5	2	17	2
2012	7	5	9	10	新竹市	新竹市2中正路竹光路路口						8			50															3
2012	7	5	9	10	新竹市	新竹市1大學路3號						8			50															3
2012	7	5	7	45	新竹市	新竹市3牛埔路經國路路口						8			50															3
2012	7	5	9	5	新竹市	新竹市1東光路192號						8			50															3
2012	7	5	10	20	新竹市	新竹市1經國路二段自由路路口			0	2	0	8	1	5	50	4	1	1	5	4	5	7	1	1	10	5	5	2	11	2
2012	7	5	12	5	新竹市	新竹市1光復路一段529號						8			50															3
2012	7	5	8	25	新竹市	新竹市1金山街介壽路路口						8			50															3
2012	7	5	7	14	新竹市	新竹市3中華路四段451巷						8			50															3
2012	7	5	9	15	新竹市	新竹市3中華路六段274號			0	2	0	8	1	5	50	14	8	1	5	4	5	7	4	4	1	4	4	1	14	2
2012	7	5	9	20	新竹市	新竹市3華江街142號						8			40															3
2012	7	3	8	45	新竹市	新竹市2竹光路35巷36弄7號						8			40															3
2012	7	3	9	50	新竹市	新竹市1慈雲路往科學園路口						8			50															3
2012	7	3	12	9	新竹市	新竹市1南大路竹蓮街路口						8			50															3
2012	7	5	8	50	新竹市	新竹市2鐵道路二段107號			0	2	0	8	1	5	50	14	9	1	5	4	5	7	4	4	10	5	5	2	17	2
2012	7	5	12	13	新竹市	新竹市1慈雲路COSTCO						8			50															3
2012	7	5	15	57	新竹市	新竹市1光復路二段262號			0	1	0	8	1	5	50	14	9	1	5	4	5	7	4	4	1	5	5	1	13	2
2012	7	5	16	0	新竹市	新竹市1臺68線(東向西)11.4k處						8			90															3
2012	7	3	10	35	新竹市	新竹市1中正路大同路口						8			50															3
2012	7	3	17	15	新竹市	新竹市1林森路62號						8			50															3
2012	7	5	20	30	新竹市	新竹市1埔頂路慈濟路路口			0	1	0	8	3	5	50	3	1	1	5	4	5	7	4	4	10	5	5	2	16	2
2012	7	4	19	45	新竹市	新竹市1明湖路花園新城街口						8			40															3
2012	7	5	20	21	新竹市	新竹市2中山路136號						8			50															3
2012	7	4	17	46	新竹市	新竹市1南大路762號						8			50															3
2012	7	5	22	22	新竹市	新竹市1經國路一段田美三街路口			0	2	0	8	3	5	50	4	1	1	5	4	5	7	2	1	10	5	5	2	16	2
2012	7	6	0	59	新竹市	新竹市2經國路二段東大路路口						8			50															3
2012	7	6	8	55	新竹市	新竹市1光復路一段南下交流道入口						8			50															3
2012	7	3	16	25	新竹市	新竹市1光復路二段食品路路口			0	3	0	8	1	5	50	4	1	1	5	4	5	7	1	1	10	5	5	2	16	2
2012	7	3	15	10	新竹市	新竹市1東大路一段73號						8			40															3
2012	7	4	21	45	新竹市	新竹市2經國路二段延平路路口			0	3	0	8	3	5	50	4	1	1	5	4	5	7	1	1	10	5	5	2	15	2
2012	7	6	11	30	新竹市	新竹市1東大路一段北大路路口						8			50															3
2012	7	3	13	55	新竹市	新竹市1公道五路一段慈雲路路口						8			50															3
2012	7	6	13	32	新竹市	新竹市1光華街經國路路口			0	1	0	8	1	5	50	4	1	1	5	4	5	7	2	1	10	5	5	2	15	2
2012	7	6	13	35	新竹市	新竹市1中華路一段342巷						8			50															3
2012	7	3	11	45	新竹市	新竹市2北大路北門街路口			0	1	0	8	1	5	50	4	1	1	5	4	5	7	1	1	10	5	5	2	18	2
2012	7	5	15	40	新竹市	新竹市1寶山路380巷11號						8			40															3
2012	7	6	8	42	新竹市	新竹市1食品路326巷7弄4號			0	2	0	8	1	5	50	4	1	1	5	4	5	7	4	4	10	5	5	2	15	2
2012	7	5	16	40	新竹市	新竹市1經國路一段民主路路口						8			50															3
2012	7	6	13	52	新竹市	新竹市3中華路三段經國路路口						8			50															3
2012	7	6	16	50	新竹市	新竹市1勝利路112號						8			50															3
2012	7	5	13	10	新竹市	新竹市1東門街東門圓環			0	3	0	8	1	5	50	16	9	1	5	4	5	7	4	4	10	4	5	2	16	2
2012	7	6	16	0	新竹市	新竹市1光復路一段367巷23號旁停車場出口						8			50															3
2012	7	6	17	47	新竹市	新竹市3中華路六段716-2號旁往竹南鎮公益路之無路名道路						8			50															3
2012	7	6	18	34	新竹市	新竹市3牛埔東路67號						8			50															3
2012	7	6	20	50	新竹市	新竹市1慈雲路經國橋上往竹北方向						8			50															3
2012	7	6	22	11	新竹市	新竹市1武昌街勝利路路口						8			50															3
2012	7	6	19	9	新竹市	新竹市1文昌街武昌街路口						8			40															3
2012	7	6	19	54	新竹市	新竹市2勝利路德成街路口			0	1	0	8	3	5	50	3	9	1	5	4	5	7	4	4	10	5	5	1	16	2
2012	7	6	22	10	新竹市	新竹市2德成街46巷2號	24.80049	120.9632424				8			50															3
2012	7	6	23	55	新竹市	新竹市1中華路二段115號	24.8074332	120.9805725	0	2	0	7	3	5	50	14	9	1	5	4	5	7	4	4	1	4	5	2	13	2
2012	7	6	22	16	新竹市	新竹市1明湖路648巷	24.7815141	120.9735952				8			50															3
2012	7	6	22	50	新竹市	新竹市2湳雅街87號	24.8188992	120.9718958	0	1	0	8	3	5	50	14	9	1	5	4	5	7	4	4	5	5	5	2	16	2
2012	7	4	16	7	新竹市	新竹市1公園路216巷	24.8041558	120.9811077				8			50															3
2012	7	7	10	1	新竹市	新竹市1東門街34巷	24.804433	120.973299	0	1	0	8	1	5	50	4	1	1	5	4	5	7	4	4	10	5	5	2	13	2
2012	7	7	9	11	新竹市	新竹市1中華路一段257-1號	24.8110954	120.9873236				8			50															3
2012	7	7	8	5	新竹市	新竹市3五福路一段771號	24.7444219	120.9225387	0	1	0	8	1	5	50	14	8	1	5	4	5	7	4	4	5	5	4	2	12	2
2012	7	7	10	35	新竹市	新竹市3中華路四段295號	24.793684	120.946143				8			50															3
2012	7	7	11	36	新竹市	新竹市1光復路一段(麥當勞旁)	24.7873656	121.0096554				8			50															3
2012	7	7	10	57	新竹市	新竹市2光華一街58號	24.817611	120.97337				8			50															3
2012	7	7	16	32	新竹市	新竹市1公道五路二段12490號路燈前	24.79760605	121.0029783				8			50															3
2012	7	7	14	43	新竹市	新竹市2東大路三段18號	24.83324075	120.9468056	0	1	0	8	1	5	50	14	9	1	5	4	5	7	4	4	4	5	5	1	13	2
2012	7	7	21	49	新竹市	新竹市1光復路一段52號						8			50															3
2012	7	7	17	13	新竹市	新竹市2延平路一段317巷57號			0	2	0	8	1	5	50	14	9	1	5	4	5	7	4	4	10	5	5	2	11	2
2012	7	7	22	39	新竹市	新竹市3中華路六段459巷12弄9號						8			50															3
2012	7	7	23	48	新竹市	新竹市1食品路67號			0	1	0	8	3	5	50	14	9	1	5	4	5	7	4	4	10	4	5	2	17	2
2012	7	5	15	56	新竹市	新竹市1經國路一段37號			0	1	0	8	1	5	50	3	1	1	5	4	5	7	3	1	10	5	5	2	16	2
2012	7	5	7	47	新竹市	新竹市1公道五路交流道口						8			50															3
2012	7	5	8	31	新竹市	新竹市1大學路222號						8			40															3
2012	7	5	9	10	新竹市	新竹市1寶山路346號			0	2	0	8	1	5	50	14	9	1	5	4	5	7	4	4	1	4	5	2	12	2
2012	7	7	17	5	新竹市	新竹市1東南街食品路路口			0	1	0	8	1	5	50	4	1	1	5	4	5	7	2	1	10	5	5	2	17	2
2012	7	4	7	27	新竹市	新竹市2英明街大同路路口						8			50															3
2012	7	4	12	16	新竹市	新竹市1光復路一段關新路路口			0	1	0	8	1	5	50	4	1	1	5	4	5	7	2	1	10	5	5	2	16	2
2012	7	5	22	45	新竹市	新竹市1光復路一段526號						8			50															3
2012	7	8	9	45	新竹市	新竹市3中華路三段經國路路口			0	1	0	8	1	5	50	3	2	1	5	4	5	7	1	1	10	5	5	2	13	2
2012	7	8	9	20	新竹市	新竹市1經國路一段398巷			0	1	0	8	1	5	50	5	1	1	5	4	5	7	2	1	10	5	5	2	16	2
2012	7	8	11	11	新竹市	新竹市1東勢街21號			0	2	0	8	1	5	50	3	1	1	5	4	5	7	4	4	10	5	5	2	16	2
2012	7	8	12	44	新竹市	新竹市1中央路355巷4號對面						8			50															3
2012	7	8	12	24	新竹市	新竹市1林森路武昌街路口			0	1	0	8	1	5	50	4	1	1	5	4	5	7	3	1	10	5	5	2	16	2
2012	7	8	10	32	新竹市	新竹市1明湖路243巷56號			0	0	0	8	1	5	40	13	9	1	5	4	5	7	4	4	10	5	5	2	12	3
2012	7	8	14	15	新竹市	新竹市1中央路291號						8			50															3
2012	7	8	12	2	新竹市	新竹市3中華路三段經國路三段口南端			0	2	0	8	1	5	50	3	1	1	5	4	5	7	1	1	10	5	5	2	16	2
2012	7	8	15	13	新竹市	新竹市1公道五路建功二路路口						8			50															3
2012	7	8	15	15	新竹市	新竹市1食品路						8			3月5日															3
2012	7	8	16	50	新竹市	新竹市2成功路192巷			0	1	0	8	1	5	50	14	9	1	5	4	5	7	4	4	10	5	5	2	18	2
2012	7	8	18	45	新竹市	新竹市1金山16街金山南街	24.7761805	121.0234698	0	1	0	8	3	5	50	14	9	1	5	4	5	7	4	4	10	5	5	2	17	2
2012	7	2	18	12	新竹市	新竹市3牛埔東路33巷52號	24.7992191	120.950005				8			50															3
2012	7	3	12	25	新竹市	新竹市1光復路一段龍山國小前	24.81532425	120.9651345				8			50															3
2012	7	3	15	13	新竹市	新竹市1光復路二段938-2號	24.8032801	120.98083	0	2	0	8	1	5	50	3	1	1	5	4	5	7	4	4	10	4	5	2	15	2
2012	7	6	9	15	新竹市	新竹市3中華路五段49號	24.7876481	120.927878	0	0	0	8	1	5	50	14	8	1	5	4	5	7	4	4	1	4	4	1	14	3
2012	7	6	12	30	新竹市	新竹市1中華路二段93號	24.80747	120.981321				8			50															3
2012	7	2	12	54	新竹市	新竹市3牛埔東路牛埔南路路口	24.7922354	120.9323808	0	0	0	8	1	5	50	4	2	1	5	4	5	7	1	1	4	5	5	1	13	3
2012	7	9	13	50	新竹市	新竹市1東南街72號	24.798589	120.973092				8			50															3
2012	7	9	14	3	新竹市	新竹市1經國路一段409巷			0	1	0	8	1	5	50	3	9	1	5	4	5	7	4	4	1	5	5	2	16	2
2012	7	2	17	42	新竹市	新竹市2中華路三段128號			0	3	0	8	2	5	50	14	9	1	5	4	5	7	4	4	5	5	5	2	16	2
2012	7	4	11	20	新竹市	新竹市1民族路14號	24.803173	120.972052				8			50															3
2012	7	7	21	57	新竹市	新竹市3浸水街324號	24.79898575	120.9275728	0	1	0	8	3	5	50	14	9	1	5	4	5	7	4	4	9	5	5	2	12	2
2012	7	7	23	45	新竹市	新竹市2北大路302號	24.8069311	120.963087	0	1	0	8	3	5	50	14	9	1	5	4	5	7	4	4	5	5	5	2	16	2
2012	7	10	8	25	新竹市	新竹市2東大路二段8號	24.8115	120.969778				8			50															3
2012	7	10	9	5	新竹市	新竹市1學府路148號	24.7969611	120.985228	0	1	0	8	1	5	50	14	9	1	5	4	5	7	4	4	5	5	5	1	16	2
2012	7	10	7	24	新竹市	新竹市2延平路三段581號	24.839665	120.934934	0	2	0	8	1	5	50	14	9	1	5	4	5	7	4	4	5	5	5	1	16	2
2012	7	10	8	43	新竹市	新竹市2東大路二段557號	24.8218331	120.959303	0	1	0	8	1	5	50	14	9	1	5	4	5	7	4	4	5	5	5	1	17	2
2012	7	10	10	40	新竹市	新竹市3牛埔路294號	24.8007201	120.947092	0	2	0	8	1	5	50	14	9	1	5	4	5	7	4	4	5	5	4	2	16	2
2012	7	10	11	20	新竹市	新竹市1自由路66巷26號	24.8144619	120.9811672				8			50															3
2012	7	8	20	30	新竹市	新竹市1介壽路257號	24.7788002	121.0189417	0	1	0	8	4	5	50	14	9	1	5	4	5	7	4	4	9	4	5	2	13	2
2012	7	9	14	23	新竹市	新竹市2武陵路159號	24.82065605	120.9678687				8			50															3
2012	7	10	16	12	新竹市	新竹市1民權路200巷						8			50															3
2012	7	3	23	50	新竹市	新竹市3延平路二段5號			0	3	0	8	3	5	50	14	9	1	5	4	5	7	4	4	9	5	5	1	16	2
2012	7	6	13	19	新竹市	新竹市1光復路一段629號						8			50															3
2012	7	10	18	50	新竹市	新竹市1光復路二段忠孝路路口			0	0	0	8	2	5	50	4	9	1	5	4	5	7	1	1	1	4	5	2	13	3
2012	7	9	8	0	新竹市	新竹市1光復路一段關新路路口						8			50															3
2012	7	9	10	30	新竹市	新竹市1北大路民權路路口						8			50															3
2012	7	10	20	37	新竹市	新竹市1公道五路二段慈雲路路口			0	1	0	8	3	5	50	5	1	1	5	4	5	7	1	1	10	5	5	2	11	2
2012	7	9	11	5	新竹市	新竹市1林森路信義街口						8			50															3
2012	7	9	11	50	新竹市	新竹市1中央路市政府						8			40															3
2012	7	9	14	5	新竹市	新竹市3牛埔路牛埔東路路口192巷口			0	2	0	8	1	5	50	3	2	1	5	4	5	7	3	1	5	5	4	2	16	2
2012	7	10	23	25	新竹市	新竹市2武陵路195巷口						8			50															3
2012	7	10	19	45	新竹市	新竹市1中華路一段經國路路口			0	1	0	8	3	5	50	3	1	1	5	4	5	7	1	1	10	5	5	2	16	2
2012	7	10	22	10	新竹市	新竹市1公道五路二段132號			0	0	0	8	3	5	50	14	9	1	5	4	5	7	4	4	9	4	5	2	13	3
2012	7	2	14	12	新竹市	新竹市2竹光路78巷15弄7號						8			50															3
2012	7	5	7	35	新竹市	新竹市3東華路105巷						8			50															3
2012	7	2	17	22	新竹市	新竹市1光復路二段296號						8			50															3
2012	7	5	8	40	新竹市	新竹市1德成街林森路路口182巷口						8			40															3
2012	7	5	17	20	新竹市	新竹市2湳雅街86巷			0	3	0	8	1	5	50	3	1	1	5	4	5	7	4	4	10	5	5	2	15	2
2012	7	9	7	25	新竹市	新竹市2延平路三段508號						8			50															3
2012	7	6	18	54	新竹市	新竹市2台68線東西向快速道路1.4K往竹東方向						8			90															3
2012	7	6	21	56	新竹市	新竹市3延平路二段1272-1號			0	2	0	8	3	5	50	3	9	1	5	4	5	7	4	4	5	5	5	2	16	2
2012	7	6	23	24	新竹市	新竹市3延平路二段33號			0	2	0	8	3	5	50	14	9	1	5	4	5	7	4	4	9	5	5	1	12	2
2012	7	11	14	3	新竹市	新竹市2中華路三段中山路路口			0	1	0	8	1	5	50	4	1	1	5	4	5	7	2	1	10	5	5	2	16	2
2012	7	8	16	54	新竹市	新竹市2中山路90號			0	1	0	8	1	5	50	4	1	1	5	4	5	7	4	4	10	5	5	2	2	2
2012	7	11	15	39	新竹市	新竹市1東大路一段北大路路口						8			50															3
2012	7	11	19	50	新竹市	新竹市2西門街104號						8			50															3
2012	7	11	13	35	新竹市	新竹市1食品路四維路橋前			0	1	0	8	1	5	50	14	7	1	5	4	5	7	4	4	5	4	4	1	16	2
2012	7	11	14	50	新竹市	新竹市1鐵道路一段台大醫院新竹分院大門前						8																		3
2012	7	9	9	56	新竹市	新竹市1建功一路建美路路口			0	1	0	8	1	5	50	5	1	1	5	4	5	7	1	1	10	5	5	2	16	2
2012	7	9	10	52	新竹市	新竹市2鐵道路三段111號			0	1	0	8	1	5	50	3	1	1	5	4	5	7	4	4	10	5	5	2	17	2
2012	7	9	11	46	新竹市	新竹市1						8			80															3
2012	7	11	19	11	新竹市	新竹市3振興路75號						8			50															3
2012	7	10	21	15	新竹市	新竹市2光華東街15號						8			50															3
2012	7	11	21	16	新竹市	新竹市1金山9街83號						8			50															3
2012	7	11	18	0	新竹市	新竹市1經國路一段630號對面						8			50															3
2012	7	12	0	25	新竹市	新竹市2北大路140號			0	1	0	8	3	5	50	14	9	1	5	4	5	7	4	4	5	4	5	2	12	2
2012	7	12	2	50	新竹市	新竹市1中正路120號						8			50															3
2012	7	12	2	53	新竹市	新竹市3中華路六段353-1號丁字路口						8			50															3
2012	7	11	6	42	新竹市	新竹市1自由路95巷經國路路口379巷口			0	2	0	8	1	5	50	4	1	1	5	4	5	7	3	1	10	5	5	2	15	2
2012	7	11	8	46	新竹市	新竹市1公道五路二段399號						8			40															3
2012	7	11	9	19	新竹市	新竹市1光復路一段459巷31號						8			40															3
2012	7	11	10	22	新竹市	新竹市1南大路振興路路口						8			40															3
2012	7	12	7	20	新竹市	新竹市2西濱路南下73K處			0	2	0	8	1	5	50	14	11	1	5	4	5	7	4	4	3	4	4	1	13	2
2012	7	12	8	29	新竹市	新竹市1仁愛街世界街路口			0	2	0	8	1	5	50	4	1	1	5	4	5	7	4	4	10	5	5	2	15	2
2012	7	12	11	37	新竹市	新竹市2延平路一段161巷	24.804448	120.956337				8			50															3
2012	7	12	9	45	新竹市	新竹市1東園街1巷	24.8025545	120.9746646				8			50															3
2012	7	12	12	30	新竹市	新竹市1慈雲路埔頂路路口	24.7874802	121.0095148				8			50															3
2012	7	12	10	34	新竹市	新竹市3元培街197號	24.782849	120.9329361				8			50															3
2012	7	11	13	36	新竹市	新竹市2西大路888號	24.81244	120.954717				8			50															3
2012	7	11	2	25	新竹市	新竹市1南大路550巷	24.79509185	120.9708905				8			50															3
2012	7	11	14	37	新竹市	新竹市1東門街34巷	24.804433	120.973299	0	2	0	8	1	5	50	3	2	1	5	4	5	7	4	4	5	4	5	2	12	2
2012	7	11	18	29	新竹市	新竹市1光復路二段忠孝路路口	24.8001525	120.9896318	0	1	0	8	1	5	50	3	1	1	5	4	5	7	1	1	10	5	5	2	16	2
2012	7	12	17	55	新竹市	新竹市2東大路三段664號	24.8400261	120.9386463				8			50															3
2012	7	12	16	20	新竹市	新竹市3經國路三段牛埔路路口	24.7991891	120.9533827				8			50															3
2012	7	12	21	45	新竹市	新竹市1民權路198號	24.8101928	120.9734446	0	1	0	8	3	5	50	3	2	1	5	4	5	7	4	4	5	4	5	2	16	2
2012	7	12	21	27	新竹市	新竹市3景觀大道五福路路口	24.7544226	120.9559179	0	3	0	8	3	5	50	4	1	1	5	4	5	7	1	1	10	5	5	2	16	2
2012	7	12	7	45	新竹市	新竹市3香村路新香路高幹HD92號	24.7827482	120.9329203				8			50															3
2012	7	12	17	10	新竹市	新竹市3埔前路高幹D9186H75	24.7962876	120.9399018				8			50															3
2012	7	11	7	11	新竹市	新竹市2經國路二段北新街路口	24.8034591	120.9550289	0	2	0	8	1	5	50	3	1	1	5	4	5	7	2	1	10	5	5	2	16	2
2012	7	11	8	54	新竹市	新竹市1中正路96巷	24.8264011	121.085277	0	1	0	8	1	5	50	3	2	1	5	4	5	7	3	1	10	5	5	2	16	2
2012	7	12	16	21	新竹市	新竹市2經國路二段西大路路口			0	1	0	8	1	5	50	14	9	1	5	4	5	7	1	1	1	2	5	2	13	2
2012	7	12	17	39	新竹市	新竹市3五福路二段697號			0	1	0	8	1	5	50	14	9	1	5	4	5	7	4	4	10	5	5	2	12	2
2012	7	12	14	35	新竹市	新竹市1東門街51號	24.80398	120.973034	0	2	0	8	1	5	50	14	9	1	5	4	5	7	4	4	5	4	5	2	16	2
2012	7	13	13	30	新竹市	新竹市3香檳五街	24.77925155	120.9504576				8			50															3
2012	7	11	9	57	新竹市	新竹市1中華路二段641號	24.7986831	120.966572	0	1	0	8	1	5	50	14	9	1	5	4	5	7	4	4	5	4	5	1	3	2
2012	7	13	11	15	新竹市	新竹市2中華路三段振興路			0	1	0	8	1	5	50	4	1	1	5	4	5	7	2	1	10	5	5	2	16	2
2012	7	13	14	11	新竹市	新竹市1光復路二段公園路路口						8			50															3
2012	7	2	9	6	新竹市	新竹市1光復路一段園區一路						8			50															3
2012	7	2	10	45	新竹市	新竹市2東大路二段446巷	24.8227261	120.9636444				8			50															3
2012	7	12	17	44	新竹市	新竹市1光復路建功路路口	24.7873656	121.0096554	0	0	0	8	2	5	50	14	9	1	5	4	5	7	4	4	1	4	5	2	12	3
2012	7	13	19	46	新竹市	新竹市2延平路一段291巷	24.8024866	120.94977	0	1	0	8	3	5	50	3	1	1	5	4	5	7	4	4	10	5	5	2	16	2
2012	7	13	19	15	新竹市	新竹市1中華路二段439號	24.80200075	120.9716253				8			50															3
2012	7	11	12	15	新竹市	新竹市1中央路251號	24.80973655	120.977021				8			50															3
2012	7	12	11	12	新竹市	新竹市1高翠路103號	24.78155805	120.9863351	0	1	0	8	1	5	50	14	9	1	5	4	5	7	4	4	1	4	5	2	12	2
2012	7	11	13	37	新竹市	新竹市1光復路二段746號	24.79834225	120.9906022				8			50															3
2012	7	11	14	19	新竹市	新竹市2經國路二段延平路路口	24.8047718	120.9556443				8			50															3
2012	7	3	17	25	新竹市	新竹市1南大路402號	24.7977051	120.969502				8			50															3
2012	7	12	17	34	新竹市	新竹市1自由路1巷	24.813967	120.980569	0	2	0	8	1	5	40	3	1	1	5	4	5	7	4	4	10	5	5	2	16	2
2012	7	12	17	55	新竹市	新竹市1經國路二段自由路路口	24.8147153	120.9796905				8			50															3
2012	7	8	21	1	新竹市	新竹市1中華路二段火車站前廣場	24.8042903	120.9752282				8			50															3
2012	7	14	10	50	新竹市	新竹市1中華路二段14號	24.8091401	120.982283	0	1	0	8	1	5	50	14	9	1	5	4	5	7	4	4	1	4	5	2	12	2
2012	7	14	12	16	新竹市	新竹市3中華路五段722號						8			50															3
2012	7	13	16	34	新竹市	新竹市1東門街34巷	24.804433	120.973299				8			50															3
2012	7	4	13	48	新竹市	新竹市1長安街34號前	24.8058311	120.965624				8			40															3
2012	7	14	14	10	新竹市	新竹市1經國路一段公道五路路口	24.8150922	120.9852896				8			50															3