年	月	日	時	分	縣市	allLocation	GoogleLat	GoogleLng	死	受傷	2-30	天候	光線	道路類別	速限	道路型態	事故位置	路面鋪裝	路面狀態	路面缺陷	障礙物	視距	號誌種類	號誌動作	分向設施	快車道或一般車道間	快慢車道間	路面邊線	事故類型及型態	事故類別
2012	7	14	13	55	新竹市	新竹市2境福街41號	24.8165971	120.961193	0	2	0	8	1	5	50	11	9	1	5	4	5	7	4	4	10	5	5	1	10	2
2012	7	14	12	8	新竹市	新竹市1興學街50巷	24.797599	120.96701	0	2	0	8	1	5	50	4	1	1	5	4	5	7	4	4	10	5	5	2	15	2
2012	7	14	12	57	新竹市	新竹市2東大路四段80號	24.8428241	120.9336				8			50															3
2012	7	14	14	8	新竹市	新竹市1中華路一段經國路路口	24.8161395	120.9934274				8			50															3
2012	7	9	3	33	新竹市	新竹市2西大路462號	24.804513	120.963879	0	2	0	8	3	5	50	14	9	1	5	4	5	7	4	4	5	4	5	2	16	2
2012	7	14	14	11	新竹市	新竹市2興南街德成街路口	24.8008093	120.9634188				8			50															3
2012	7	14	15	24	新竹市	新竹市3高峰路177號前	24.78921005	120.9749029				8			40															3
2012	7	14	6	29	新竹市	新竹市2水田街經國路路口	24.812933	120.9658931				8			50															3
2012	7	14	19	29	新竹市	新竹市2東大路四段新港一路	24.8462581	120.9264122				8			50															3
2012	7	14	21	1	新竹市	新竹市2中山路112號	24.804421	120.965003				8			50															3
2012	7	14	20	57	新竹市	新竹市3中華路中山路	24.796563	120.9551932	0	2	0	8	3	5	50	4	1	1	5	4	5	7	2	1	10	5	5	2	16	2
2012	7	14	22	14	新竹市	新竹市2東大路二段武陵路路口	24.8171183	120.9658517				8			50															3
2012	7	15	3	18	新竹市	新竹市3中華路六段97巷	24.7354474	120.9129485	0	1	0	8	3	5	50	3	2	1	5	4	5	7	4	4	1	4	5	1	13	2
2012	7	12	16	35	新竹市	新竹市3竹香南路浸水北街路口	24.8029136	120.925211	0	1	0	8	1	5	50	4	1	1	5	4	5	7	4	4	10	5	5	2	16	2
2012	7	7	15	45	新竹市	新竹市2經國路二段35號	24.8131021	120.96671				8			50															3
2012	7	3	15	13	新竹市	新竹市1光復路一段526號	24.7924614	121.0067013	0	1	0	8	1	5	50	14	9	1	5	4	5	7	4	4	5	4	5	2	17	2
2012	7	7	8	8	新竹市	新竹市1寶山路植物園方向	23.8548668	120.983603	0	2	0	8	1	5	50	14	9	1	5	4	5	7	4	4	1	4	5	2	16	2
2012	7	10	4	0	新竹市	新竹市1中華路二段1號	24.809313	120.983476	0	1	0	8	1	5	50	5	2	1	5	4	5	7	2	1	10	5	5	2	20	2
2012	7	15	9	22	新竹市	新竹市2經國路二段425號	24.8068651	120.9570262	0	1	0	8	1	5	50	14	12	1	5	4	5	7	4	4	1	4	5	1	16	2
2012	7	15	13	23	新竹市	新竹市1光復路二段學府路路口	24.8009967	120.9870539				8			50															3
2012	7	15	14	45	新竹市	新竹市1食品路526號	24.794639	120.965667	0	1	0	8	1	5	50	14	8	1	5	4	5	7	4	4	9	4	4	2	17	2
2012	7	15	15	15	新竹市	新竹市1慈雲路埔頂二路路口	24.7874802	121.0095148				8			50															3
2012	7	15	15	40	新竹市	新竹市2德成街30號	24.800456	120.963912				8			50															3
2012	7	10	11	0	新竹市	新竹市1食品路1號	24.8019621	120.983299	0	1	0	8	1	5	50	14	9	1	5	4	5	7	4	4	5	4	5	2	10	2
2012	7	15	13	40	新竹市	新竹市3中華路四段246巷28號	24.795259	120.947128				8			40															3
2012	7	15	16	26	新竹市	新竹市1光復路一段526號	24.7924614	121.0067013				8			50															3
2012	7	15	17	15	新竹市	新竹市1寶山路380巷	24.7869717	120.9865578	0	1	0	8	1	5	50	4	1	1	5	4	5	7	3	1	1	5	5	2	16	2
2012	7	9	19	27	新竹市	新竹市1東門街56號	24.8042491	120.973049	0	3	0	8	3	5	50	14	9	1	5	4	5	7	4	4	5	4	5	2	3	2
2012	7	2	8	37	新竹市	新竹市1光復路二段286號	24.795241	120.999028				8			50															3
2012	7	14	11	20	新竹市	新竹市1中央路247號	24.809803	120.976798	0	1	0	8	1	5	50	14	9	1	5	4	5	7	4	4	4	4	5	2	12	2
2012	7	14	15	3	新竹市	新竹市1振興路振興一街	24.7950908	120.9597601				8			40															3
2012	7	15	19	10	新竹市	新竹市2天府路東大路路口291巷	24.8331464	120.9483426				8			50															3
2012	7	2	12	30	新竹市	新竹市3中華路四段38號	24.7967591	120.954349	0	1	0	8	1	5	50	14	8	1	5	4	5	7	4	4	3	4	4	2	17	2
2012	7	3	15	50	新竹市	新竹市1寶山路200巷	23.8548668	120.983603				8			50															3
2012	7	6	6	55	新竹市	新竹市2東大路三段397號	24.837218	120.942235	0	2	0	8	1	5	50	14	9	1	5	4	5	7	4	4	5	5	5	1	12	2
2012	7	12	7	47	新竹市	新竹市1關東路96號巷口	24.8104691	121.026894	0	1	0	8	1	5	50	3	1	1	5	4	5	7	4	4	10	5	5	2	13	2
2012	7	12	5	48	新竹市	新竹市2中正路308號	24.8132211	120.963952				8			50															3
2012	7	16	8	30	新竹市	新竹市3中華路五段620號	24.76882355	120.9163899	0	1	0	8	1	5	50	14	9	1	5	4	5	7	4	4	10	5	5	2	18	2
2012	7	15	9	30	新竹市	新竹市1寶山路200巷往園區方向	24.79994335	121.013726	0	1	0	8	1	5	50	13	9	1	5	4	5	1	4	4	1	4	5	2	16	2
2012	7	16	11	47	新竹市	新竹市2中華路三段202號	24.796829	120.956986				8			50															3
2012	7	12	16	10	新竹市	新竹市1中華路一段384巷口						8			50															3
2012	7	12	18	45	新竹市	新竹市3香檳五街香檳街口						8			50															3
2012	7	16	9	11	新竹市	新竹市1光復路二段740號			0	2	0	8	1	5	50	14	9	1	5	4	5	7	4	4	1	4	5	2	12	2
2012	7	7	7	30	新竹市	新竹市2延平路一段214巷			0	2	0	8	1	5	50	3	1	1	5	4	5	7	1	3	5	2	5	2	12	2
2012	7	15	23	30	新竹市	新竹市1振興一街102號前						8			30															3
2012	7	16	19	45	新竹市	新竹市1東光路190號			0	1	0	8	3	5	50	5	1	1	5	4	5	7	4	4	5	5	5	2	12	2
2012	7	16	17	45	新竹市	新竹市1光復路二段建中路路口						8			50															3
2012	7	9	11	24	新竹市	新竹市2東大路二段232巷			0	1	0	8	1	5	50	4	1	1	5	4	5	7	1	1	10	5	5	2	13	2
2012	7	9	14	46	新竹市	新竹市2北大路少年街路口			0	3	0	8	1	5	50	3	1	1	5	4	5	7	4	4	10	5	5	2	16	2
2012	7	9	18	20	新竹市	新竹市3內湖路南港街			0	1	0	8	2	5	50	3	2	1	5	4	5	7	1	1	5	5	5	2	10	2
2012	7	9	8	35	新竹市	新竹市1花園街97巷						8			50															3
2012	7	10	15	20	新竹市	新竹市1中華路東大路路口路橋下機車專用道往中華路方向						8			50															3
2012	7	10	18	41	新竹市	新竹市1南門街111巷6弄4號						8			40															3
2012	7	10	17	40	新竹市	新竹市1科學園路5號						8			50															3
2012	7	11	16	20	新竹市	新竹市2西大路561號			0	1	0	8	1	5	50	14	9	1	5	4	5	7	4	4	5	4	5	2	12	2
2012	7	10	18	37	新竹市	新竹市1金城一路35巷口弄						8			50															3
2012	7	12	7	45	新竹市	新竹市3景觀大道客雅大道			0	1	0	8	1	5	50	4	1	1	5	4	5	7	4	4	1	4	5	2	16	2
2012	7	10	20	40	新竹市	新竹市1南大路720-1號						8			50															3
2012	7	9	12	35	新竹市	新竹市1經國路一段鐵道路路口						8			50															3
2012	7	6	7	40	新竹市	新竹市1中華路二段703號			0	1	0	8	1	5	50	14	9	1	5	4	5	7	1	1	5	5	5	1	16	2
2012	7	16	7	17	新竹市	新竹市1高翠路299號						8			50															3
2012	7	16	10	30	新竹市	新竹市1大學路81巷3弄39號						8			40															3
2012	7	16	17	56	新竹市	新竹市2演藝路21號						8			50															3
2012	7	13	9	19	新竹市	新竹市1水源街87號						8			50															3
2012	7	17	8	0	新竹市	新竹市1金山22街金山南街口						8			50															3
2012	7	17	8	43	新竹市	新竹市1光復路二段南大路路口						8			50															3
2012	7	17	10	8	新竹市	新竹市1光復路一段371號						8			50															3
2012	7	13	14	2	新竹市	新竹市3牛埔路333號			0	2	0	8	1	5	50	11	8	1	5	4	5	7	3	1	5	5	4	2	13	2
2012	7	14	10	25	新竹市	新竹市2湳中街22巷						8			50															3
2012	7	14	12	43	新竹市	新竹市1光復路二段食品路路口			0	1	0	8	1	5	50	4	1	1	5	4	5	7	2	1	10	5	5	2	15	2
2012	7	16	15	0	新竹市	新竹市1光復路二段忠孝路路口						8			50															3
2012	7	8	5	41	新竹市	新竹市2西大路608號	24.80705715	120.9617415	0	1	0	8	3	5	50	14	9	1	5	4	5	7	4	4	5	4	5	2	12	2
2012	7	16	16	35	新竹市	新竹市1水源街愛買入口處	24.8031813	120.993022				8			50															3
2012	7	11	7	54	新竹市	新竹市1民生路211巷	24.811723	120.9758325	0	1	0	8	1	5	50	3	1	1	5	4	5	7	4	4	10	5	5	2	16	2
2012	7	12	11	53	新竹市	新竹市3延平路二段82號	24.80529	120.940207	0	1	0	8	1	5	50	14	9	1	5	4	5	7	4	4	5	5	5	2	12	2
2012	7	4	18	48	新竹市	新竹市1高翠路162巷	24.78155805	120.9863351				8			50															3
2012	7	4	17	50	新竹市	新竹市1公道五路三段溪埔路路口	24.78906635	121.0046317				8			50															3
2012	7	5	17	50	新竹市	新竹市1東門圓環中正路口	24.8044523	120.9702289	0	1	0	8	2	5	50	3	1	1	5	4	5	7	4	4	10	5	5	2	16	2
2012	7	12	17	50	新竹市	新竹市2中山路大同路路口	24.34623015	120.6264257				8			50															3
2012	7	13	9	56	新竹市	新竹市2東大路三段天府路路口	24.8331464	120.9483426	0	1	0	8	1	5	50	3	1	1	5	4	5	7	2	1	10	5	5	2	18	2
2012	7	17	19	1	新竹市	新竹市1中華路一段257-1號						8			50															3
2012	7	13	12	40	新竹市	新竹市2北大路西大路路口			0	2	0	8	1	5	50	4	1	1	5	4	5	7	2	1	10	5	5	2	15	2
2012	7	17	21	47	新竹市	新竹市3中華路國泰醫院前						8			50															3
2012	7	16	8	46	新竹市	新竹市1中華路一段78巷			0	1	0	8	1	5	50	3	1	1	5	4	5	7	2	1	10	5	5	2	13	2
2012	7	16	10	6	新竹市	新竹市1明湖路127號						8			50															3
2012	7	16	17	33	新竹市	新竹市1介壽路45號			0	1	0	8	1	5	50	14	9	1	4	4	5	7	4	4	1	4	5	2	16	2
2012	7	16	12	46	新竹市	新竹市1光復路二段321號						8			50															3
2012	7	17	21	7	新竹市	新竹市1經國路一段近公道五路約10公尺處						8			50															3
2012	7	18	1	18	新竹市	新竹市2天府路二段106號			0	1	0	8	3	5	50	14	9	1	5	4	5	7	4	4	1	4	5	1	18	2
2012	7	11	8	23	新竹市	新竹市1光復路二段大學路路口			0	3	0	8	1	5	50	5	1	1	5	4	5	7	2	1	10	5	5	2	15	2
2012	7	17	17	0	新竹市	新竹市1興學街39號						8			50															3
2012	7	18	9	20	新竹市	新竹市1中華路一段384巷						8			50															3
2012	7	17	11	35	新竹市	新竹市1中華路一段155號						8			50															3
2012	7	18	10	10	新竹市	新竹市1光復路二段289號						8			50															3
2012	7	18	12	20	新竹市	新竹市2鐵道路台大醫院旁			0	1	0	8	1	5	50	14	9	1	5	4	5	7	4	4	9	5	5	2	16	2
2012	7	1	11	45	新竹市	新竹市1南大路117號						8			50															3
2012	7	5	11	30	新竹市	新竹市1慈雲路埔頂路路口			0	1	0	8	1	5	50	4	1	1	5	4	5	7	1	1	10	5	5	2	16	2
2012	7	7	9	30	新竹市	新竹市1公道五路二段172號						8			50															3
2012	7	7	11	42	新竹市	新竹市3柴橋路355號						8			50															3
2012	7	7	16	35	新竹市	新竹市1西大路72巷88號			0	1	0	8	1	5	50	14	9	1	5	4	5	7	4	4	10	5	5	2	29	2
2012	7	18	6	43	新竹市	新竹市1經國路二段民權路路口			0	2	0	8	1	5	50	4	1	1	5	4	5	7	2	1	10	5	5	2	15	2
2012	7	18	7	57	新竹市	新竹市1中華路一段2巷往中華路方向			0	2	0	8	1	5	50	3	1	1	5	4	5	7	3	1	10	5	5	2	12	2
2012	7	11	9	47	新竹市	新竹市1光復路一段459巷Feb-43號						8			40															3
2012	7	17	16	20	新竹市	新竹市1三民路民生路路口						8			50															3
2012	7	17	18	49	新竹市	新竹市1光復路二段公園路路口						8			50															3
2012	7	17	18	10	新竹市	新竹市1忠孝路434巷18號						8			50															3
2012	7	18	8	10	新竹市	新竹市2經國路二段501巷49號			0	1	0	8	1	5	40	4	2	1	5	4	5	7	4	4	10	5	5	2	11	2
2012	7	17	8	40	新竹市	新竹市2北門街勝利路路口						8			50															3
2012	7	18	8	55	新竹市	新竹市2民富街138號旁巷口						8			50															3
2012	7	17	10	30	新竹市	新竹市1忠孝路276巷						8			50															3
2012	7	17	22	50	新竹市	新竹市2西大路北大路路口						8			50															3
2012	7	18	14	40	新竹市	新竹市1光復路一段慈雲路路口			0	1	0	8	1	5	50	3	1	1	5	4	5	7	4	4	1	2	5	2	16	2
2012	7	18	17	52	新竹市	新竹市1文化街東門圓環						8			50															3
2012	7	18	19	57	新竹市	新竹市2經國路愛文街路口			0	1	0	8	3	5	50	4	1	1	5	4	5	7	3	1	10	5	5	2	12	2
2012	7	18	20	7	新竹市	新竹市1大學路81巷						8			50															3
2012	7	17	8	5	新竹市	新竹市1中華路二段火車站出口處						8			50															3
2012	7	17	11	50	新竹市	新竹市1培英街29巷14號	24.796534	120.978684	0	2	0	8	1	5	40	4	1	1	5	4	5	7	4	4	10	5	5	2	15	2
2012	7	17	13	0	新竹市	新竹市1千甲路2月1日號	24.8139744	121.0354323				8			50															3
2012	7	18	18	30	新竹市	新竹市1中華路二段341號	24.80345445	120.9739224	0	1	0	8	1	5	50	14	9	1	5	4	5	7	4	4	5	4	5	2	16	2
2012	7	17	17	29	新竹市	新竹市1光復路一段335巷17弄12號前5公尺處	24.781344	121.026263				8			40															3
2012	7	19	0	37	新竹市	新竹市3元培街國中街口	24.7845993	120.9311301				8			50															3
2012	7	17	18	34	新竹市	新竹市1光復路二段東光路路口	24.8011347	120.9870763				8			50															3
2012	7	18	19	20	新竹市	新竹市2中山路大同路路口	24.34623015	120.6264257	0	1	0	7	3	5	50	4	1	1	5	4	5	7	3	1	10	5	5	2	3	2
2012	7	19	2	41	新竹市	新竹市2光華二街鐵道路路口	24.8198055	120.961431																						3
2012	7	17	9	37	新竹市	新竹市1光復路二段金城一路路口	24.7932831	121.001211				8			50															3
2012	7	16	12	13	新竹市	新竹市3牛埔東路33巷經國路路口92巷口			0	1	0	8	1	5	50	3	1	1	5	4	5	7	4	4	10	5	5	2	16	2
2012	7	18	8	10	新竹市	新竹市2經國路二段城北街路口			0	1	0	8	1	5	50	4	1	1	5	4	5	7	2	1	10	5	5	2	16	2
2012	7	19	8	50	新竹市	新竹市2湳雅街溪州橋上往市區			0	1	0	8	1	5	50	14	9	1	5	4	5	7	4	4	4	5	5	2	13	2
2012	7	19	9	45	新竹市	新竹市1光復路二段大學路路口						8			50															3
2012	7	17	16	17	新竹市	新竹市1西大路高峰路路口						8			50															3
2012	7	16	15	18	新竹市	新竹市1光復路二段386號						8			50															3
2012	7	11	10	53	新竹市	新竹市1中華路二段400號			0	1	0	8	1	5	50	14	9	1	5	4	5	7	4	4	5	4	5	2	12	2
2012	7	17	12	19	新竹市	新竹市3牛埔東路155號			0	1	0	8	1	5	50	14	9	1	5	4	5	7	4	4	5	5	5	1	17	2
2012	7	11	12	14	新竹市	新竹市2經國路二段160號			0	1	0	8	1	5	50	3	2	1	5	4	5	7	4	4	1	4	4	1	17	2
2012	7	16	14	12	新竹市	新竹市3中華路四段569號						8			40															3
2012	7	19	11	38	新竹市	新竹市1光復路二段食品路路口						8			50															3
2012	7	19	11	20	新竹市	新竹市1復興路南門醫院前						8			50															3
2012	7	11	13	39	新竹市	新竹市1建新路31號			0	1	0	8	1	5	50	4	2	1	5	4	5	7	1	1	5	4	5	1	12	2
2012	7	19	13	10	新竹市	新竹市1學府路78號			0	2	0	8	1	5	50	14	18	1	5	4	5	7	4	4	5	4	5	1	3	2
2012	7	19	9	10	新竹市	新竹市1慈雲路250巷學府路路口275巷						8			40															3
2012	7	19	11	0	新竹市	新竹市1水源街光復路路口						8			50															3
2012	7	19	12	40	新竹市	新竹市2北大路466號			0	1	0	8	1	5	50	14	9	1	5	4	5	7	4	4	5	4	5	2	3	2
2012	7	17	16	0	新竹市	新竹市1經國路一段409巷口弄						8			50															3
2012	7	19	14	35	新竹市	新竹市2崧嶺路36號	24.79524925	120.9558405	0	1	0	8	1	5	50	5	1	1	5	4	5	7	4	4	10	5	5	2	16	2
2012	7	19	10	0	新竹市	新竹市1光復路二段3號	24.7917791	121.002302	0	1	0	8	1	5	50	14	9	1	5	4	5	7	4	4	1	4	5	2	12	2
2012	7	18	8	25	新竹市	新竹市1食品路體育街路口	24.8018053	120.9829618				8			50															3
2012	7	19	8	49	新竹市	新竹市3西濱快速道路香山匝道	29.857088	121.5551922				8			80															3
2012	7	19	11	17	新竹市	新竹市1寶山路145巷27號	24.7926471	120.9775536				8			40															3
2012	7	19	15	30	新竹市	新竹市1食品路326巷7弄	24.794202	120.97022				8			40															3
2012	7	12	8	20	新竹市	新竹市1埔頂一路慈濟路路口	24.7919685	121.0148844				8			50															3
2012	7	19	12	12	新竹市	新竹市1中華路二段SOGO百貨公司前	24.8042903	120.9752282	0	1	0	8	1	5	50	14	9	1	5	4	5	7	4	4	10	4	5	2	16	2
2012	7	18	8	34	新竹市	新竹市2四維路76號	24.796531	120.964237	0	1	0	8	1	5	50	14	9	1	5	4	5	7	4	4	5	4	5	2	13	2
2012	7	18	8	40	新竹市	新竹市2民富街293號	24.8011886	120.9567001	0	1	0	8	1	5	50	3	2	1	5	4	5	7	4	4	10	5	5	2	17	2
2012	7	9	17	50	新竹市	新竹市1中華路一段78巷	24.8176705	120.9933049				8			50															3
2012	7	19	20	26	新竹市	新竹市2西大路728-2號	24.8043631	120.96355	0	1	0	7	3	5	50	14	9	1	5	4	5	7	4	4	9	5	5	2	16	2
2012	7	9	10	40	新竹市	新竹市1中華路火車站前	24.8161395	120.9934274	0	1	0	8	1	5	50	14	9	1	5	4	5	7	1	1	5	4	5	2	13	2
2012	7	19	22	35	新竹市	新竹市1民族路29號	24.8038391	120.971955	0	1	0	7	3	5	50	14	9	1	5	4	5	7	4	4	5	5	5	2	17	2
2012	7	20	1	2	新竹市	新竹市2東大路三段吉羊路路口	24.8256414	120.9566902	0	1	0	8	3	5	50	3	1	1	5	4	5	7	3	1	10	5	5	2	16	2
2012	7	19	14	50	新竹市	新竹市2中山路101號	24.804139	120.964932				8			50															3
2012	7	12	16	26	新竹市	新竹市2林森路169號	24.7992741	120.964894	0	2	0	8	1	5	50	14	9	1	5	4	5	7	4	4	10	4	5	1	16	2
2012	7	20	7	42	新竹市	新竹市1赤土崎一街	24.8004098	120.9972123	0	1	0	8	1	5	50	14	9	1	5	4	5	7	4	4	5	5	5	2	21	2
2012	7	20	6	45	新竹市	新竹市1高翠路9弄	24.7801581	120.986596	0	1	0	8	1	5	50	3	1	1	5	4	5	5	4	4	1	4	5	2	16	2
2012	7	20	7	55	新竹市	新竹市1光復路一段89巷新科街口	24.7813346	121.0239894				8			50															3
2012	7	17	13	26	新竹市	新竹市1金山11街金山南街	24.7761349	121.0218337				8			40															3
2012	7	17	14	40	新竹市	新竹市1中華路一段39號	24.8174371	120.995449				8			50															3
2012	7	18	13	37	新竹市	新竹市1公道五路212巷	24.8019741	121.0001719				8			50															3
2012	7	18	14	45	新竹市	新竹市2中山路479號	24.79974815	120.9576127	0	1	0	8	1	5	50	14	9	1	5	4	5	7	4	4	5	5	5	1	17	2
2012	7	20	8	14	新竹市	新竹市1寶山路高峰植物園前	23.8548668	120.983603				8			50															3
2012	7	12	10	57	新竹市	新竹市1西大路190號	24.7976941	120.969121	0	1	0	8	1	5	50	14	9	1	5	4	5	7	4	4	5	4	5	1	12	2
2012	7	20	12	25	新竹市	新竹市2經國路二段西大路路口	24.8091112	120.9601481	0	1	0	8	1	5	50	4	1	1	5	4	5	7	1	1	10	5	5	2	16	2
2012	7	20	12	25	新竹市	新竹市1食品路301號	24.7948185	120.9725276				8			50															3
2012	7	20	9	57	新竹市	新竹市1中華路一段2巷	24.8193477	120.9955776				8			50															3
2012	7	11	15	53	新竹市	新竹市3景觀大道香檳街口附近	24.782637	120.9546454	0	1	0	8	1	5	50	3	1	1	5	4	5	7	4	4	10	5	5	2	16	2
2012	7	20	14	45	新竹市	新竹市1光復路一段526號						8			50															3
2012	7	20	15	1	新竹市	新竹市1建功一路246號			0	2	0	8	1	5	50	14	9	1	5	4	5	7	4	4	5	4	5	2	3	2
2012	7	20	19	25	新竹市	新竹市1經國橋往竹北						8			50															3
2012	7	15	12	20	新竹市	新竹市1寶山路247號			0	2	0	8	1	5	50	11	9	1	5	4	5	1	4	4	1	4	5	2	26	2
2012	7	20	21	6	新竹市	新竹市3景觀大道茄東交流道						8			70															3
2012	7	16	15	8	新竹市	新竹市2北大路308號						8			50															3
2012	7	16	16	45	新竹市	新竹市1食品路1號體育街路口			0	1	0	8	1	5	50	3	1	1	5	4	5	7	4	4	10	5	5	2	16	2
2012	7	9	19	6	新竹市	新竹市1光復路一段586號旁			0	1	0	8	3	5	50	14	9	1	5	4	5	7	4	4	3	4	5	2	16	2
2012	7	8	20	15	新竹市	新竹市2西門街82號對面車道						8			50															3
2012	7	9	14	8	新竹市	新竹市1經國路一段民主路路口			0	2	0	8	1	5	50	4	1	1	5	4	5	7	1	1	10	5	5	2	16	2
2012	7	21	8	36	新竹市	新竹市1高峰路164巷						8			50															3
2012	7	21	10	54	新竹市	新竹市1埔頂路318號對面						8			50															3
2012	7	8	11	7	新竹市	新竹市3玄奘路53巷旁						8			50															3
2012	7	11	17	15	新竹市	新竹市2湳中街鐵道路路口			0	1	0	8	1	5	50	3	1	1	5	4	5	7	3	1	10	5	5	2	13	2
2012	7	21	9	28	新竹市	新竹市2天府路一段中清一路路口			0	1	0	8	1	5	50	3	2	1	5	4	5	7	1	1	10	5	5	2	13	2
2012	7	21	10	30	新竹市	新竹市2水田街經國路路口						8			50															3
2012	7	21	11	45	新竹市	新竹市1東南街食品路路口			0	1	0	8	1	5	50	4	2	1	5	4	5	7	1	1	10	5	5	2	16	2
2012	7	21	14	59	新竹市	新竹市1光復路二段公園路路口						8			50															3
2012	7	21	14	19	新竹市	新竹市2民富街城北街路口			0	1	0	8	1	5	50	4	1	1	5	4	5	7	1	1	10	5	5	2	15	2
2012	7	10	14	46	新竹市	新竹市1慈雲路250巷33弄Jan-35號旁	24.79311235	121.0115108				8			40															3
2012	7	6	8	31	新竹市	新竹市1中華路一段102號	24.812452	121.005458	0	1	0	8	1	5	50	15	9	1	5	4	5	7	4	4	3	4	5	1	12	2
2012	7	6	11	40	新竹市	新竹市1民族路33-58號	24.805422	120.971376	0	2	0	8	1	5	50	15	9	1	5	4	5	7	4	4	10	5	5	2	3	2
2012	7	6	17	45	新竹市	新竹市1光復路一段118號	24.781654	121.023654				8			50															3
2012	7	7	21	21	新竹市	新竹市3中華路六段香山交流道南下入口	24.7354474	120.9129485	0	1	0	8	3	5	50	4	1	1	5	4	5	7	1	1	10	5	5	2	16	2
2012	7	8	19	20	新竹市	新竹市1關東路關新西街	24.7893739	121.020151	0	1	0	8	3	5	50	3	1	1	5	4	5	7	4	4	10	5	5	2	12	2
2012	7	9	16	52	新竹市	新竹市2中華路三段21號	24.796888	120.963184	0	0	0	8	2	5	50	14	9	1	5	4	5	7	4	4	1	2	4	1	12	3
2012	7	21	21	16	新竹市	新竹市1東前街43號	24.803991	120.967459	0	0	0	8	3	5	50	14	9	1	5	4	5	7	4	4	9	4	5	2	12	3
2012	7	22	1	13	新竹市	新竹市1中華路東門街路口	24.8040923	120.9749115				8			50															3
2012	7	10	7	15	新竹市	新竹市1介壽路	24.7757408	121.0167883	0	2	0	8	1	5	50	15	9	1	5	4	5	7	4	4	1	4	5	2	12	2
2012	7	10	9	25	新竹市	新竹市1高峰路55巷	24.7930373	120.9733029	0	2	0	8	1	5	50	3	1	1	5	4	5	7	4	4	9	5	5	2	16	2
2012	7	21	15	5	新竹市	新竹市1南大路441號	24.7957511	120.967149				8			50															3
2012	7	19	8	29	新竹市	新竹市1公道五路二段359號	24.80357935	120.9961211				8			50															3
2012	7	22	12	40	新竹市	新竹市1光復路一段529號	24.7924614	121.0067013				8			50															3
2012	7	22	8	25	新竹市	新竹市2東大路四段新港二路口	24.8462581	120.9264122	0	1	0	8	1	5	50	4	1	1	5	4	5	7	4	4	10	5	5	2	16	2
2012	7	22	12	54	新竹市	新竹市3大庄路116巷	24.791397	120.925981	0	1	0	8	1	5	50	4	1	1	5	4	5	7	4	4	10	5	5	2	16	2
2012	7	22	14	49	新竹市	新竹市1東大路一段南大路路口	24.8025545	120.9746646				8			50															3
2012	7	19	9	8	新竹市	新竹市1光復路二段858號	24.8027721	120.982868	0	1	0	8	1	5	50	14	9	1	5	4	5	7	4	4	10	4	5	2	18	2
2012	7	21	5	16	新竹市	新竹市2中山路大同路路口	24.34623015	120.6264257	0	1	0	8	2	5	50	4	1	1	5	4	5	7	3	1	10	5	5	2	15	2
2012	7	10	10	48	新竹市	新竹市3南港街101巷23弄190號	24.73610715	120.8946351	0	1	0	8	1	5	50	12	9	1	5	4	5	7	4	4	10	5	5	2	8	2
2012	7	18	10	0	新竹市	新竹市3元培街306號	24.7777953	120.9404076				8			40															3
2012	7	22	21	10	新竹市	新竹市1光復路二段(清大郵局前)	24.7932831	121.001211				8			50															3
2012	7	22	20	41	新竹市	新竹市1民生路149號	24.8102915	120.976778	0	1	0	8	3	5	50	14	9	1	5	4	5	7	4	4	5	4	5	1	12	2
2012	7	22	21	38	新竹市	新竹市1公園路光復路路口	24.7873656	121.0096554	0	1	0	8	3	5	50	5	1	1	5	4	5	7	1	1	10	5	5	2	18	2
2012	7	21	20	45	新竹市	新竹市3牛埔東路275巷育德街路口			0	1	0	8	3	5	50	4	1	1	5	4	5	7	4	4	10	5	5	2	15	2
2012	7	20	8	40	新竹市	新竹市3柴橋路明湖路口			0	1	0	8	1	5	50	3	1	1	5	4	5	7	1	1	10	5	5	2	16	2
2012	7	20	14	4	新竹市	新竹市1經國路一段828號						8			50															3
2012	7	18	7	53	新竹市	新竹市3中華路四段559-1號			0	1	0	8	1	5	50	14	9	1	5	4	5	7	4	4	1	4	4	2	16	2
2012	7	22	23	0	新竹市	新竹市1北大路306號	24.8068321	120.962934				8			50															3
2012	7	22	19	31	新竹市	新竹市3中華路四段202號	24.795716	120.94929	0	2	0	8	3	5	50	14	9	1	5	4	5	7	4	4	1	4	5	2	12	2
2012	7	19	16	20	新竹市	新竹市1東光路209號	24.80678365	120.9856122	0	1	0	8	1	5	50	14	9	1	5	4	5	7	4	4	5	4	5	2	16	2
2012	7	23	7	26	新竹市	新竹市1中華路二段10巷	24.80896535	120.9825236	0	0	0	8	1	5	50	3	1	1	5	4	5	7	3	1	10	5	5	2	16	3
2012	7	22	11	5	新竹市	新竹市1中正路57號	24.8046341	120.969849	0	1	0	8	1	5	50	14	9	1	5	4	5	7	4	4	5	4	5	2	13	2
2012	7	22	16	0	新竹市	新竹市2北大路410號	24.804022	120.960298				8			50															3
2012	7	22	15	49	新竹市	新竹市1公園路300號	24.80262745	120.9790609				8			50															3
2012	7	23	11	16	新竹市	新竹市2西大路582巷14號	24.806972	120.962639	0	2	0	8	1	5	40	4	1	1	5	4	5	7	4	4	10	5	5	2	16	2
2012	7	23	10	32	新竹市	新竹市1林森路116號	24.8003411	120.966097				8			50															3
2012	7	23	15	42	新竹市	新竹市1介壽路45號	24.778825	121.019848	0	2	0	8	1	5	50	4	1	1	5	4	5	7	2	1	10	5	5	2	16	2
2012	7	23	5	50	新竹市	新竹市1關新路關新北路口	24.7842919	121.0181496				6			50															3
2012	7	23	17	10	新竹市	新竹市1中央路189號						8			50															3
2012	7	23	19	50	新竹市	新竹市1光復路一段長春街路口						8			50															3
2012	7	17	12	25	新竹市	新竹市1金山16街金山北二街口						8			40															3
2012	7	22	18	20	新竹市	新竹市1武昌街51號						8			50															3
2012	7	19	9	0	新竹市	新竹市1建功一路51巷口弄						8			50															3
2012	7	18	8	15	新竹市	新竹市1新莊街169號						8			50															3
2012	7	18	9	25	新竹市	新竹市1光復路一段302巷口弄						8			50															3
2012	7	19	12	45	新竹市	新竹市2竹光路208號						8			40															3
2012	7	19	11	0	新竹市	新竹市1水源街光復路路口						8																		3
2012	7	19	9	30	新竹市	新竹市1中華路一段33號						8			50															3
2012	7	18	9	40	新竹市	新竹市1中華路一段民主路路口						8			50															3