年	月	日	時	分	縣市	allLocation	GoogleLat	GoogleLng	死	受傷	2-30	天候	光線	道路類別	速限	道路型態	事故位置	路面鋪裝	路面狀態	路面缺陷	障礙物	視距	號誌種類	號誌動作	分向設施	快車道或一般車道間	快慢車道間	路面邊線	事故類型及型態	事故類別
2012	7	11	15	0	新竹市	新竹市2仁德街105號						8			50															3
2012	7	20	16	45	新竹市	新竹市1關新路關東路路口	24.7842919	121.0181496	0	2	0	8	1	5	50	4	1	1	5	4	5	7	2	1	10	5	5	2	16	2
2012	7	21	12	0	新竹市	新竹市1食品路378巷	24.79385345	120.9690787				8			50															3
2012	7	21	9	35	新竹市	新竹市1經國路民生路路口	24.813089	120.9758769				8			50															3
2012	7	21	11	25	新竹市	新竹市1北大路2月24日號	24.808452	120.965671				8			50															3
2012	7	24	6	25	新竹市	新竹市2尚濱路66號	24.84272545	120.9282186	0	1	0	8	1	5	50	3	1	1	5	4	5	7	4	4	10	5	5	2	16	2
2012	7	24	10	23	新竹市	新竹市1南大路竹蓮街路口	24.7981942	120.9706866				8			50															3
2012	7	13	9	35	新竹市	新竹市1光復路一段525巷65號	24.78248	121.013565				8			50															3
2012	7	14	13	56	新竹市	新竹市2西門街68號	24.8023961	120.964548				8			50															3
2012	7	14	16	57	新竹市	新竹市3延平路二段78號	24.8052582	120.9410568	0	1	0	8	1	5	50	15	9	1	5	4	5	7	4	4	10	5	5	2	16	2
2012	7	24	9	15	新竹市	新竹市1高峰路221巷2號	24.7849362	120.9799274	0	1	0	8	1	5	40	11	9	1	5	4	5	7	4	4	5	4	5	2	11	2
2012	7	24	15	0	新竹市	新竹市1東園街41號	24.7990408	120.9854427				8			50															3
2012	7	24	9	50	新竹市	新竹市1中華路一段太原路路口	37.8545931	112.5517968	0	2	0	8	1	5	50	4	2	1	5	4	5	7	1	1	1	4	5	2	16	2
2012	7	24	14	20	新竹市	新竹市1南大路408巷口弄	24.81934205	120.983214				8			50															3
2012	7	23	11	5	新竹市	新竹市2經國路二段411號	24.8072132	120.9573774				8			50															3
2012	7	24	14	10	新竹市	新竹市1東光橋上	23.62822615	120.8678953				8			50															3
2012	7	23	14	20	新竹市	新竹市1光復路二段建中路路口	24.7988758	120.9935293	0	1	0	8	1	5	50	3	1	1	5	4	5	7	1	1	10	5	5	2	16	2
2012	7	23	17	0	新竹市	新竹市1光復路一段576巷3弄	24.7920721	121.007331				8			50															3
2012	7	23	18	21	新竹市	新竹市1建新路23號	24.798507	120.996976				8			50															3
2012	7	19	2	35	新竹市	新竹市3元培街333號	24.778599	120.939437				8			50															3
2012	7	19	13	14	新竹市	新竹市1建功一路42巷口	24.81808385	120.9947818				8			50															3
2012	7	23	17	38	新竹市	新竹市1公道五路台肥廠旁	24.8150922	120.9852896	0	1	0	8	1	5	50	14	9	1	5	4	5	7	4	4	1	4	3	2	29	2
2012	7	20	10	20	新竹市	新竹市3景觀大道柴橋路路口	24.7597091	120.9584529				8			50															3
2012	7	24	18	30	新竹市	新竹市1埔頂路慈雲路路口						8			50															3
2012	7	20	12	30	新竹市	新竹市1中華路二段10巷口						8			50															3
2012	7	24	19	15	新竹市	新竹市1頂埔路336號						8			50															3
2012	7	12	12	35	新竹市	新竹市1西大路169號			0	1	0	8	1	5	50	14	9	1	5	4	5	7	4	4	5	2	5	1	1	2
2012	7	20	7	50	新竹市	新竹市1中華路五段420巷口			0	1	0	8	1	5	50	3	1	1	5	4	5	7	2	1	10	5	5	2	16	2
2012	7	15	9	12	新竹市	新竹市2中華路三段50號						8			50															3
2012	7	24	21	55	新竹市	新竹市1光復路一段關東路路口			0	1	0	6	3	5	50	3	1	1	4	4	5	7	2	1	10	5	5	2	18	2
2012	7	15	10	50	新竹市	新竹市1光復路一段360-7號			0	2	0	8	1	5	50	14	9	1	5	4	5	7	4	4	5	4	5	2	12	2
2012	7	15	17	19	新竹市	新竹市1經國路一段85號			0	1	0	8	2	5	50	14	9	1	5	4	5	7	4	4	1	4	5	1	13	2
2012	7	22	6	55	新竹市	新竹市1自由路107號						8			50															3
2012	7	22	9	10	新竹市	新竹市2東大路二段武陵路路口						8			50															3
2012	7	22	17	50	新竹市	新竹市1東明街212號						8			50															3
2012	7	23	8	10	新竹市	新竹市2經國路二段平和街路口						8			50															3
2012	7	24	6	30	新竹市	新竹市1中華路一段鐵道路路口			0	2	0	8	1	5	50	4	1	1	5	4	5	7	1	1	10	5	5	2	15	2
2012	7	19	12	11	新竹市	新竹市1南大路846巷						8			40															3
2012	7	24	20	10	新竹市	新竹市1信義街、圓環路口			0	2	0	6	3	5	40	14	9	4	4	4	5	7	4	4	10	5	5	2	3	2
2012	7	23	12	0	新竹市	新竹市1北大路374號						8			50															3
2012	7	3	17	40	新竹市	新竹市1高峰路432巷口弄						8			50															3
2012	7	16	22	1	新竹市	新竹市1食品路277號	24.7951281	120.973522	0	1	0	8	3	5	50	14	9	1	5	4	5	7	4	4	5	5	4	1	12	2
2012	7	25	2	0	新竹市	新竹市2武陵路386號	24.825181	120.971712				6			50															3
2012	7	6	22	22	新竹市	新竹市3經國路三段97號	24.797946	120.953223				8			50															3
2012	7	9	18	1	新竹市	新竹市2東大路四段海濱路路口	24.8457734	120.9275047	0	1	0	8	2	5	50	4	1	1	5	4	5	7	3	1	10	5	5	2	15	2
2012	7	9	20	46	新竹市	新竹市1東大路一段南大路路口	24.8025545	120.9746646				8			50															3
2012	7	10	18	28	新竹市	新竹市2北大路410號	24.804022	120.960298	0	2	0	8	1	5	50	14	9	1	5	4	5	7	4	4	5	4	5	2	13	2
2012	7	25	10	5	新竹市	新竹市2西濱路一段2巷	24.83794545	120.9336942				8			50															3
2012	7	25	8	50	新竹市	新竹市2德成街興南公園	24.8010841	120.964699	0	2	0	8	1	5	50	4	1	1	5	4	5	7	4	4	10	5	5	2	15	2
2012	7	14	9	24	新竹市	新竹市1慈雲路埔頂二路路口	24.7874802	121.0095148				8			50															3
2012	7	16	9	2	新竹市	新竹市1經國路一段17號	24.8156229	120.9924372				8			50															3
2012	7	22	5	43	新竹市	新竹市1金山街介壽路路口						8			50															3
2012	7	22	20	29	新竹市	新竹市1慈濟路埔頂路路口						8			50															3
2012	7	25	12	35	新竹市	新竹市1南大路95號			0	1	0	8	1	5	50	14	9	1	5	4	5	7	4	4	9	5	5	2	16	2
2012	7	17	18	57	新竹市	新竹市1南大路140巷東大路路口11巷口			0	2	0	8	3	5	40	4	1	1	5	4	5	7	4	4	10	5	5	2	15	2
2012	7	12	18	4	新竹市	新竹市1民權路北大路路口			0	2	0	8	3	5	50	4	1	1	5	4	5	7	2	1	10	5	5	2	16	2
2012	7	13	22	50	新竹市	新竹市3中山路中華路路口			0	2	0	8	3	5	50	4	1	1	5	4	5	7	2	1	10	5	5	2	15	2
2012	7	13	19	29	新竹市	新竹市1南大路762號						8			50															3
2012	7	14	13	20	新竹市	新竹市1慈雲路公道五路路口			0	1	0	8	1	5	50	3	1	1	5	4	5	7	2	1	10	5	5	2	13	2
2012	7	25	8	22	新竹市	新竹市1光復路一段525巷路燈20417號			0	2	0	8	1	5	40	11	9	1	5	4	5	7	4	4	10	5	5	2	10	2
2012	7	25	12	11	新竹市	新竹市1光復路一段236巷6號			0	1	0	8	1	5	50	3	1	1	5	4	5	7	4	4	10	5	5	2	16	2
2012	7	14	14	10	新竹市	新竹市1高峰路91號			0	1	0	8	1	5	50	3	1	1	5	4	5	7	4	4	10	5	5	2	16	2
2012	7	25	12	37	新竹市	新竹市2光華東街22巷						8			50															3
2012	7	14	16	30	新竹市	新竹市2湳雅街光華街路口			0	1	0	8	1	5	50	3	1	1	5	4	5	7	2	1	10	5	5	2	16	2
2012	7	14	21	46	新竹市	新竹市3景觀大道牛埔東路路口						8			50															3
2012	7	25	19	27	新竹市	新竹市2中華路三段林森路路口						8			50															3
2012	7	25	21	30	新竹市	新竹市2延平路一段55號	24.803066	120.960633	0	2	0	8	3	5	40	14	9	1	5	4	5	7	4	4	10	5	5	2	6	2
2012	7	25	20	57	新竹市	新竹市2光華東街43號巷口	24.8834297	121.1724483	0	1	0	8	3	5	50	4	1	1	5	4	5	7	4	4	10	5	5	2	13	2
2012	7	24	17	15	新竹市	新竹市1寶山路100號	24.79286295	120.9747659				8			50															3
2012	7	25	23	59	新竹市	新竹市2經國路二段11號	24.813465	120.967222				8			50															3
2012	7	15	10	47	新竹市	新竹市3香村路41號	24.7616803	120.9426243	0	1	0	8	1	5	40	14	9	1	5	4	5	7	4	4	10	5	5	2	13	2
2012	7	23	15	20	新竹市	新竹市3中華路五段120號	24.7865254	120.9243344				8			50															3
2012	7	21	14	25	新竹市	新竹市1金山10街金山南街口	39.03076985	106.3538138				8			40															3
2012	7	4	3	27	新竹市	新竹市2延平路一段190號	24.804916	120.955913	0	1	0	8	1	5	50	14	9	1	5	4	5	7	1	1	5	5	5	1	13	2
2012	7	18	19	24	新竹市	新竹市2竹光路351號	24.806924	120.9530883	0	1	0	8	3	5	50	14	9	1	5	4	5	7	4	4	5	5	5	1	12	2
2012	7	26	12	0	新竹市	新竹市1介壽路光復路路口	24.7818596	121.0211214				6			50															3
2012	7	26	12	41	新竹市	新竹市2北門街24號	24.805569	120.966149				8			50															3
2012	7	26	12	37	新竹市	新竹市1公道五路三段經國路路口	24.8150922	120.9852896				8			50															3
2012	7	26	6	30	新竹市	新竹市1高峰路386巷71弄6號	24.7783311	120.979617				8			50															3
2012	7	26	14	50	新竹市	新竹市2中正路467號	24.8159161	120.958895							50															3
2012	7	26	14	0	新竹市	新竹市1中華路二段民權路路口	24.8055397	120.9770756				8			50															3
2012	7	26	13	42	新竹市	新竹市1田美三街35號	24.81551485	120.9768927				8			50															3
2012	7	26	15	40	新竹市	新竹市2吉羊路124巷10號	24.823397	120.9541967				8			50															3
2012	7	26	15	10	新竹市	新竹市1經國路一段121號	24.815104	120.988765	0	1	0	8	1	5	50	14	9	1	5	4	5	7	4	4	1	2	4	2	13	2
2012	7	26	19	40	新竹市	新竹市1西大路87號	24.7960005	120.9708804	0	1	0	7	3	5	50	14	9	1	5	4	5	7	4	4	5	4	5	1	16	2
2012	7	26	19	4	新竹市	新竹市3中華路六段香山陸橋上往市區方向	24.7532514	120.9101886	0	1	0	8	3	5	50	8	9	1	5	4	5	7	4	4	1	4	5	2	12	2
2012	7	26	18	0	新竹市	新竹市2光華街光華北街路口	24.8179101	120.9746821				8			50															3
2012	7	25	17	37	新竹市	新竹市1中華路一段2巷1號	24.8232961	120.981945				8			50															3
2012	7	26	20	5	新竹市	新竹市1中央路210號	24.8089875	120.9749047	0	1	0	8	3	5	50	14	9	1	5	4	5	7	4	4	8	5	5	2	16	2
2012	7	24	17	22	新竹市	新竹市3延平路二段45巷	24.80506765	120.9427789	0	1	0	8	1	5	40	3	1	1	5	4	5	7	4	4	10	5	5	2	16	2
2012	7	25	10	17	新竹市	新竹市1食品路308號前5公尺處	24.7939828	120.9708101				8			50															3
2012	7	25	13	0	新竹市	新竹市1食品路347號	24.7937971	120.970156	0	1	0	8	1	5	50	14	7	1	5	4	5	7	4	4	5	5	4	2	17	2
2012	7	6	8	33	新竹市	新竹市1中華路一段頭前溪高架橋下						8			50															3
2012	7	26	18	20	新竹市	新竹市3中華路五段239-1號			0	1	0	8	1	5	50	14	8	1	5	4	5	7	4	4	1	4	4	2	12	2
2012	7	26	20	31	新竹市	新竹市2延平路二段與80巷口			0	2	0	8	3	5	50	3	1	1	5	4	5	7	4	4	10	5	5	2	16	2
2012	7	21	18	15	新竹市	新竹市2台68線東西向快速道路5.9K往南寮方向						8			90															3
2012	7	22	14	10	新竹市	新竹市1公道五路二段212巷						8			50															3
2012	7	22	16	28	新竹市	新竹市2天府路東大路路口						8			50															3
2012	7	26	11	7	新竹市	新竹市1青峰路往高峰路彎道處						8			50															3
2012	7	26	12	37	新竹市	新竹市1中華路一段31號						8			50															3
2012	7	27	7	0	新竹市	新竹市1公園路290號			0	2	0	8	1	5	50	3	18	1	5	4	5	7	3	1	10	5	5	2	3	2
2012	7	26	14	20	新竹市	新竹市2西大路520號						8			50															3
2012	7	23	14	58	新竹市	新竹市1經國路二段自由路路口						8			50															3
2012	7	27	8	38	新竹市	新竹市1金山9街53號旁十字路口			0	1	0	8	1	5	50	4	1	1	5	4	5	7	4	4	10	5	5	2	15	2
2012	7	27	9	28	新竹市	新竹市1公道五路二段						8			50															3
2012	7	26	15	50	新竹市	新竹市1中華路二段59號						8			50															3
2012	7	23	16	9	新竹市	新竹市1德成街29號旁						8			40															3
2012	7	22	21	24	新竹市	新竹市1中華路二段37號			0	1	0	8	3	5	50	14	9	1	5	4	5	7	3	1	10	5	5	2	13	2
2012	7	23	17	22	新竹市	新竹市3五福路二段725號			0	1	0	7	1	5	50	14	9	1	4	4	5	7	4	4	5	5	5	2	16	2
2012	7	23	20	2	新竹市	新竹市1金城一路20號	24.7936241	121.001896	0	2	0	8	3	5	50	14	9	1	5	4	5	7	4	4	5	4	5	2	16	2
2012	7	27	8	27	新竹市	新竹市2北大路174號	24.80896345	120.9667826				8			50															3
2012	7	27	11	50	新竹市	新竹市2文雅街118巷41號	24.813708	120.956313				8			40															3
2012	7	27	15	16	新竹市	新竹市2國華街72巷	24.816764	120.970417				8			50															3
2012	7	15	19	14	新竹市	新竹市1經國路一段光華街路口	24.8140911	120.9725373	0	1	0	8	3	5	50	4	1	1	5	4	5	7	1	1	10	5	5	2	16	2
2012	7	26	18	50	新竹市	新竹市1慈濟路埔頂二路路口	24.7919685	121.0148844				8			50															3
2012	7	22	22	3	新竹市	新竹市2竹港大橋P5處	24.8461108	120.9375003	0	1	0	8	3	5	50	8	11	1	5	4	5	7	4	4	1	4	4	1	13	2
2012	7	26	20	0	新竹市	新竹市1介壽路光復路路口	24.7818596	121.0211214				8			50															3
2012	7	27	16	45	新竹市	新竹市1埔頂一路慈雲路路口	24.7929205	121.0125589				8			50															3
2012	7	27	18	0	新竹市	新竹市1南大路211號	24.799055	120.97269				8			50															3
2012	7	26	21	28	新竹市	新竹市1南大路188號	24.79509185	120.9708905				8			50															3
2012	7	24	12	21	新竹市	新竹市1明湖路361號	24.7853837	120.9680408				8			40															3
2012	7	24	8	10	新竹市	新竹市3中華路四段320號	24.7935507	120.9449809	0	1	0	8	1	5	50	14	8	1	5	4	5	7	4	4	1	4	4	2	18	2
2012	7	6	14	7	新竹市	新竹市2西大路經國路路口	24.8137323	120.9674304	0	1	0	8	1	5	50	4	1	1	5	4	5	7	2	1	10	5	5	2	16	2
2012	7	22	15	30	新竹市	新竹市2北大路225號	24.8077651	120.9651				8			50															3
2012	7	28	1	16	新竹市	新竹市2水田街70號	24.813406	120.96607	0	1	0	8	3	5	50	14	9	1	5	4	5	7	4	4	8	5	5	2	19	2
2012	7	8	1	40	新竹市	新竹市2中華路四段中山路路口	24.4235318	120.6435228	0	3	0	8	3	5	50	4	1	1	5	4	5	7	2	1	10	5	5	2	16	2
2012	7	8	14	47	新竹市	新竹市1光復路二段243號	24.799612	120.990859				8			50															3
2012	7	9	10	47	新竹市	新竹市2中正路296號	24.8129647	120.9639579				8			50															3
2012	7	9	11	38	新竹市	新竹市1東大路一段215號	24.809722	120.970609	0	1	0	8	1	5	50	14	9	1	5	4	5	7	4	4	1	5	1	2	16	2
2012	7	28	8	0	新竹市	新竹市1公園路216巷	24.8041558	120.9811077	0	1	0	8	1	5	50	3	1	1	5	4	5	7	4	4	10	5	5	2	15	2
2012	7	27	16	11	新竹市	新竹市1光復路二段980號	24.803616	120.979444	0	1	0	6	1	5	50	14	9	1	4	4	5	7	4	4	1	4	5	2	12	2
2012	7	26	6	2	新竹市	新竹市3牛埔南路牛埔東路路口	24.7922354	120.9323808	0	3	0	8	1	5	50	4	2	1	5	4	5	7	3	1	10	5	5	2	16	2
2012	7	28	9	35	新竹市	新竹市2經國路二段西大路路口	24.8091112	120.9601481				8			50															3
2012	7	27	15	45	新竹市	新竹市2中清路19號	24.8350929	120.9334848				8			50															3
2012	7	27	17	15	新竹市	新竹市1光復路一段525巷介壽路路口	24.7818596	121.0211214	0	3	0	8	1	5	50	4	2	1	5	4	5	7	1	1	10	5	5	2	16	2
2012	7	28	10	35	新竹市	新竹市1建功一路59巷						8			50															3
2012	7	27	13	31	新竹市	新竹市1中華路一段民主路路口	30.545	114.308421	0	1	0	7	1	5	50	3	2	1	5	4	5	7	1	1	10	5	5	2	18	2
2012	7	28	12	8	新竹市	新竹市2吉羊路14號	24.8254171	120.956155				8			50															3
2012	7	28	12	40	新竹市	新竹市1信義街與圓環	24.8284077	121.0690517				8			50															3
2012	7	28	14	43	新竹市	新竹市1東光路197號	24.8060641	120.9862857				8			50															3
2012	7	26	17	5	新竹市	新竹市2經國路二段和平路路口	24.8063163	120.9562184				8			50															3
2012	7	28	19	10	新竹市	新竹市1中央路248號	24.8092819	120.9758929				8			50															3
2012	7	15	19	20	新竹市	新竹市2中正路219號	24.811327	120.964783				8			50															3
2012	7	28	21	14	新竹市	新竹市1民權路198號	24.8101928	120.9734446				8			50															3
2012	7	29	0	35	新竹市	新竹市2中山路640巷中山路路口	25.1452	121.395946	0	2	0	8	3	5	50	4	1	1	5	4	5	7	3	1	10	5	5	2	15	2
2012	7	29	4	20	新竹市	新竹市2西大路、民富街口	24.87138245	121.012719	0	2	0	8	3	5	50	4	1	1	5	4	5	7	3	1	10	5	5	2	16	2
2012	7	29	5	55	新竹市	新竹市2湳雅街126巷	24.819725	120.973265	0	1	0	8	2	5	50	3	1	1	5	4	5	7	4	4	9	5	5	2	16	2
2012	7	20	7	8	新竹市	新竹市2公道五路三段湳雅街路口	24.8235233	120.9787074				8			50															3
2012	7	8	16	20	新竹市	新竹市1中華路二段91號	24.807859	120.981132				8			50															3
2012	7	18	14	24	新竹市	新竹市1中華路二段民主路路口	30.545	114.308421	0	1	0	8	1	5	50	3	9	1	5	4	5	7	2	1	1	2	5	1	18	2
2012	7	29	9	7	新竹市	新竹市3中華路六段182巷	24.7458501	120.906158	0	2	0	8	1	5	60	3	9	1	5	4	5	7	2	1	1	4	5	2	16	2
2012	7	29	13	1	新竹市	新竹市3花園新城二街105號	24.7816751	120.929701				8			40															3
2012	7	29	14	28	新竹市	新竹市1中華路二段190號	24.8060062	120.977607				8			50															3
2012	7	29	13	55	新竹市	新竹市1高翠路210巷1弄9號	24.7801581	120.986596	0	1	0	8	1	5	40	14	9	1	5	4	5	7	4	4	10	5	5	2	12	2
2012	7	29	12	50	新竹市	新竹市1公道五路二段210號	24.8019741	121.0001719	0	2	0	8	1	5	50	14	8	1	5	4	5	7	4	4	1	5	1	1	13	2
2012	7	29	18	23	新竹市	新竹市2林森路208號	24.7987084	120.9635256				8			50															3
2012	7	29	18	24	新竹市	新竹市2台68線往西路燈5K-D040處	24.3827983	120.7406458				8			90															3
2012	7	28	17	20	新竹市	新竹市2西濱路台68線快速道路口			0	1	0	8	1	5	50	3	1	1	5	4	5	7	1	1	1	4	4	2	12	2
2012	7	29	18	55	新竹市	新竹市2中正路城北街路口						8			50															3
2012	7	29	20	30	新竹市	新竹市2北大路北門街路口						8			50															3
2012	7	20	22	25	新竹市	新竹市1光復路二段水源街路口	24.7998135	120.9909705	0	1	0	8	3	5	50	4	1	1	5	4	5	7	1	1	10	5	5	2	12	2
2012	7	29	16	19	新竹市	新竹市1民權路217號	24.8105	120.972876	0	2	0	8	1	5	50	14	9	1	5	4	5	7	4	4	5	4	5	2	12	2
2012	7	23	14	43	新竹市	新竹市2湳雅街176巷9號	24.820967	120.975275	0	1	0	8	1	5	40	3	1	1	5	4	5	7	4	4	10	5	5	2	16	2
2012	7	23	16	10	新竹市	新竹市1自由路26號	24.81153805	120.9820493				8			50															3
2012	7	24	9	55	新竹市	新竹市1中華路一段303號	24.81001285	120.9843207				8			50															3
2012	7	24	11	25	新竹市	新竹市2中山路西大路路口	23.8333047	120.4693168	0	1	0	8	1	5	50	4	1	1	5	4	5	7	1	1	10	5	5	2	12	2
2012	7	29	22	46	新竹市	新竹市1八德路208號	24.80311455	120.9858033				8			50															3
2012	7	30	0	10	新竹市	新竹市3牛埔東路牛埔南路路口	24.7922354	120.9323808				8			50															3
2012	7	28	9	52	新竹市	新竹市2鐵道路二段166巷	24.8222824	120.9718047	0	3	0	8	1	5	50	4	1	1	5	4	5	7	1	1	10	5	5	2	12	2
2012	7	15	21	55	新竹市	新竹市2中山路640巷	24.8333941	121.027676	0	1	0	8	3	5	50	3	1	1	5	4	5	7	3	1	10	5	5	2	16	2
2012	7	17	7	31	新竹市	新竹市3牛埔路經國路路口	24.7991891	120.9533827	0	1	0	8	1	5	50	4	1	1	5	4	5	7	1	1	10	5	5	2	12	2
2012	7	17	8	37	新竹市	新竹市3經國路三段牛埔路路口	24.7991891	120.9533827	0	1	0	8	1	5	50	4	2	1	5	4	5	7	1	1	1	4	5	2	18	2
2012	7	17	11	49	新竹市	新竹市1金山11街金山南街	24.7761349	121.0218337	0	0	0	8	1	5	50	3	9	1	5	4	5	7	4	4	10	5	5	2	14	3
2012	7	17	13	30	新竹市	新竹市1高峰路386巷100弄21號	24.778132	120.97789				8			40															3
2012	7	22	0	31	新竹市	新竹市1食品路東南街路口			0	1	0	8	3	5	50	4	1	1	5	4	5	7	3	1	10	5	5	2	15	2
2012	7	30	7	36	新竹市	新竹市1高峰路2巷89號						8			50															3
2012	7	22	18	10	新竹市	新竹市2林森路南外街路口						8			50															3
2012	7	22	22	56	新竹市	新竹市1光復路一段960號			0	1	0	8	3	5	50	4	2	1	5	4	5	7	1	1	1	4	5	2	19	2
2012	7	23	13	58	新竹市	新竹市1光復路一段介壽路路口			0	1	0	8	1	5	50	3	1	1	5	4	5	7	1	1	10	5	5	2	12	2
2012	7	23	18	5	新竹市	新竹市2西大路竹光路路口			0	1	0	8	1	5	50	4	1	1	5	4	5	7	1	1	10	5	5	2	16	2
2012	7	24	16	0	新竹市	新竹市1大學路236號						8			50															3
2012	7	30	9	35	新竹市	新竹市1學府路(培英國中前)			0	1	0	8	1	5	50	3	1	1	5	4	5	7	3	1	5	5	5	2	16	2
2012	7	30	11	0	新竹市	新竹市2武陵路68巷						8			50															3
2012	7	13	13	45	新竹市	新竹市1經國路一段354號						8			50															3
2012	7	28	7	57	新竹市	新竹市1東大路三段301號			0	3	0	8	1	5	50	14	9	1	5	4	5	7	4	4	5	5	5	1	16	2
2012	7	30	13	32	新竹市	新竹市1高翠路260號						8			50															3
2012	7	19	14	55	新竹市	新竹市3景觀大道第10679號路燈處						8			70															3
2012	7	18	20	26	新竹市	新竹市1光復路一段慈雲路路口			0	2	0	8	3	5	50	5	1	1	5	4	5	7	1	1	1	4	4	2	16	2
2012	7	30	17	0	新竹市	新竹市2中山路西大路路口						8			50															3
2012	7	30	11	45	新竹市	新竹市1光復路二段水源街路口						8			50															3
2012	7	29	17	15	新竹市	新竹市3牛埔南路14巷長福街口			0	2	0	8	1	5	50	3	1	1	5	4	5	7	3	3	10	5	5	2	16	2
2012	7	24	14	15	新竹市	新竹市3中華路四段729號			0	1	0	8	1	5	50	14	8	1	5	4	5	7	4	4	1	4	5	2	16	2
2012	7	30	18	55	新竹市	新竹市1四維路橋上			0	1	0	7	3	5	50	8	9	1	5	4	5	7	4	4	5	4	5	2	17	2
2012	7	30	21	38	新竹市	新竹市2東大路二段武陵西三路路口載熙國小前						8			40															3
2012	7	24	16	20	新竹市	新竹市1中華路一段173號						8			50															3
2012	7	24	17	20	新竹市	新竹市3中華路四段牛埔南路路口			0	2	0	8	1	5	50	4	1	1	5	4	5	7	1	1	10	5	5	2	13	2
2012	7	24	19	55	新竹市	新竹市3元培街香村路路口			0	1	0	6	3	5	50	3	1	1	4	4	5	7	4	4	10	5	5	2	18	2
2012	7	30	19	45	新竹市	新竹市1光復路一段89巷112號						8			50															3
2012	7	2	6	38	新竹市	新竹市1中華路一段97號			0	1	0	8	1	5	50	14	9	1	5	4	5	7	1	1	1	4	5	1	16	2
2012	7	30	22	10	新竹市	新竹市2西大路540號						8			50															3
2012	7	2	12	53	新竹市	新竹市3德成街與林森路182巷口						8			50															3
2012	7	4	20	25	新竹市	新竹市2中華路三段9號						8			50															3
2012	7	27	15	11	新竹市	新竹市1金山街金山19街路口			0	1	0	8	1	5	50	4	1	1	5	4	5	7	3	1	10	5	5	2	15	2
2012	7	27	1	25	新竹市	新竹市1光復路二段建功路路口						8			50															3
2012	7	28	10	26	新竹市	新竹市1經國路一段自由路路口			0	1	0	8	1	5	50	5	1	1	5	4	5	7	1	1	10	5	5	2	16	2
2012	7	28	15	58	新竹市	新竹市1慈雲路	24.7874802	121.0095148				8			50															3
2012	7	29	10	16	新竹市	新竹市2東大路二段446巷鐵道路路口	24.8198055	120.961431				8			50															3
2012	7	28	16	47	新竹市	新竹市1慈雲路	24.7874802	121.0095148				8			50															3
2012	7	28	10	0	新竹市	新竹市3中華路五段670巷	24.7671576	120.9154606				8			50															3
2012	7	29	13	13	新竹市	新竹市1北大路97號	24.8104328	120.9696434				8			50															3
2012	7	29	14	44	新竹市	新竹市2水田街103號	24.8158931	120.967972				8			50															3
2012	7	29	11	17	新竹市	新竹市2港北一街與港北六街口	24.8318404	120.927789				8			50															3
2012	7	30	17	30	新竹市	新竹市1中華路二段170巷46號	24.807631	120.97762	0	1	0	8	1	5	40	3	1	1	5	4	5	7	4	4	10	5	5	2	16	2
2012	7	31	10	26	新竹市	新竹市2經國路二段16號	24.8138151	120.966858				6			50															3
2012	7	30	10	14	新竹市	新竹市1東大路二段北大路路口	24.8109645	120.969934	0	0	0	8	1	5	50	4	1	1	5	4	5	7	1	1	10	5	5	2	16	3
2012	7	31	15	6	新竹市	新竹市2新竹市2城隍廟前單行道	22.9182317	113.9021321	0	1	0	7	1	5	40	14	9	1	5	4	5	7	4	4	10	5	5	2	2	2
2012	7	31	12	10	新竹市	新竹市3牛埔南路544之1號	24.789561	120.930126				6			50															3
2012	7	27	17	46	新竹市	新竹市1光復路二段馬偕醫院前	24.7932831	121.001211				8			50															3
2012	7	31	10	57	新竹市	新竹市1忠孝路新光路路口	30.6097092	104.0574011				8			50															3
2012	7	25	13	24	新竹市	新竹市1頭前溪橋上	24.8193477	120.9955776				8			50															3
2012	7	30	17	0	新竹市	新竹市2德成街46巷	24.79996095	120.9636894				8			50															3
2012	7	31	20	27	新竹市	新竹市2德成街46巷	24.79996095	120.9636894	0	1	0	8	3	5	40	4	1	1	5	4	3	7	4	4	5	5	5	2	15	2
2012	7	20	10	24	新竹市	新竹市1經國路一段田美三街路口	24.8145218	120.9769905				8			50															3
2012	7	20	12	5	新竹市	新竹市1北大路52號	24.812629	120.972402	0	1	0	8	1	5	50	3	1	1	5	4	5	7	4	4	10	5	5	2	16	2
2012	7	26	9	34	新竹市	新竹市3樹下街浸水街路口	24.7984004	120.9344975	0	1	0	8	1	5	50	3	1	1	5	4	5	7	4	4	10	5	5	2	16	2
2012	7	26	11	44	新竹市	新竹市2中山路359號	24.8004821	120.958859				8			50															3
2012	7	3	19	26	新竹市	新竹市3南大路東南街53巷口	24.79281935	120.9361445				8			50															3
2012	7	29	10	6	新竹市	新竹市2廣州街20巷	24.8047816	120.9601015	0	4	0	8	1	5	50	3	1	1	5	4	5	7	4	4	9	5	5	1	16	2
2012	7	3	21	58	新竹市	新竹市1文昌街武昌公有停車場	24.8040702	120.9701325				8			40															3
2012	7	1	12	30	新竹市	新竹市3牛埔路38號	24.798924	120.955165				8			50															3
2012	7	20	11	2	新竹市	新竹市1慈雲路龍山東街	24.7895619	121.0114067				8			50															3
2012	7	19	17	1	新竹市	新竹市1振興路109巷12弄5號	24.7956858	120.9601711				8			50															3
2012	7	30	19	9	新竹市	新竹市3中華路五段大庄路路口	24.7883507	120.9286567				8			50															3
2012	7	31	17	55	新竹市	新竹市1新竹市新莊街131號	24.787255	121.016951				6			50															3
2012	7	31	13	24	新竹市	新竹市1光復路二段258號	24.794921	120.99947	0	1	0	6	1	5	50	14	9	1	4	4	5	7	4	4	1	4	5	2	18	2
2012	7	26	12	0	新竹市	新竹市3景觀大道牛埔東路路口	24.7585468	120.9585146				8			50															3
2012	7	25	13	25	新竹市	新竹市1光復路二段建中路路口	24.7988758	120.9935293				8			50															3