年	月	日	時	分	縣市	allLocation	GoogleLat	GoogleLng	死	受傷	2-30	天候	光線	道路類別	速限	道路型態	事故位置	路面鋪裝	路面狀態	路面缺陷	障礙物	視距	號誌種類	號誌動作	分向設施	快車道或一般車道間	快慢車道間	路面邊線	事故類型及型態	事故類別
2012	7	30	13	20	新竹市	新竹市1光復路一段75號	24.7811551	121.024425	0	1	0	8	1	5	50	14	9	1	5	4	5	7	4	4	5	2	5	1	16	2
2012	7	31	8	20	新竹市	新竹市1明湖路980之7號	24.796199	120.9701181				6			50															3
2012	7	31	16	50	新竹市	新竹市2北大路62號	24.812467	120.972168				6			50															3
2012	7	20	12	35	新竹市	新竹市1建中路61號	24.8013071	120.994849	0	1	0	8	1	5	50	14	9	1	5	4	5	7	4	4	5	4	5	2	16	2
2012	7	25	14	34	新竹市	新竹市3中華路四段271巷	24.7937039	120.9456865	0	2	0	7	1	5	50	4	1	1	5	4	5	7	1	1	10	5	5	2	16	2
2012	7	24	12	39	新竹市	新竹市1金山11街41號	24.779687	121.021345				8			50															3
2012	7	24	16	34	新竹市	新竹市2西門街大遠百B1入口處	24.8035306	120.9663285				8			50															3
2012	7	24	11	1	新竹市	新竹市118尖山停車場	24.79296755	120.984707				8			40															3
2012	7	25	12	35	新竹市	新竹市1光復路一段555號	24.7924614	121.0067013				8			50															3
2012	7	26	11	43	新竹市	新竹市1經國路田美三街路口	24.8145218	120.9769905	0	2	0	7	1	5	50	4	1	1	5	4	5	7	2	1	10	5	5	2	15	2
2012	7	30	8	18	新竹市	新竹市3牛埔北路37巷	24.7982657	120.9407132	0	2	0	8	1	5	50	3	1	1	5	4	5	7	3	1	10	5	5	2	16	2
2012	7	23	15	8	新竹市	新竹市3景觀大道電桿10680	31.3512963	120.9811634	0	1	0	8	1	5	50	4	1	1	5	4	5	7	1	1	10	5	5	2	13	2
2012	7	31	20	56	新竹市	新竹市1經國路二段302號	24.8087521	120.959076				6			50															3
2012	7	30	21	50	新竹市	新竹市3明湖路478-18號	24.796027	120.969682	0	2	0	8	3	5	50	14	9	1	5	4	5	1	3	1	5	5	5	1	16	2
2012	7	29	6	26	新竹市	新竹市2中華路三段121巷3號	24.795747	120.9582418	0	1	0	8	1	5	40	14	9	1	5	4	5	7	4	4	10	5	5	2	11	2
2012	7	30	10	51	新竹市	新竹市2中華路四段中山路路口	24.4235318	120.6435228	0	2	0	8	1	5	50	4	1	1	5	4	5	7	1	1	10	5	5	2	12	2
2012	7	30	11	50	新竹市	新竹市3海埔路161巷	24.82045885	120.9196799				8			50															3
2012	7	30	14	10	新竹市	新竹市2西大路577號	24.809412	120.959593				8			50															3
2012	7	28	15	25	新竹市	新竹市1東大路二段81巷東大路路口65巷24弄口	24.8257773	120.9653918				8			40															3
2012	7	9	8	29	新竹市	新竹市3大庄路15號	24.7911971	120.9265114				8			50															3
2012	7	12	16	32	新竹市	新竹市1經國路一段自由路路口	24.8147153	120.9796905	0	2	0	8	1	5	50	4	2	1	5	4	5	7	2	1	10	5	5	2	16	2
2012	7	14	0	16	新竹市	新竹市3中華路四段牛埔南路路口	24.7887326	120.9300059				8			50															3
2012	7	27	8	19	新竹市	新竹市1經國路一段357號	24.814507	120.980464				8			50															3
2012	7	27	10	5	新竹市	新竹市2武陵路台68匝道出口	24.8173271	120.9640372				8			50															3
2012	7	27	17	27	新竹市	新竹市2北大路466號	24.8018051	120.959927				8			50															3
2012	7	28	11	0	新竹市	新竹市3延平路三段1592號	24.8300108	120.9286189	0	3	0	8	1	5	50	14	9	1	5	4	5	7	4	4	3	4	4	1	12	2
2012	7	28	15	10	新竹市	新竹市2東大路二段271號	24.8185241	120.9630951				8			50															3
2012	7	12	17	30	新竹市	新竹市1明湖路234巷	24.79127805	120.9684253				8			50															3
2012	7	30	15	30	新竹市	新竹市1中華路二段708巷	24.7978011	120.964592	0	1	0	8	1	5	50	3	1	1	5	4	5	7	4	4	10	5	5	2	16	2
2012	7	15	0	23	新竹市	新竹市2東大路二段經國路路口	24.8137323	120.9674304	0	1	0	8	3	5	50	4	2	1	5	4	5	7	2	1	10	5	5	2	16	2
2012	7	21	19	20	新竹市	新竹市3大庄路68號	24.79087755	120.9267637				8			50															3
2012	7	30	5	37	新竹市	新竹市2武陵路湳雅街路口	24.8228691	120.9720984	0	1	0	8	2	5	50	3	1	1	5	4	5	7	1	1	10	5	5	2	16	2
2012	7	31	0	34	新竹市	新竹市1寶山路306號	23.7906725	121.0173356																						3
2012	7	31	18	0	新竹市	新竹市1光復路一段園區大門	24.7873656	121.0096554				8			50															3
2012	7	31	19	21	新竹市	新竹市1關東路386號	24.790057	121.019698				6			50															3
2012	7	31	20	55	新竹市	新竹市2經國路二段凌雲街	24.8037387	120.9551317				6			50															3
2012	7	30	14	56	新竹市	新竹市2水田街33號	24.8136469	120.966014				8			50															3
2012	7	2	18	0	新竹市	新竹市1學府路34號	24.794904	120.979667	0	1	0	8	2	5	50	14	9	1	5	4	5	7	4	4	9	5	5	1	16	2
2012	7	21	12	40	新竹市	新竹市2西濱路一段308號	24.83794545	120.9336942				8			50															3
2012	7	19	18	45	新竹市	新竹市1光復路二段忠孝路路口	24.8001525	120.9896318	0	1	0	8	3	5	50	3	2	1	5	4	5	7	2	1	1	2	4	1	15	2
2012	7	10	8	40	新竹市	新竹市1寶山路452巷5弄	24.7815181	120.990231				8			50															3
2012	7	10	12	20	新竹市	新竹市1金山25街80號	24.7751673	121.026849				8			50															3
2012	7	10	17	20	新竹市	新竹市1光復路二段578號	24.79834225	120.9906022				8			50															3
2012	7	12	4	55	新竹市	新竹市2西大路中山路路口	23.8333047	120.4693168				8			50															3
2012	7	27	7	42	新竹市	新竹市1	24.8356092	120.9235789				8			80															3
2012	7	12	18	30	新竹市	新竹市3中華路五段500號	24.7743761	120.917576	0	1	0	8	1	5	50	14	9	1	5	3	1	7	4	4	1	5	5	2	29	2
2012	7	3	9	9	新竹市	新竹市1學府路光復路路口	24.8009967	120.9870539				8			50															3
2012	7	3	7	56	新竹市	新竹市2經國路二段313號	24.809108	120.960629	0	1	0	8	1	5	50	14	8	1	5	4	5	7	4	4	1	4	4	1	12	2
2012	7	13	16	0	新竹市	新竹市1光復路二段151號	24.7982082	120.994391				8			50															3
2012	7	13	18	40	新竹市	新竹市1學府路東山街路口	24.7954365	120.9805399	0	2	0	8	3	5	50	3	1	1	5	4	5	7	1	1	10	5	5	2	16	2
2012	7	14	8	25	新竹市	新竹市2湳雅街114號	24.8196552	120.972837	0	1	0	8	1	5	50	14	9	1	5	4	5	7	4	4	5	5	5	2	12	2
2012	7	17	8	30	新竹市	新竹市3中華路四段483號	24.790736	120.937639	0	2	0	8	1	5	50	14	9	1	5	4	5	7	4	4	1	2	4	2	13	2
2012	7	18	12	57	新竹市	新竹市2中正路620號	24.8181351	120.955644	0	1	0	8	1	5	50	14	9	1	5	4	5	7	4	4	5	5	5	2	12	2
2012	7	18	17	10	新竹市	新竹市1高峰路160號	24.7888211	120.974748				8			40															3
2012	7	19	21	23	新竹市	新竹市2東大路四段聖軍路路口	24.8442489	120.9305348	0	2	0	8	3	5	50	3	18	1	5	4	5	7	3	1	10	5	5	2	2	2
2012	7	31	20	35	新竹市	新竹市2東大路三段403巷	24.83324075	120.9468056				8			50															3
2012	7	20	0	50	新竹市	新竹市3牛埔東路413巷	24.79581995	120.943136	0	2	0	8	3	5	50	14	9	1	5	4	5	7	4	4	5	5	5	2	12	2
2012	7	3	16	49	新竹市	新竹市1光復路二段忠孝路路口	24.8001525	120.9896318	0	1	0	8	1	5	50	4	1	1	5	4	5	7	1	1	10	5	5	2	16	2
2012	7	20	14	30	新竹市	新竹市2成德路213號	24.793862	120.959622	0	1	0	8	1	5	50	14	9	1	5	4	5	7	4	4	9	5	5	2	12	2
2012	7	20	16	5	新竹市	新竹市1中華路二段678號	24.798228	120.965282				8			50															3
2012	7	20	20	47	新竹市	新竹市3祥園街92巷	24.7992335	120.9433601				8			50															3
2012	7	21	11	26	新竹市	新竹市2東大路四段80號			0	1	0	8	1	5	50	14	9	1	5	4	5	7	4	4	9	5	5	1	16	2
2012	7	21	12	18	新竹市	新竹市2光華東街67巷7號						8			40															3
2012	7	21	13	40	新竹市	新竹市1光復路二段馬偕醫院前						8			50															3
2012	7	21	16	43	新竹市	新竹市1東大路一段222號			0	1	0	8	1	5	50	14	8	1	5	4	5	7	4	4	1	5	1	2	17	2
2012	7	24	9	40	新竹市	新竹市2復興路22號			0	1	0	8	1	5	50	3	9	1	5	4	5	7	4	4	9	5	5	2	17	2
2012	7	24	10	50	新竹市	新竹市1北大路民權路路口						8			50															3
2012	7	24	12	30	新竹市	新竹市2中山路大同路路口			0	1	0	8	1	5	50	4	2	1	5	4	5	7	3	1	10	5	5	2	13	2
2012	7	24	15	30	新竹市	新竹市1東門街36號			0	1	0	8	1	5	50	4	2	1	5	4	5	7	4	4	10	5	5	2	2	2
2012	7	26	9	40	新竹市	新竹市2城北街72號						8			50															3
2012	7	9	17	57	新竹市	新竹市3牛埔路269號			0	1	0	8	1	5	50	11	9	1	5	4	5	7	4	4	5	5	5	2	16	2
2012	7	27	17	46	新竹市	新竹市1中華路二段火車站前停車格						8			50															3
2012	7	11	17	10	新竹市	新竹市3中華路四段434巷			0	1	0	8	1	5	50	3	1	1	5	4	5	7	1	1	10	5	5	2	16	2
2012	7	6	20	37	新竹市	新竹市1光復路二段忠孝路路口						8			50															3
2012	7	1	22	8	新竹市	新竹市1明湖路648巷26號						8			40															3
2012	7	2	16	35	新竹市	新竹市1建中路36號						8			50															3
2012	7	12	22	0	新竹市	新竹市2城北街137巷6弄口號			0	3	0	8	3	5	40	4	1	1	5	4	5	7	4	4	10	5	5	2	15	2
2012	7	7	9	12	新竹市	新竹市2湳雅街176巷10號						8			40															3
2012	7	7	12	19	新竹市	新竹市2經國路三段牛埔路路口			0	1	0	8	1	5	50	4	1	1	5	4	5	7	1	1	10	5	5	2	13	2
2012	7	13	17	58	新竹市	新竹市3中華路五段420巷84弄中華路路口648巷			0	1	0	8	1	5	50	3	1	1	5	4	5	7	4	4	10	5	5	2	16	2
2012	7	6	12	30	新竹市	新竹市1學府路三段三通建築材料行前						8			50															3
2012	7	7	10	35	新竹市	新竹市1中華路二段445號						8			40															3
2012	7	31	13	30	新竹市	新竹市2西大路585號	24.809526	120.959501				8			50															3
2012	7	16	10	16	新竹市	新竹市2經國路二段東大路路口	24.8137323	120.9674304	0	1	0	8	1	5	50	4	2	1	5	4	5	7	2	1	9	4	4	2	12	2
2012	7	19	17	4	新竹市	新竹市1東門街56號	24.8042491	120.973049	0	0	0	8	1	5	50	14	9	1	5	4	5	7	4	4	5	4	5	1	16	3
2012	7	27	12	54	新竹市	新竹市1中華路二段470號	24.801458	120.970451				8			50															3
2012	7	30	17	55	新竹市	新竹市1公園路82巷9號	24.8064981	120.983476				8			50															3
2012	7	25	11	31	新竹市	新竹市1民族路78號	24.8071591	120.976256				8			50															3
2012	7	31	16	50	新竹市	新竹市2延平路一段291巷口弄	24.8270975	120.927613				6			50															3
2012	7	30	16	6	新竹市	新竹市2西門街64號	24.802469	120.964667				8			50															3
2012	7	31	20	35	新竹市	新竹市2北大路北大加油站內	24.8109645	120.969934				6																		3
2012	7	12	20	32	新竹市	新竹市3五福路一段110號	24.744271	120.916495	0	1	0	8	4	5	50	14	9	1	5	3	4	7	4	4	9	5	5	1	24	2
2012	7	25	23	50	新竹市	新竹市1中央路251號	24.80973655	120.977021	0	4	0	8	3	5	50	14	9	1	5	4	5	7	4	4	4	5	5	2	12	2
2012	7	30	10	30	新竹市	新竹市1中華路二段東大路路口	24.8042903	120.9752282				8			50															3
2012	7	8	17	6	新竹市	新竹市3中華路四段牛埔南路路口	24.7887326	120.9300059	0	0	0	8	2	5	50	4	1	1	5	4	5	7	1	1	1	4	4	2	16	3
2012	7	19	9	48	新竹市	新竹市1新源街新源市場附近	24.7999736	120.9916812				8			50															3
2012	7	7	17	0	新竹市	新竹市1明湖路1050巷230號	24.76474355	120.9772323				8			50															3
2012	7	9	17	0	新竹市	新竹市2湳雅街161號	24.819919	120.972918				8			50															3
2012	7	14	19	38	新竹市	新竹市2光華一街2號	24.8160531	120.974096				8			50															3
2012	7	16	14	0	新竹市	新竹市2武陵路245巷12號	24.8236189	120.9701183				8			40															3
2012	7	17	8	5	新竹市	新竹市1經國路一段172巷	24.81578105	120.988021				8			50															3
2012	7	28	18	45	新竹市	新竹市1民生路80號	24.8089899	120.9781129				8			50															3
2012	7	25	16	45	新竹市	新竹市3中華路四段牛埔南路路口	24.7887326	120.9300059				8			50															3
2012	7	16	15	50	新竹市	新竹市2延平路一段216巷4弄	24.802692	120.961995	0	2	0	8	1	5	40	4	2	1	5	4	5	7	4	4	10	5	5	2	15	2
2012	7	15	20	37	新竹市	新竹市1慈雲路埔頂一路路口好市多賣場前	24.7874802	121.0095148	0	0	0	8	3	5	50	4	9	1	5	4	5	7	1	1	9	4	5	1	12	3
2012	7	19	7	53	新竹市	新竹市1慈雲路埔頂路路口	24.7874802	121.0095148				8			50															3
2012	7	25	6	59	新竹市	新竹市1公道五路三段565巷	24.81462735	120.9857367				8			50															3
2012	7	19	8	55	新竹市	新竹市1經國路一段209號	24.81498765	120.9858251				8			50															3
2012	7	21	9	17	新竹市	新竹市1光復路二段393巷	24.79834225	120.9906022				8			50															3
2012	7	30	19	1	新竹市	新竹市3景觀大道往市區方向	31.3512963	120.9811634				8			70															3
2012	7	31	12	56	新竹市	新竹市1中華路一段101號	24.8159998	120.9939713				6			50															3
2012	7	21	10	6	新竹市	新竹市2成功路197號	24.812607	120.953413				8			50															3
2012	7	29	15	41	新竹市	新竹市1光復路二段金城一路路口	24.7932831	121.001211				8			50															3
2012	7	21	16	10	新竹市	新竹市2北大路德蘭幼稚園對面停車場	24.8094049	120.9673233				8			30															3
2012	7	22	11	49	新竹市	新竹市1公園路路旁停車格	24.80139	120.9770515				8			50															3
2012	7	25	9	33	新竹市	新竹市2中正路經國路路口	24.8119989	120.9644536	0	1	0	8	1	5	50	4	1	1	5	4	5	7	2	1	10	5	5	2	12	2
2012	7	10	19	18	新竹市	新竹市2東大路鐵道路路口	24.8198055	120.961431				8			50															3
2012	7	13	16	38	新竹市	新竹市1中華路二段2號	24.8093755	120.9829559				8			50															3
2012	7	26	17	55	新竹市	新竹市1學府路303號	24.7967791	120.983751	0	2	0	7	1	5	50	14	9	1	5	4	5	7	4	4	9	5	5	1	16	2
2012	7	15	23	25	新竹市	新竹市3香北路152號	24.7912471	120.926184	0	1	0	8	3	5	50	14	19	1	5	4	5	7	4	4	5	5	4	2	3	2
2012	7	25	17	56	新竹市	新竹市1埔頂一路慈濟路路口	24.7919685	121.0148844				8			50															3
2012	7	27	18	33	新竹市	新竹市2湳雅街176巷	24.8209951	120.974671				8			50															3
2012	7	27	19	7	新竹市	新竹市2經國路二段519號	24.8050531	120.955957				8			50															3
2012	8	1	7	55	新竹市	新竹市2東大路三段空軍基地旁彎道	24.8256414	120.9566902	0	1	0	8	1	5	50	3	1	1	5	4	1	7	4	4	10	5	5	2	16	2
2012	8	1	7	58	新竹市	新竹市1中華路一段384巷	24.8128035	120.9853889	0	2	0	7	1	5	50	4	1	1	4	4	5	7	1	1	10	5	5	2	16	2
2012	8	1	7	54	新竹市	新竹市1頭前溪橋南下車道	24.8193477	120.9955776				8			50															3
2012	8	1	11	55	新竹市	新竹市1北大路39巷	24.812734	120.9728605				8			50															3
2012	8	1	12	45	新竹市	新竹市1南大路260號	24.7995931	120.972419	0	2	0	6	1	5	50	14	9	1	4	4	5	7	4	4	5	5	5	2	17	2
2012	8	1	17	34	新竹市	新竹市3竹香北路	24.8009515	120.9407204				8			50															3
2012	8	1	20	9	新竹市	新竹市1光復路二段(麥當勞前)	24.7932831	121.001211				6			50															3
2012	8	1	23	55	新竹市	新竹市3元培街(香山國中前)			0	1	0	1	3	5	50	3	1	1	4	4	4	7	4	4	5	5	5	2	29	2
2012	8	2	11	52	新竹市	新竹市1公道五路二段12476號路燈前						6			50															3
2012	8	1	7	18	新竹市	新竹市2延平路一段138巷						6			50															3
2012	8	1	8	50	新竹市	新竹市2武陵路46號						8			0															3
2012	8	2	13	41	新竹市	新竹市2林森路136號			0	0	0	8	1	5	50	14	9	1	5	4	5	7	4	4	9	4	5	1	13	3
2012	8	1	15	15	新竹市	新竹市1光復路二段水源街路口						6			0															3
2012	8	2	12	10	新竹市	新竹市2西濱路延平路路口						6			50															3
2012	8	2	15	38	新竹市	新竹市1中央路民主路路口						6			50															3
2012	8	2	14	32	新竹市	新竹市1中華路一段2巷						6			50															3
2012	8	2	18	36	新竹市	新竹市2西大路地下道						8			50															3
2012	8	2	5	0	新竹市	新竹市1光復路一段285巷						6			50															3
2012	8	2	23	10	新竹市	新竹市2中山路育英路口			0	1	0	8	3	5	50	3	2	1	4	4	5	7	4	4	10	5	5	2	16	2
2012	8	2	19	10	新竹市	新竹市1南大路337號						6			50															3
2012	8	2	22	40	新竹市	新竹市3中華路六段51號						6			50															3
2012	8	2	20	52	新竹市	新竹市1光復路一段202號			0	1	0	6	3	5	50	14	9	1	4	4	5	7	4	4	5	4	5	2	17	2
2012	8	3	9	30	新竹市	新竹市3浸水街406巷	24.7993073	120.925504	0	1	0	7	1	5	40	14	9	1	5	4	5	7	4	4	10	5	5	2	13	2
2012	8	3	13	10	新竹市	新竹市2光華二街81巷10弄28號	24.82077475	120.9762071				8			40															3
2012	8	2	22	34	新竹市	新竹市1林森路141號	24.799796	120.965718				6			50															3
2012	8	3	17	17	新竹市	新竹市1自由路95巷	24.8132554	120.979903	0	1	0	8	1	5	50	3	2	1	5	4	5	7	3	1	10	5	5	2	13	2
2012	8	3	17	35	新竹市	新竹市3浸水南街79號	24.797607	120.924242	0	2	0	8	1	5	40	14	9	1	5	4	5	7	4	4	10	5	5	2	11	2
2012	8	3	18	36	新竹市	新竹市1大學路29號	24.7895293	121.0040859				8			50															3
2012	8	2	10	0	新竹市	新竹市1新莊街185巷口	24.8645498	121.0077609	0	1	0	6	1	5	50	4	1	1	4	4	5	7	4	4	10	5	5	2	16	2
2012	8	4	4	0	新竹市	新竹市1民生路211巷	24.811723	120.9758325	0	2	0	8	3	5	50	3	1	1	5	4	5	7	4	4	10	5	5	2	16	2
2012	8	3	18	10	新竹市	新竹市1經國路一段303號						8			50															3
2012	8	4	7	30	新竹市	新竹市1中華路一段101號						8			50															3
2012	8	4	11	46	新竹市	新竹市1中華路二段593號						8			50															3
2012	8	4	7	0	新竹市	新竹市1西大路明湖路路口						8			50															3
2012	8	4	9	10	新竹市	新竹市2中正路180號						8			50															3
2012	8	4	10	0	新竹市	新竹市1公道五路三段台肥對面慢車道			0	1	0	8	1	5	40	14	8	1	5	4	5	7	4	4	1	5	1	2	12	2
2012	8	3	13	3	新竹市	新竹市1光復路二段建中路路口						8			50															3
2012	8	4	13	30	新竹市	新竹市2東大路二段632號						8			50															3
2012	8	4	11	40	新竹市	新竹市2竹光路246號對面車道			0	1	0	8	1	5	50	14	8	1	5	4	5	7	4	4	1	4	1	2	12	2
2012	8	4	9	50	新竹市	新竹市2中正路419巷						8			50															3
2012	8	3	15	11	新竹市	新竹市2武陵路匝道口						8			50															3
2012	8	4	14	0	新竹市	新竹市2竹光路183巷11號						8			50															3
2012	8	3	16	16	新竹市	新竹市2西門街勝利路路口						8			50															3
2012	8	4	10	2	新竹市	新竹市1中華路二段林森路路口火車站前			0	2	0	8	1	5	50	4	1	1	5	4	5	7	1	1	10	5	5	2	16	2
2012	8	4	15	27	新竹市	新竹市3五福路二段792號						8			50															3
2012	8	4	17	0	新竹市	新竹市2中山路102-1號						8			50															3
2012	8	4	17	51	新竹市	新竹市2武陵路36號對面迴轉道						8			50															3
2012	8	3	12	46	新竹市	新竹市1建功一路2號	24.796688	120.998468				8			50															3
2012	8	3	16	5	新竹市	新竹市1公道五路130巷	24.79433965	121.0070411	0	1	0	8	1	5	50	3	1	1	5	4	5	7	2	1	10	5	5	2	16	2
2012	8	4	20	35	新竹市	新竹市1東光路195號	24.8060175	120.9863218				8			50															3
2012	8	2	16	0	新竹市	新竹市1林森路146號	24.79987	120.965274				6			50															3
2012	8	4	23	12	新竹市	新竹市2新港二路643號停車格前	24.8471481	120.9254049	0	1	0	8	3	5	50	14	9	1	5	4	5	7	4	4	5	4	5	2	3	2
2012	8	4	16	0	新竹市	新竹市2東大路二段173巷1弄35號	24.81501335	120.9647508				8			50															3
2012	8	4	13	10	新竹市	新竹市1介壽路金山街路口	24.7786679	121.0190966				8			50															3
2012	8	4	17	50	新竹市	新竹市2北大路287號	24.8065721	120.963323				8			50															3
2012	8	5	12	25	新竹市	新竹市1自由路95巷38弄12號	24.813013	120.978886				8			50															3
2012	8	4	10	50	新竹市	新竹市2東大路四段新港二路	24.8465196	120.9258441	0	1	0	8	1	5	50	4	1	1	5	4	5	7	4	4	10	5	5	2	15	2
2012	8	5	11	34	新竹市	新竹市2	24.81488335	120.9394568				8			90															3
2012	8	5	19	40	新竹市	新竹市1公道五路二段慈雲路路口加油站內	24.7960908	121.0131761				8																		3
2012	8	4	18	20	新竹市	新竹市2東大路三段公道五路路口	24.8310967	120.9554347	0	0	0	8	1	5	50	3	1	1	5	4	5	7	4	4	10	5	5	2	13	3
2012	8	5	19	10	新竹市	新竹市1中華路二段火車站前	24.8042903	120.9752282				8			50															3
2012	8	4	15	40	新竹市	新竹市1田美三街37號	24.81622355	120.9768306	0	1	0	8	1	5	50	3	2	1	5	4	5	7	4	4	9	5	5	1	16	2
2012	8	4	9	25	新竹市	新竹市3柴橋路139巷1月25日號	24.7626877	120.9640005				8			50															3
2012	8	4	10	15	新竹市	新竹市1光復路一段485巷1號	24.784027	121.013616				8			50															3
2012	8	1	14	50	新竹市	新竹市3景觀大道	24.7714132	120.952796				6			70															3
2012	8	2	17	10	新竹市	新竹市1科學園路174號			0	2	0	6	1	5	50	14	9	1	4	4	5	6	4	4	5	5	5	2	1	2
2012	8	1	19	52	新竹市	新竹市1埔頂路210巷						8			50															3
2012	8	6	8	47	新竹市	新竹市2東大路二段武陵路路口						8			50															3
2012	8	6	10	10	新竹市	新竹市2和福街集和街路口			0	1	0	8	1	5	40	4	1	1	5	4	5	7	4	4	10	5	5	2	15	2
2012	8	2	7	46	新竹市	新竹市1光復路二段942號			0	0	0	8	1	5	40	14	9	4	4	4	5	7	4	4	10	5	5	2	29	3
2012	8	5	4	15	新竹市	新竹市3大湖路191巷口弄			0	1	0	8	3	5	50	14	9	1	5	4	5	7	4	4	5	5	5	2	26	2
2012	8	6	17	0	新竹市	新竹市1青峰路			0	1	0	7	1	5	50	11	9	1	4	4	4	7	4	4	9	5	5	2	18	2
2012	8	6	19	43	新竹市	新竹市1東光路東勝路路口			0	1	0	6	3	5	50	4	1	1	4	4	5	7	1	1	10	5	5	2	16	2
2012	8	1	8	9	新竹市	新竹市3牛埔南路246巷6號						8			40															3
2012	8	1	12	25	新竹市	新竹市2中正路310號						6			50															3
2012	8	5	10	0	新竹市	新竹市1光復路一段71巷口			0	2	0	8	1	5	50	3	1	1	5	4	5	7	4	4	10	5	5	2	16	2
2012	8	6	20	30	新竹市	新竹市1經國路一段公道五路路口						6			50															3
2012	8	4	16	58	新竹市	新竹市1東門街34巷	24.804433	120.973299	0	4	0	8	1	5	50	4	1	1	5	4	5	7	4	4	10	5	5	2	15	2
2012	8	5	17	50	新竹市	新竹市1南大路600巷	24.79509185	120.9708905	0	1	0	8	1	5	50	3	1	1	5	4	5	7	4	4	10	5	5	2	14	2
2012	8	6	18	49	新竹市	新竹市1明湖路柴橋路	24.771598	120.9683462	0	1	0	8	3	5	50	14	9	1	5	4	5	7	4	4	5	5	5	1	17	2
2012	8	6	20	38	新竹市	新竹市3牛埔路413巷牛埔東路路口	24.7946903	120.9416714				8			50															3
2012	8	6	21	59	新竹市	新竹市2和平路219巷	24.81155155	120.954682	0	1	0	6	3	5	50	3	1	1	4	4	5	7	3	1	10	5	5	2	16	2
2012	8	7	7	17	新竹市	新竹市2東大路二段鐵道路路口	24.8198055	120.961431	0	4	0	8	1	5	50	4	1	1	5	4	5	7	1	1	10	5	5	2	16	2
2012	8	7	8	11	新竹市	新竹市1光復路二段312號	24.795646	120.998564				8			50															3
2012	8	7	8	18	新竹市	新竹市1中華路一段民主路路口	30.545	114.308421				8			50															3
2012	8	7	8	10	新竹市	新竹市2四維路62巷	24.7963071	120.964456	0	3	0	8	1	5	50	3	2	1	5	4	5	7	4	4	10	5	5	2	11	2
2012	8	7	9	39	新竹市	新竹市1建中路1620號路燈前	24.80133765	120.9949741				8			50															3
2012	8	6	20	0	新竹市	新竹市1文昌街復興路路口	24.8032102	120.96871	0	1	0	8	3	5	50	4	18	1	5	4	5	7	4	4	10	5	5	2	3	2
2012	8	7	12	20	新竹市	新竹市1明湖路361號	24.7853837	120.9680408	0	1	0	8	1	5	50	11	9	1	5	4	5	7	4	4	5	5	5	2	13	2
2012	8	3	12	49	新竹市	新竹市1食品路47號	24.799843	120.981257	0	1	0	8	1	5	50	15	9	1	5	4	5	7	4	4	5	4	5	2	16	2
2012	8	3	14	25	新竹市	新竹市1公道五路273號						8			50															3
2012	8	3	15	40	新竹市	新竹市1南大路222號			0	2	0	8	1	5	50	14	9	1	5	4	5	7	4	4	9	5	5	2	3	2
2012	8	3	16	40	新竹市	新竹市1南大路175號						8			50															3
2012	8	3	16	0	新竹市	新竹市1光復路一段366號			0	1	0	8	1	5	50	14	9	1	5	4	5	7	4	4	5	4	5	2	12	2
2012	8	6	18	0	新竹市	新竹市1青峰路段			0	1	0	8	2	5	50	11	9	1	3	4	1	7	4	4	5	5	5	2	18	2
2012	8	7	19	38	新竹市	新竹市1中央路281巷						8			50															3
2012	8	6	11	1	新竹市	新竹市1忠孝路建功一路路口			0	2	0	8	1	5	50	4	2	1	5	4	5	7	2	1	10	5	5	2	16	2
2012	8	6	15	6	新竹市	新竹市1中華路一段257-1號						8			50															3
2012	8	8	6	50	新竹市	新竹市2湳雅街176巷9月2日號						8			50															3
2012	8	8	8	0	新竹市	新竹市1光復路二段2巷45號						8			50															3
2012	8	7	17	45	新竹市	新竹市2光華二街72巷34弄						8																		3
2012	8	7	18	3	新竹市	新竹市2成德一街成德路路口			0	1	0	8	1	5	50	3	1	1	5	4	5	7	2	1	10	5	5	2	19	2
2012	8	1	15	54	新竹市	新竹市3中華路五段海山陸橋						6			50															3
2012	8	1	21	54	新竹市	新竹市1中央路251號						6			50															3
2012	8	7	2	28	新竹市	新竹市1明湖路客雅大道路口						6			50															3
2012	8	8	8	57	新竹市	新竹市2北大路105號對面車道						8			50															3
2012	8	8	12	10	新竹市	新竹市3海埔路171巷183號			0	1	0	8	1	5	50	14	9	1	5	4	5	7	4	4	10	5	5	2	18	2
2012	8	8	23	54	新竹市	新竹市1公道五路一段交流道口						8			50															3
2012	8	8	11	16	新竹市	新竹市1北大路光華街路口						8			50															3
2012	8	9	12	16	新竹市	新竹市1民生路三民路路口			0	1	0	8	1	5	50	14	9	1	5	4	5	7	4	4	5	4	5	1	18	2
2012	8	9	13	31	新竹市	新竹市2中華路二段708巷與福德街口						8			50															3
2012	8	5	15	45	新竹市	新竹市3牛埔路牛埔東路路口			0	1	0	8	1	5	50	3	1	1	5	4	5	7	1	1	10	5	5	2	16	2
2012	8	6	22	7	新竹市	新竹市1光復路二段光復中學前						6			50															3
2012	8	7	4	36	新竹市	新竹市2延平路一段477巷						8			50															3
2012	8	8	16	42	新竹市	新竹市2中華路三段67號			0	1	0	8	1	5	50	14	9	1	5	4	5	7	4	4	9	5	5	1	16	2
2012	8	7	17	59	新竹市	新竹市1高翠路6號						8			50															3
2012	8	8	9	0	新竹市	新竹市1埔頂路路燈30955號						8			50															3
2012	8	8	10	30	新竹市	新竹市3經國路三段92巷29號						8			50															3
2012	8	8	17	12	新竹市	新竹市1水源街52號			0	0	0	8	2	5	40	14	9	1	5	4	5	7	4	4	10	5	5	1	10	3