年	月	日	時	分	縣市	allLocation	GoogleLat	GoogleLng	死	受傷	2-30	天候	光線	道路類別	速限	道路型態	事故位置	路面鋪裝	路面狀態	路面缺陷	障礙物	視距	號誌種類	號誌動作	分向設施	快車道或一般車道間	快慢車道間	路面邊線	事故類型及型態	事故類別
2012	8	20	21	27	新竹市	新竹市1食品路西大路路口						8			50															3
2012	8	15	19	50	新竹市	新竹市3延平路二段519巷						8			50															3
2012	8	14	15	30	新竹市	新竹市1光復路一段525巷			0	1	0	8	1	5	40	11	9	1	5	4	5	7	4	4	10	5	5	1	11	2
2012	8	14	18	3	新竹市	新竹市1光復路一段576巷						8			50															3
2012	8	16	8	15	新竹市	新竹市3美森街8巷1號						8			50															3
2012	8	15	13	25	新竹市	新竹市1公道五路一段經國路路口						8			50															3
2012	8	7	19	45	新竹市	新竹市1水源街22巷口弄						8			40															3
2012	8	14	19	13	新竹市	新竹市1建新路50號						8			50															3
2012	8	16	9	25	新竹市	新竹市3中華路四段496號			0	1	0	8	1	5	50	3	1	1	5	4	5	7	4	4	10	5	5	2	13	2
2012	8	15	7	12	新竹市	新竹市1培英街35巷食品路路口155巷口			0	2	0	8	1	5	50	4	1	1	5	4	5	7	3	1	10	5	5	2	15	2
2012	8	15	10	19	新竹市	新竹市1中華路二段新竹火車站前入口車道						8			20															3
2012	8	15	11	20	新竹市	新竹市3中華路五段海山陸橋上			0	1	0	8	1	5	50	8	9	1	5	4	5	7	4	4	1	4	5	2	20	2
2012	8	15	12	59	新竹市	新竹市3景觀大道			0	2	0	8	1	5	40	14	8	1	5	4	5	7	4	4	1	4	1	2	18	2
2012	8	7	18	10	新竹市	新竹市1光復路二段902巷公園路路口227巷路口			0	2	0	8	1	5	50	4	1	1	5	4	5	7	4	4	10	5	5	2	15	2
2012	8	16	17	34	新竹市	新竹市1介壽路13號	24.7788002	121.0189417	0	1	0	6	2	5	50	14	9	1	4	4	5	7	4	4	1	4	5	1	12	2
2012	8	18	21	41	新竹市	新竹市1民權路163號	24.80911135	120.9742641				6			50															3
2012	8	18	20	25	新竹市	新竹市1學府路東南街路口	24.7941237	120.9767422				6			50															3
2012	8	13	20	10	新竹市	新竹市3浸水街25巷口弄	24.79820075	120.9364627				8			50															3
2012	8	20	8	58	新竹市	新竹市2中山路479-9號	24.8057471	120.967517				8			50															3
2012	8	20	15	10	新竹市	新竹市1慈雲路埔頂路路口	24.7874802	121.0095148				8			50															3
2012	8	21	6	40	新竹市	新竹市1金山23街金山南街口	39.03076985	106.3538138				8			50															3
2012	8	21	7	50	新竹市	新竹市1西大路110號前	24.796652	120.970667	0	2	0	8	1	5	50	14	9	1	5	4	5	7	4	4	5	4	5	2	11	2
2012	8	20	19	11	新竹市	新竹市3景觀大道五福路路口	24.7544226	120.9559179	0	2	0	8	3	5	70	4	1	1	5	4	5	7	1	1	10	5	5	2	16	2
2012	8	20	21	13	新竹市	新竹市1經國路一段379巷10號	24.8140913	120.9792264				8			50															3
2012	8	14	18	47	新竹市	新竹市2光華東一街47號	24.817308	120.977187	0	1	0	8	3	5	50	14	9	1	5	4	5	7	4	4	9	5	5	1	6	2
2012	8	21	7	53	新竹市	新竹市2中正路285號	24.813294	120.963326	0	3	0	8	1	5	50	14	9	1	5	4	5	7	4	4	5	4	5	1	3	2
2012	8	20	14	20	新竹市	新竹市2經國路二段延平路路口	24.8047718	120.9556443	0	1	0	8	1	5	50	4	1	1	5	4	5	7	1	1	10	5	5	2	16	2
2012	8	21	11	52	新竹市	新竹市2光華東一街101號	24.81715365	120.9777406				8			50															3
2012	8	14	19	50	新竹市	新竹市1埔頂所前	24.7949896	121.009835	0	1	0	8	4	5	50	14	9	1	5	4	5	7	4	4	1	4	5	2	3	2
2012	8	21	12	40	新竹市	新竹市1南大路興學街路口	24.7960145	120.9671324				8			50															3
2012	8	20	15	57	新竹市	新竹市1中華路二段東大路路口	24.8042903	120.9752282				8			50															3
2012	8	21	9	50	新竹市	新竹市3延平路二段342號	24.8083289	120.9338695				8			50															3
2012	8	21	14	0	新竹市	新竹市1光復路二段227號	24.799515	120.991103				8			50															3
2012	8	16	11	0	新竹市	新竹市3浸水南街50號	24.798266	120.92409	0	1	0	8	1	5	40	14	9	1	5	4	5	7	4	4	10	5	5	2	3	2
2012	8	3	12	30	新竹市	新竹市1興學街興中街路口	24.7965397	120.9667442	0	2	0	8	1	5	50	3	1	1	5	4	5	7	4	4	10	5	5	2	16	2
2012	8	21	19	55	新竹市	新竹市3牛埔東路568巷	24.7935484	120.9340072	0	2	0	8	3	5	50	14	9	1	5	4	5	7	4	4	4	5	5	1	18	2
2012	8	6	17	55	新竹市	新竹市1公道五路二段128號	24.79760605	121.0029783	0	1	0	8	1	5	50	14	8	1	5	4	5	7	4	4	1	5	1	2	18	2
2012	8	7	18	50	新竹市	新竹市1中華路二段東大路路口	24.8042903	120.9752282				8			50															3
2012	8	7	21	0	新竹市	新竹市2西大路605號	24.8096731	120.959004				8			50															3
2012	8	21	22	0	新竹市	新竹市1高峰路178-2號後門前	24.793965	120.972682				8			30															3
2012	8	9	18	32	新竹市	新竹市1光復路二段96號	24.792418	121.002798				8			50															3
2012	8	16	13	50	新竹市	新竹市3中華路四段牛埔南路路口	24.7887326	120.9300059	0	1	0	8	1	5	50	3	1	1	5	4	5	7	1	1	10	5	5	2	12	2
2012	8	18	8	30	新竹市	新竹市2光華北街國華街路口	24.8164941	120.9706882	0	1	0	8	1	5	50	4	1	1	5	4	5	7	1	1	10	5	5	2	12	2
2012	8	9	17	55	新竹市	新竹市1八德路12774號路燈旁	24.80454395	120.983633				8			50															3
2012	8	21	7	34	新竹市	新竹市1金山20街22號	24.77573615	121.0252316				8			40															3
2012	8	19	9	20	新竹市	新竹市3牛埔路418號	24.7978771	120.943149				8			50															3
2012	8	16	7	19	新竹市	新竹市2中華路三段67號	24.79677145	120.9607007	0	1	0	8	1	5	50	14	9	1	5	4	5	7	4	4	9	4	5	1	16	2
2012	8	19	15	30	新竹市	新竹市2和平路197號	24.811085	120.954559				8			50															3
2012	8	13	18	0	新竹市	新竹市1食品路134巷	24.79775865	120.9772037				8			50															3
2012	8	21	13	0	新竹市	新竹市1中華路二段115號	24.8074332	120.9805725				8			50															3
2012	8	17	7	37	新竹市	新竹市1田美街一段601號	24.8145218	120.9769905				8			50															3
2012	8	20	11	54	新竹市	新竹市2經國路二段537號	24.80359585	120.9552218																						3
2012	8	19	20	0	新竹市	新竹市2	24.81488335	120.9394568	0	1	0	8	4	7	80	14	13	1	5	4	5	7	4	4	1	4	5	1	13	2
2012	8	19	13	9	新竹市	新竹市1建功一路44號	24.797681	120.998158				8			50															3
2012	8	19	9	59	新竹市	新竹市1民生路260巷	24.81320985	120.9754233				8			50															3
2012	8	20	10	20	新竹市	新竹市3延平路三段392巷中清路	24.8303849	120.9285888				8			40															3
2012	8	22	8	26	新竹市	新竹市3玄奘路玄奘高分17電桿	24.774262	120.945124				8			50															3
2012	8	22	8	50	新竹市	新竹市2天府路一段150-1號	24.8363155	120.9398668	0	1	0	8	1	5	50	3	2	1	5	4	5	7	2	1	10	5	5	2	12	2
2012	8	22	9	19	新竹市	新竹市3中華路四段330號	24.793351	120.943916				8			50															3
2012	8	22	11	35	新竹市	新竹市1金山22街、金山南街口	39.03076985	106.3538138				8			50															3
2012	8	22	13	51	新竹市	新竹市2大同路47號	24.803818	120.969072				8			50															3
2012	8	20	19	30	新竹市	新竹市2東大路四段聖軍路路口	24.8442489	120.9305348	0	1	0	8	3	5	50	3	1	1	5	4	5	7	3	1	10	5	5	2	16	2
2012	8	22	19	35	新竹市	新竹市1寶山路381之1號	24.7333439	121.0273382	0	1	0	6	3	5	50	14	9	1	4	4	5	7	4	4	1	4	5	2	13	2
2012	8	22	17	41	新竹市	新竹市3中華路五段648巷41號	24.76843	120.9143501	0	1	0	8	1	5	40	14	9	1	5	4	5	7	4	4	10	5	5	2	10	2
2012	8	20	17	55	新竹市	新竹市1光復路二段東光路路口	24.8011347	120.9870763				8			50															3
2012	8	21	16	23	新竹市	新竹市1中央路255號	24.810038	120.977401				8			50															3
2012	8	21	19	25	新竹市	新竹市1光復路二段962號						8			50															3
2012	8	21	23	38	新竹市	新竹市1興學街50巷與興竹街口						8			50															3
2012	8	23	8	35	新竹市	新竹市1埔頂路117號						6			50															3
2012	8	22	18	3	新竹市	新竹市2台68線東西向快速道路5.4K往武陵匝道方向						8			90															3
2012	8	22	17	10	新竹市	新竹市3中華路四段421號	24.79134385	120.9394656	0	1	0	8	1	5	50	14	7	1	5	4	5	7	4	4	1	4	4	2	24	2
2012	8	9	10	49	新竹市	新竹市1東大路一段187巷	24.809001	120.971083	0	1	0	8	1	5	50	3	9	1	5	4	5	7	4	4	1	5	1	2	12	2
2012	8	23	0	10	新竹市	新竹市1光復路一段528號	24.8145939	120.97652				6			50															3
2012	8	23	9	10	新竹市	新竹市3柴橋路117巷口	24.76580075	120.9649635	0	1	0	6	1	5	50	11	9	1	4	4	5	7	4	4	9	4	5	2	17	2
2012	8	11	21	30	新竹市	新竹市1中華路二段294號	24.80346815	120.9739119	0	2	0	8	3	5	50	14	22	1	5	4	5	7	4	4	5	4	5	2	12	2
2012	8	23	12	43	新竹市	新竹市3五福路二段900號茄苳加油站內	24.754482	120.954223	0	1	0	8	1	8	10	15	22	2	2	4	5	7	4	4	10	5	5	2	29	2
2012	8	23	14	17	新竹市	新竹市3牛埔路448號	24.79707155	120.9421264	0	1	0	8	1	5	50	14	9	1	5	4	5	7	4	4	5	5	5	1	17	2
2012	8	23	9	6	新竹市	新竹市3內湖路34巷	24.744919	120.9053152	0	1	0	6	1	5	50	3	1	1	4	4	5	7	4	4	10	5	5	2	11	2
2012	8	23	17	20	新竹市	新竹市1光復路二段建功路路口	24.7932831	121.001211				8			50															3
2012	8	23	19	45	新竹市	新竹市1興竹街78號前	24.7969389	120.9650013	0	2	0	7	3	5	50	14	9	1	5	4	5	7	4	4	10	5	5	2	16	2
2012	8	23	20	49	新竹市	新竹市1明志書院停車場6F						8			20															3
2012	8	22	14	11	新竹市	新竹市1竹蓮街南大路路口						8			50															3
2012	8	22	16	50	新竹市	新竹市1明湖路773號			0	2	0	7	1	5	50	11	9	1	4	4	5	7	4	4	5	5	5	2	16	2
2012	8	24	1	8	新竹市	新竹市2	24.81488335	120.9394568	0	1	0	8	3	5	50	4	1	1	5	4	5	7	4	4	10	5	5	2	16	2
2012	8	12	16	0	新竹市	新竹市2中正路406號	24.8150807	120.9622159				8			50															3
2012	8	12	20	30	新竹市	新竹市1食品路167號	24.796859	120.9761				8			50															3
2012	8	24	7	42	新竹市	新竹市1埔頂路6巷	24.7927581	121.0074293				8			50															3
2012	8	24	11	50	新竹市	新竹市3五福路一段19巷13弄8號	24.7431961	120.912698				8			40															3
2012	8	24	16	30	新竹市	新竹市3海埔路131號	24.818964	120.925308				8			50															3
2012	8	23	11	0	新竹市	新竹市1中華路二段37號	24.80876	120.982538				8			50															3
2012	8	24	17	39	新竹市	新竹市2東大路二段鐵道路路口	24.8198055	120.961431				8			50															3
2012	8	24	15	20	新竹市	新竹市1東門園環	24.8042116	120.9705392	0	1	0	8	1	5	50	16	9	1	5	4	5	7	4	4	8	3	5	2	16	2
2012	8	20	10	20	新竹市	新竹市3中華路四段東華路路口	24.7937116	120.9456828				8			50															3
2012	8	23	18	0	新竹市	新竹市1關東路197號	24.790106	121.01919				8			50															3
2012	8	23	8	0	新竹市	新竹市1明湖路713號	24.7702698	120.9734533				8			50															3
2012	8	24	21	35	新竹市	新竹市1食品路262號	24.79443705	120.9718793				8			50															3
2012	8	23	9	0	新竹市	新竹市1林森路174號	24.79941	120.964422				6			50															3
2012	8	23	10	15	新竹市	新竹市1光復路一段16號	24.788932	121.007146				8			50															3
2012	8	4	15	35	新竹市	新竹市2南寮街123號前	24.8326076	120.9751008				8			50															3
2012	8	3	10	19	新竹市	新竹市1光復路二段大學路路口	24.7910677	121.0049133	0	1	0	8	1	5	50	4	2	1	5	4	5	7	2	1	10	5	5	2	16	2
2012	8	23	12	0	新竹市	新竹市1光復路二段988號	24.8036451	120.979312				8			50															3
2012	8	23	12	36	新竹市	新竹市1振興路68號	24.7953981	120.95987				8			50															3
2012	8	5	10	6	新竹市	新竹市2中正路370巷口	24.877496	121.054991	0	2	0	8	1	5	50	3	2	5	5	4	5	7	4	4	10	5	5	2	13	2
2012	8	23	17	21	新竹市	新竹市1光復路二段72號	24.7921201	121.003225				8			50															3
2012	8	24	20	15	新竹市	新竹市2東西向台68線5.4K處	24.7565828	121.0734224				8			50															3
2012	8	24	21	30	新竹市	新竹市1愛民街18號	24.7849873	121.0080187				8			30															3
2012	8	25	0	38	新竹市	新竹市1東勝路新光路路口附近停車格(31)	24.8033078	120.9892595				8			50															3
2012	8	25	7	35	新竹市	新竹市2聖軍路尚濱路路口	24.8420001	120.9291429	0	3	0	8	1	5	50	4	1	1	5	4	5	7	3	1	10	5	5	2	16	2
2012	8	21	14	55	新竹市	新竹市1明湖路393巷口弄	24.7729067	120.9770276				8			50															3
2012	8	22	20	20	新竹市	新竹市2竹光路與西大路口	24.81123495	120.9564743				8			50															3
2012	8	13	19	35	新竹市	新竹市1南大路556號	24.79462	120.964337	0	1	0	8	3	5	50	14	9	1	5	4	5	7	4	4	5	5	5	1	17	2
2012	8	23	11	35	新竹市	新竹市1食品路326巷	24.79434355	120.9698818				8			50															3
2012	8	25	9	51	新竹市	新竹市1西大路96號	24.796282	120.971	0	2	0	8	1	5	50	4	2	1	5	4	5	7	3	1	5	4	5	1	10	2
2012	8	25	15	52	新竹市	新竹市3中華路四段556號	24.78903605	120.9304323	0	1	0	7	1	5	50	14	8	1	5	4	5	7	4	4	1	4	4	2	17	2
2012	8	24	22	25	新竹市	新竹市1中華路二段民權路路口	24.8055397	120.9770756	0	2	0	7	1	5	50	4	1	1	5	4	5	7	1	1	1	4	5	2	16	2
2012	8	1	7	40	新竹市	新竹市3牛埔路343號	24.7978951	120.944258				6			50															3
2012	8	5	15	36	新竹市	新竹市2經國路一段東大路路口	24.8137323	120.9674304	0	1	0	8	1	5	50	4	1	1	5	4	5	7	2	1	10	5	5	2	16	2
2012	8	25	19	43	新竹市	新竹市1光復路一段188號	24.7818901	121.022187	0	1	0	7	3	5	50	14	9	1	5	4	5	7	4	4	5	4	5	2	16	2
2012	8	12	19	2	新竹市	新竹市2西濱路一段1巷40號	24.8290492	120.9216121	0	1	0	6	3	5	40	11	9	1	4	4	5	1	4	4	10	5	5	2	11	2
2012	8	21	14	50	新竹市	新竹市1寶山路210巷	24.792025	120.9756149				8			50															3
2012	8	20	10	34	新竹市	新竹市2延平路一段537號						8			50															3
2012	8	21	7	45	新竹市	新竹市2水田街150巷			0	3	0	8	1	5	50	4	1	1	5	4	5	7	4	4	10	5	5	2	15	2
2012	8	20	7	40	新竹市	新竹市1民享街159巷8號						8			50															3
2012	8	26	2	30	新竹市	新竹市1經國路二段自由路路口						8			50															3
2012	8	26	6	10	新竹市	新竹市2愛文街民富街路口						8			50															3
2012	8	23	13	21	新竹市	新竹市1中華路二段西大路路口						8			50															3
2012	8	25	16	40	新竹市	新竹市1東光路57號對面			0	2	0	8	1	5	50	14	9	1	5	4	5	7	4	4	5	4	5	2	12	2
2012	8	13	9	40	新竹市	新竹市3經國路三段牛埔路路口			0	1	0	8	1	5	50	4	1	1	5	4	5	7	1	1	10	5	5	2	16	2
2012	8	26	11	29	新竹市	新竹市1水源街55巷						8			50															3
2012	8	26	11	35	新竹市	新竹市3中華路六段703巷			0	1	0	8	1	5	50	3	1	1	5	4	5	7	2	1	10	5	5	2	16	2
2012	8	13	11	30	新竹市	新竹市2中正路英明街路口			0	2	0	8	1	5	50	4	1	1	5	4	5	7	1	1	10	5	5	2	15	2
2012	8	26	13	30	新竹市	新竹市2湳雅街50號						6			50															3
2012	8	26	17	9	新竹市	新竹市1公園路光復路路口	24.7873656	121.0096554				8			50															3
2012	8	26	17	40	新竹市	新竹市2東大路三段186號	24.83324075	120.9468056				8			50															3
2012	8	16	12	24	新竹市	新竹市1公道五路二段130巷2弄5號	24.79433965	121.0070411	0	0	0	8	1	5	40	13	9	1	5	4	5	7	4	4	10	5	5	2	12	3
2012	8	24	18	27	新竹市	新竹市1光復路一段478號	24.8147556	120.9781383				8			50															3
2012	8	24	17	10	新竹市	新竹市1東門街71號	24.80385	120.971569				8			50															3
2012	8	21	12	4	新竹市	新竹市2林森路280號	24.797651	120.961867				8			50															3
2012	8	21	11	33	新竹市	新竹市2湳雅街187巷	24.8219504	120.9716382	0	1	0	8	1	5	50	4	1	1	5	4	5	7	4	4	10	5	5	2	16	2
2012	8	26	19	1	新竹市	新竹市2北大路374號	24.805355	120.960843	0	3	0	8	3	5	50	3	1	1	5	4	5	7	4	4	10	4	5	2	16	2
2012	8	22	7	49	新竹市	新竹市1公道五路三段188號	24.81462735	120.9857367				8			50															3
2012	8	24	10	0	新竹市	新竹市1光復路一段362-15號	24.784219	121.016835				8			50															3
2012	8	24	11	40	新竹市	新竹市2延平路三段108號			0	1	0	8	1	5	50	14	9	1	5	4	5	7	4	4	5	5	5	1	13	2
2012	8	25	11	40	新竹市	新竹市1光復路二段802號						8			50															3
2012	8	25	16	0	新竹市	新竹市1公道五路慈雲路路口						8			50															3
2012	8	25	6	58	新竹市	新竹市1八德路忠孝路路口						8			50															3
2012	8	11	13	24	新竹市	新竹市1光復路二段690號						8			50															3
2012	8	11	17	17	新竹市	新竹市1光復路二段金城一路路口						8			50															3
2012	8	14	10	45	新竹市	新竹市3東香路一段往景觀大道附近下坡處			0	2	0	8	1	5	50	12	9	1	5	4	5	7	4	4	10	5	5	2	11	2
2012	8	19	19	27	新竹市	新竹市1埔頂路慈濟路路口			0	1	0	8	3	5	50	3	1	1	5	4	5	7	4	4	10	5	5	2	16	2
2012	8	23	13	15	新竹市	新竹市3中華路六段北二高交流道口前						8			50															3
2012	8	27	6	55	新竹市	新竹市2新香街與客雅大道口						8			50															3
2012	8	27	8	57	新竹市	新竹市1食品路297號						8			50															3
2012	8	27	14	30	新竹市	新竹市1光復路二段科學園路路口						8			50															3
2012	8	27	11	57	新竹市	新竹市1光復路一段大學路路口						8			50															3
2012	8	11	15	36	新竹市	新竹市2新竹市2東西向快速道路5.6K西向	24.79630215	121.033326				8			80															3
2012	8	26	18	0	新竹市	新竹市1八德路182號	24.878652	121.0602196	0	2	0	8	1	5	50	14	9	1	5	4	5	7	4	4	9	5	5	1	12	2
2012	8	10	7	35	新竹市	新竹市1南大路36號	24.802948	120.978002				8			50															3
2012	8	27	16	10	新竹市	新竹市1經國路一段442巷鐵道路路口	24.8147874	120.9808653				8			50															3
2012	8	10	9	25	新竹市	新竹市1關東路	24.7815604	121.0225342	0	4	0	8	1	5	50	4	1	1	5	4	5	7	3	1	10	5	5	2	12	2
2012	8	27	17	50	新竹市	新竹市2中正路313號	24.8139211	120.962654				8			50															3
2012	8	27	19	50	新竹市	新竹市2中山路大同路路口	24.34623015	120.6264257	0	2	0	8	3	5	50	4	1	1	5	4	5	7	3	3	10	5	5	2	15	2
2012	8	27	19	45	新竹市	新竹市3中華路六段245號	24.7427097	120.9082379	0	2	0	7	4	5	50	14	8	1	5	4	5	7	4	4	9	4	4	2	13	2
2012	8	21	7	20	新竹市	新竹市1光復路一段572巷	24.7924614	121.0067013				8			50															3
2012	8	24	9	26	新竹市	新竹市2景觀大道10667號路燈桿前	24.81488335	120.9394568	0	1	0	8	1	5	50	14	11	1	5	4	5	7	4	4	3	4	3	2	20	2
2012	8	7	18	20	新竹市	新竹市2中華路三段121巷口弄	24.7913022	120.9389879	0	1	0	8	2	5	50	4	1	1	5	4	5	7	1	1	10	5	5	2	17	2
2012	8	24	16	28	新竹市	新竹市2東門街216號	24.8046673	120.9661692				8			50															3
2012	8	7	22	55	新竹市	新竹市1花園新城街15巷6號	24.765026	120.979348				8			40															3
2012	8	24	11	47	新竹市	新竹市1光復路一段89巷161號	24.7779621	121.0256	0	1	0	8	1	5	50	3	2	1	5	4	5	7	4	4	10	5	5	2	16	2
2012	8	18	7	25	新竹市	新竹市1關東路376巷口弄	24.81798725	120.9843905	0	1	0	8	1	5	50	14	9	1	5	4	5	7	4	4	5	4	4	2	17	2
2012	8	18	9	30	新竹市	新竹市1關新路19巷	24.7842919	121.0181496				8			40															3
2012	8	18	11	50	新竹市	新竹市1金山7街75號	24.7772121	121.020211				8			40															3
2012	8	21	9	58	新竹市	新竹市2中華路二段育英街口	24.989459	121.422164	0	1	0	8	1	5	50	5	1	1	5	4	5	7	1	1	10	5	5	2	17	2
2012	8	22	8	30	新竹市	新竹市1光復路二段407號	24.8014764	120.9851297				8			50															3
2012	8	23	1	7	新竹市	新竹市1林森路182巷	24.799174	120.964231				6			50															3
2012	8	22	11	50	新竹市	新竹市3延平路二段727巷22號	24.8062271	120.921014				8			40															3
2012	8	22	14	30	新竹市	新竹市3中華路五段648巷口弄	24.7666382	120.9141826				8			50															3
2012	8	24	8	15	新竹市	新竹市2景觀大道與客雅大道口約6公尺處	24.81488335	120.9394568				8			70															3
2012	8	22	9	50	新竹市	新竹市2中正路357號	24.814776	120.962118				8			50															3
2012	8	25	12	45	新竹市	新竹市1東門街187號	24.804426	120.966383				8			50															3
2012	8	27	21	10	新竹市	新竹市2四維路163-3號	24.8636969	121.023421				8			50															3
2012	8	6	20	15	新竹市	新竹市1經國路一段鐵道路路口	24.8147874	120.9808653				6			50															3
2012	8	24	22	43	新竹市	新竹市3經國路三段2巷	24.7991919	120.953374				8			50															3
2012	8	5	16	42	新竹市	新竹市3中華路五段頂埔路路口	24.7882139	120.9286821	0	3	0	8	1	5	50	3	2	1	5	4	5	7	4	4	1	4	5	2	12	2
2012	8	27	11	10	新竹市	新竹市1光復路一段476巷	24.7924614	121.0067013				8			50															3
2012	8	19	14	37	新竹市	新竹市2東大路四段110號	24.842793	120.933604				8			50															3
2012	8	28	14	45	新竹市	新竹市2警光路18號	24.79735865	120.9571228	0	1	0	7	1	5	50	14	9	1	5	4	5	7	4	4	9	5	5	1	17	2
2012	8	28	14	11	新竹市	新竹市1光復路一段龍山國小前	24.81532425	120.9651345	0	2	0	8	1	5	50	3	1	1	5	4	5	7	1	1	10	5	5	2	13	2
2012	8	7	7	0	新竹市	新竹市2延平路二段51號	24.805009	120.942433	0	1	0	7	1	5	40	3	1	1	5	4	5	7	4	4	9	5	5	2	11	2
2012	8	28	9	19	新竹市	新竹市1光復路二段752號	24.79834225	120.9906022				8			50															3
2012	8	23	14	45	新竹市	新竹市1民主路251號	24.813985	120.976918				8			50															3
2012	8	28	15	30	新竹市	新竹市1光復路一段475號	24.784092	121.014731				8			50															3
2012	8	28	18	50	新竹市	新竹市3中華路四段204號	24.795696	120.949242				8			50															3
2012	8	28	23	15	新竹市	新竹市3牛埔東路牛埔路路口413巷口	24.7932934	120.9356498	0	1	0	8	3	5	50	3	1	1	5	4	5	7	4	4	10	5	5	2	16	2
2012	8	13	11	53	新竹市	新竹市1中華路二段民生路路口	24.84574635	121.2236621	0	1	0	8	1	5	50	3	1	1	5	4	5	7	1	1	10	5	5	2	16	2
2012	8	13	10	30	新竹市	新竹市1光復路二段金城一路路口	24.7932831	121.001211	0	2	0	8	1	5	50	3	1	1	5	4	5	7	2	1	10	5	5	2	15	2
2012	8	13	13	0	新竹市	新竹市1光復路二段建功路路口	24.7932831	121.001211				8			50															3
2012	8	29	14	40	新竹市	新竹市2成功路172巷3弄24/26號	24.813405	120.952715				8			40															3
2012	8	16	17	29	新竹市	新竹市2成德一街近羽化館	24.7895617	120.9566158	0	1	0	6	1	5	40	11	9	1	4	4	5	1	4	4	5	5	5	1	18	2
2012	8	29	14	50	新竹市	新竹市1光復路一段介壽路路口	24.7818596	121.0211214				8			50															3
2012	8	29	14	43	新竹市	新竹市1中華路二段64號	24.808311	120.980994																						3
2012	8	29	16	22	新竹市	新竹市2經國路二段北新街路口	24.8034591	120.9550289	1	1	0	8	1	5	50	3	18	1	5	4	5	7	2	1	10	5	5	2	3	1
2012	8	19	16	30	新竹市	新竹市1中華路一段2巷匝道口	29.857088	121.5551922				8			40															3
2012	8	28	7	45	新竹市	新竹市2湳雅街292號	24.8226262	120.9764493				8			50															3
2012	8	28	9	25	新竹市	新竹市1中華路二段10巷	24.80896535	120.9825236	0	0	0	8	1	5	50	3	1	1	5	4	5	7	3	1	10	5	5	2	12	3
2012	8	28	18	54	新竹市	新竹市1光華街18巷公園旁	24.81612005	120.9753195	0	2	0	8	3	5	50	14	8	1	5	4	5	7	4	4	10	5	5	2	3	2
2012	8	29	18	55	新竹市	新竹市3牛埔東路67號	24.79854295	120.9495652				8			50															3
2012	8	29	16	23	新竹市	新竹市3大庄路65號	24.789805	120.927889	0	3	0	8	1	5	50	14	9	1	5	4	5	7	4	4	5	5	5	2	16	2
2012	8	28	11	15	新竹市	新竹市2溪洲路湳雅橋旁	24.80086225	120.9876669				8			50															3
2012	8	29	18	14	新竹市	新竹市1中華路一段2巷與宏城駕訓路口	24.8193477	120.9955776	0	1	0	8	1	5	50	3	1	1	5	4	5	7	4	4	10	5	5	2	11	2
2012	8	29	3	22	新竹市	新竹市2光華二街114號	24.820427	120.976926				8			50															3
2012	8	29	20	37	新竹市	新竹市2武陵路(荷蘭村前路口)	24.8173271	120.9640372	0	0	0	8	3	5	50	14	9	1	5	4	5	7	4	4	9	4	5	2	13	3
2012	8	28	17	0	新竹市	新竹市1光復路二段282號	24.795188	120.999087				8			50															3
2012	8	29	19	25	新竹市	新竹市1中華路一段鐵道路路口	24.8128035	120.9853889				8			50															3
2012	8	29	23	12	新竹市	新竹市1建功一路42巷	24.797912	120.998072				8			50															3
2012	8	29	19	53	新竹市	新竹市2湳雅街176巷	24.8209951	120.974671	0	1	0	8	3	5	50	14	9	1	5	4	5	7	4	4	8	5	5	2	16	2
2012	8	30	3	17	新竹市	新竹市1中華路二段民生路路口	24.84574635	121.2236621	0	2	0	8	3	5	50	3	1	1	5	4	5	7	1	1	10	5	5	2	16	2
2012	8	30	7	38	新竹市	新竹市2東大路二段429巷	24.8185241	120.9630951				8			50															3
2012	8	25	5	10	新竹市	新竹市1南大路320號	24.7988761	120.9712829	0	1	0	8	2	5	50	14	9	1	5	4	5	7	4	4	9	4	5	1	2	2
2012	8	26	1	14	新竹市	新竹市2湳雅街農改路口	24.8178793	120.9706768				8			50															3
2012	8	29	13	39	新竹市	新竹市3牛埔東路牛埔路路口	24.799689	120.9515893				8			50															3
2012	8	29	10	27	新竹市	新竹市2經國路二段368號	24.8076931	120.957547				8			50															3
2012	8	18	19	34	新竹市	新竹市2中央路29號	24.8046971	120.96712				8			50															3
2012	8	28	18	6	新竹市	新竹市1公道五路二段279號	24.80357935	120.9961211				8			50															3
2012	8	28	15	27	新竹市	新竹市1南大路光復路路口	24.8033933	120.9790255				8			50															3
2012	8	20	18	30	新竹市	新竹市1民族路30號	24.804568	120.972476				8			50															3
2012	8	30	12	43	新竹市	新竹市1光復路一段369號	24.783356	121.017211	0	2	0	8	1	5	50	14	9	1	5	4	5	7	4	4	5	4	5	2	13	2
2012	8	30	16	32	新竹市	新竹市2北大路179號	24.8086011	120.96648				8			50															3
2012	8	30	16	4	新竹市	新竹市3牛埔東路景觀大道路口	24.7585468	120.9585146				8			50															3
2012	8	26	12	0	新竹市	新竹市1公園路216巷笑傲江湖KTV出入口	24.8041558	120.9811077				6			50															3