年	月	日	時	分	縣市	allLocation	GoogleLat	GoogleLng	死	受傷	2-30	天候	光線	道路類別	速限	道路型態	事故位置	路面鋪裝	路面狀態	路面缺陷	障礙物	視距	號誌種類	號誌動作	分向設施	快車道或一般車道間	快慢車道間	路面邊線	事故類型及型態	事故類別
2012	8	30	17	50	新竹市	新竹市3牛埔東路192巷	24.7966834	120.9453212				8			50															3
2012	8	30	18	32	新竹市	新竹市1明湖路443巷5公尺處	24.7805649	120.9678135				8			40															3
2012	8	26	9	49	新竹市	新竹市1光復路一段536號	24.7924614	121.0067013				8			50															3
2012	8	10	19	10	新竹市	新竹市2東大路二段鐵道路路口	24.8198055	120.961431				8			50															3
2012	8	30	18	40	新竹市	新竹市1民族路241巷1號	24.8107261	120.981051				8			40															3
2012	8	30	20	40	新竹市	新竹市1科園路90號	24.817663	120.988925				8			50															3
2012	8	1	8	23	新竹市	新竹市1明湖路608巷	24.7763004	120.9668355				6			50															3
2012	8	17	16	0	新竹市	新竹市3中華路四段192號	24.795813	120.949505	0	1	0	7	1	5	50	14	9	1	5	4	5	7	4	4	1	4	4	2	17	2
2012	8	9	20	37	新竹市	新竹市2中正路340號	24.813859	120.96334				8			50															3
2012	8	17	18	11	新竹市	新竹市1中華路一段35號	24.817656	120.995352	0	1	0	8	1	5	50	14	9	1	5	4	5	7	4	4	1	4	5	1	16	2
2012	8	30	22	10	新竹市	新竹市2經國路二段北新街路口	24.8034591	120.9550289	0	0	0	8	3	5	50	3	9	1	5	4	5	7	1	1	1	4	5	2	13	3
2012	8	10	18	33	新竹市	新竹市2武陵路50號	24.8204651	120.9668021				8			50															3
2012	8	24	6	4	新竹市	新竹市1中華路二段696號	24.797943	120.964788	0	0	0	8	1	5	50	14	9	1	5	4	5	7	4	4	5	5	5	1	13	3
2012	8	12	16	42	新竹市	新竹市2國光街70號前	24.8118031	120.960568																						3
2012	8	22	11	45	新竹市	新竹市1經國路二段168號	24.81096755	120.9628448				8			50															3
2012	8	18	13	33	新竹市	新竹市3牛埔東路328號	24.7964959	120.9448446	0	0	0	8	1	5	50	14	9	1	5	4	5	7	4	4	7	4	5	1	12	3
2012	8	23	20	0	新竹市	新竹市1東門圓環中正路口	24.8044523	120.9702289	0	2	0	8	3	5	50	16	9	1	5	4	5	7	4	4	10	4	5	2	16	2
2012	8	21	12	11	新竹市	新竹市1建功一路31巷	24.7974169	120.9979322				8			50															3
2012	8	27	7	50	新竹市	新竹市1公道五路二段經國路路口384巷10弄	24.819359	120.9825494				8			50															3
2012	8	31	8	3	新竹市	新竹市1長春街10號	24.7847758	121.0137615				8			50															3
2012	8	31	9	45	新竹市	新竹市2經國路二段城北街路口	24.811415	120.9635475	0	3	0	8	1	5	50	4	1	1	5	4	5	7	1	1	1	4	4	2	16	2
2012	8	21	17	26	新竹市	新竹市1光復路一段335巷	24.7815838	121.0170363	0	1	0	8	1	5	50	5	2	1	5	4	5	7	2	1	10	5	5	2	16	2
2012	8	1	12	20	新竹市	新竹市2經國路二段磐石路路口	24.8078863	120.9580757				6			50															3
2012	8	30	6	30	新竹市	新竹市3中華路五段331巷26858號路燈前	24.77666175	120.9194035				8			40															3
2012	8	30	10	0	新竹市	新竹市3延平路二段1482號	24.821905	120.927256	0	0	0	8	1	5	50	3	2	1	5	4	5	7	3	1	5	4	5	2	16	3
2012	8	31	11	6	新竹市	新竹市3柴橋路355號	24.7662169	120.9623674	0	1	0	8	1	5	50	14	9	1	5	4	5	7	4	4	5	5	5	1	16	2
2012	8	30	17	45	新竹市	新竹市1中華路二段民生路路口	24.84574635	121.2236621				8			50															3
2012	8	31	12	0	新竹市	新竹市1埔頂路慈雲路路口	24.7929205	121.0125589				8			50															3
2012	8	18	20	42	新竹市	新竹市1自由路52號	24.8117968	120.9818542	0	2	0	6	4	5	50	14	9	1	4	4	5	7	4	4	5	4	5	1	17	2
2012	8	22	8	35	新竹市	新竹市1大學路81巷	24.788634	121.002887				8			50															3
2012	8	31	14	15	新竹市	新竹市3中華路五段664巷	24.7677206	120.9158014	0	3	0	8	1	5	50	4	1	1	5	4	5	7	1	1	10	5	5	2	16	2
2012	8	17	3	5	新竹市	新竹市1經國路一段民生路路口	24.8142127	120.9742827				8			50															3
2012	8	18	16	0	新竹市	新竹市2仁德街171-1號世界街路口	24.806324	120.9641509				8			40															3
2012	8	17	21	10	新竹市	新竹市2武陵路171-1號	24.82089825	120.9681559	0	1	0	8	3	5	50	14	9	1	5	4	5	7	1	1	10	5	5	2	12	2
2012	8	18	18	53	新竹市	新竹市1中華路二段10巷4弄1號	24.8092501	120.982469	0	1	0	8	4	5	40	13	9	1	5	4	5	7	4	4	10	5	5	2	9	2
2012	8	31	18	40	新竹市	新竹市1東南街77號	24.799055	120.973359				8			50															3
2012	8	16	19	37	新竹市	新竹市3延平路二段6號	24.8055074	120.9425802	0	1	0	8	3	5	50	15	9	1	5	4	5	7	4	4	10	5	5	2	12	2
2012	8	26	0	45	新竹市	新竹市1東西向快速道路8.7公里處	24.822319	120.9799914				8			90															3
2012	8	19	9	45	新竹市	新竹市1明湖路775巷青草湖停車場出口	24.7739893	120.966503	0	1	0	8	1	5	50	14	9	1	5	4	5	7	4	4	10	5	5	2	17	2
2012	8	18	22	50	新竹市	新竹市2中山路153號	24.8032591	120.9634707				8			50															3
2012	8	19	15	32	新竹市	新竹市3景觀大道觀景台前	31.3512963	120.9811634				8			50															3
2012	8	20	13	12	新竹市	新竹市2延平路二段729號	24.80700685	120.9319304				8			50															3
2012	8	19	17	41	新竹市	新竹市2東大路四段36號	24.842128	120.936067				8			50															3
2012	8	26	14	56	新竹市	新竹市1光華東街9號前	24.8149421	120.973909	0	1	0	8	1	5	50	14	9	1	4	4	5	7	4	4	5	5	5	1	17	2
2012	8	20	0	10	新竹市	新竹市1建功一路32號	24.797438	120.998219	0	2	0	8	3	5	50	14	9	1	5	4	5	7	4	4	9	5	5	2	3	2
2012	8	22	17	0	新竹市	新竹市2北大路92巷	24.81135465	120.9705305	0	2	0	8	1	5	50	3	1	1	5	4	5	7	4	4	10	5	5	2	16	2
2012	8	25	21	8	新竹市	新竹市1光復路二段金城一路路口	24.7932831	121.001211				8			50															3
2012	8	14	13	5	新竹市	新竹市1寶山路156號	24.792025	120.9756149				8			50															3
2012	8	20	13	55	新竹市	新竹市3中華路四段牛埔南路路口	24.7887326	120.9300059				8			50															3
2012	8	16	12	7	新竹市	新竹市1光復路二段新源街路口	24.7996566	120.9914693				8			50															3
2012	8	23	10	42	新竹市	新竹市1東門街87號	24.8040778	120.9698587				8			50															3
2012	8	23	12	30	新竹市	新竹市2西大路517號	24.8061677	120.9623803	0	1	0	8	1	5	50	3	1	1	5	4	5	7	4	4	10	5	5	2	16	2
2012	8	16	17	13	新竹市	新竹市2湳雅街139號	24.8194684	120.9725838				8			50															3
2012	8	17	18	48	新竹市	新竹市2延平路一段406巷15號	24.8056081	120.948826				8			50															3
2012	8	29	8	58	新竹市	新竹市2延平路一段159巷	24.804399	120.956522				8			50															3
2012	8	29	14	30	新竹市	新竹市1東大路一段157號	24.808662	120.97124				8			50															3
2012	8	29	12	51	新竹市	新竹市1公道五路二段202號	24.8019741	121.0001719				8			50															3
2012	8	28	12	30	新竹市	新竹市3大庄路110號	24.791461	120.926126				8			50															3
2012	8	24	9	0	新竹市	新竹市2東大路二段618號	24.8227531	120.958669	0	1	0	8	1	5	50	14	9	1	5	4	5	7	4	4	9	5	5	1	16	2
2012	8	31	17	4	新竹市	新竹市1經國路一段113巷	24.8143558	120.989793	0	1	0	8	1	5	50	4	1	1	5	4	5	7	1	1	10	5	5	2	16	2
2012	8	24	10	0	新竹市	新竹市1中華路二段162巷	24.8063911	120.9784284				8			40															3
2012	8	23	14	16	新竹市	新竹市1公道五路三段421號						8			50															3
2012	8	26	16	48	新竹市	新竹市3明湖路、柴橋路口						8			50															3
2012	8	24	15	48	新竹市	新竹市1光復路二段132號	24.7931748	121.0018983	0	1	0	8	1	5	50	14	9	1	5	4	5	7	4	4	1	4	5	2	12	2
2012	8	30	6	43	新竹市	新竹市3食品路355號前	24.793659	120.969711				8			50															3
2012	8	30	7	49	新竹市	新竹市1仁愛街78號	24.8084791	120.970581	0	0	0	8	1	5	50	14	9	1	5	4	5	7	4	4	10	5	5	2	13	3
2012	8	24	12	58	新竹市	新竹市1民生路264號	24.8127316	120.9751864	0	1	0	8	1	5	50	14	9	1	5	4	5	7	4	4	5	4	4	2	16	2
2012	8	17	20	36	新竹市	新竹市2武陵路276巷鐵道路路口166巷口	24.8229475	120.9707327	0	1	0	8	3	5	50	4	1	1	5	4	5	7	4	4	10	5	5	2	15	2
2012	8	24	15	56	新竹市	新竹市2東大路二段173巷	24.81520395	120.9643524	0	1	0	8	1	5	50	3	1	1	5	4	5	7	4	4	10	5	5	2	12	2
2012	8	29	18	10	新竹市	新竹市3浸水街406巷92弄5號後門前(樹進街)	24.8014941	120.927634				8			40															3
2012	8	29	19	10	新竹市	新竹市3中華路四段經國路路口	24.7964808	120.9524293	0	1	0	8	3	5	50	14	9	1	5	4	5	7	4	4	3	4	5	2	16	2
2012	8	25	11	30	新竹市	新竹市2愛文街13號	24.808468	120.964675	0	0	0	8	1	5	40	14	9	1	5	4	5	7	4	4	10	5	5	2	14	3
2012	8	24	17	17	新竹市	新竹市1南大路142巷	24.79509185	120.9708905				8			50															3
2012	8	28	16	12	新竹市	新竹市3中華路四段頂埔路路口	24.7882139	120.9286821	0	1	0	8	1	5	50	3	2	1	5	4	5	7	4	4	1	4	5	1	12	2
2012	8	24	18	25	新竹市	新竹市1竹蓮街26巷	24.798446	120.9730969				8			50															3
2012	8	21	16	28	新竹市	新竹市1中華路二段312巷口弄	24.8193477	120.9955776	0	2	0	8	1	5	50	3	1	1	5	4	5	7	4	4	10	5	5	2	15	2
2012	8	24	8	10	新竹市	新竹市1光復路二段407號	24.8014764	120.9851297				8			50															3
2012	8	24	17	37	新竹市	新竹市2東大路三段吉羊路路口	24.8256414	120.9566902	0	2	0	8	3	5	50	14	9	1	5	4	5	7	4	4	4	5	5	1	27	2
2012	8	13	18	20	新竹市	新竹市1食品路461巷	24.79371895	120.9667093	0	2	0	8	2	5	40	4	2	1	5	4	5	7	1	1	10	5	5	2	16	2
2012	8	13	10	18	新竹市	新竹市3景觀大道國道3號北上匝道口	24.7585468	120.9585146				8			70															3
2012	8	10	13	2	新竹市	新竹市1長春街新莊街129巷	24.7877641	121.0159048				8			50															3
2012	8	31	14	0	新竹市	新竹市3香村路38號	24.7616803	120.9426243				8			40															3
2012	8	26	15	39	新竹市	新竹市3瑞光街138號	24.7938508	120.9245939				8			50															3
2012	8	29	10	10	新竹市	新竹市3牛埔東路景觀大道口	24.79382215	120.9370932	0	2	0	8	1	5	50	14	9	1	5	4	5	7	4	4	5	4	5	2	12	2
2012	8	29	16	36	新竹市	新竹市1中華路二段東門街路口	24.8040923	120.9749115	0	1	0	8	1	5	50	5	1	1	5	4	5	7	1	1	10	5	5	1	16	2
2012	8	29	13	25	新竹市	新竹市1光復路二段856號	24.802686	120.982895	0	1	0	8	1	5	50	14	9	1	5	4	5	7	4	4	1	4	5	2	9	2
2012	8	14	17	57	新竹市	新竹市1埔頂一路好市多旁	24.7909875	121.0171366	0	1	0	8	1	5	50	14	9	1	5	4	5	7	4	4	10	4	5	1	13	2
2012	8	13	18	20	新竹市	新竹市2新竹市立殯儀館大型車停車場內	24.81488335	120.9394568				8																		3
2012	8	13	8	10	新竹市	新竹市1食品路321號	24.794392	120.972152				8			50															3
2012	8	13	12	25	新竹市	新竹市1公道五路二段12583號路燈處	24.79760605	121.0029783	0	1	0	8	1	5	40	3	1	1	5	4	5	7	4	4	1	5	1	2	16	2
2012	8	16	17	20	新竹市	新竹市3中華路六段242號	24.74265185	120.9081092	0	1	0	6	1	5	50	14	8	1	4	4	5	7	4	4	1	4	1	1	12	2
2012	8	17	9	0	新竹市	新竹市3牛埔南路埔前路	24.7938784	120.9325555	0	2	0	8	1	5	50	5	1	1	5	4	5	7	3	1	10	5	5	2	15	2
2012	8	1	18	9	新竹市	新竹市2中山路西大路路口	23.8333047	120.4693168				6			50															3
2012	8	2	21	35	新竹市	新竹市1明湖路1200巷	24.7815141	120.9735952				6			50															3
2012	8	17	13	25	新竹市	新竹市1埔頂路30958號路燈處	24.79381225	121.0120984	0	1	0	8	1	5	50	14	9	1	5	4	5	7	4	4	9	5	5	2	13	2
2012	8	20	7	30	新竹市	新竹市2仁德街86號	24.8077511	120.963262	0	0	0	8	1	5	50	14	9	1	5	4	5	7	4	4	10	5	5	2	12	3
2012	8	8	9	38	新竹市	新竹市1中華路二段33號	24.8088365	120.9826966				8			50															3
2012	8	1	21	9	新竹市	新竹市2鐵道路二段310號	24.82314395	120.9687826	0	1	0	6	3	5	50	3	1	1	4	4	5	7	4	4	10	5	5	2	16	2
2012	8	10	19	37	新竹市	新竹市1建中一路建新路路口	23.907561	106.625776	0	1	0	8	3	5	50	4	2	1	5	4	5	7	2	1	10	5	5	2	16	2
2012	8	11	15	0	新竹市	新竹市3中華路四段593號	24.7896219	120.9327309				8			50															3
2012	8	12	14	50	新竹市	新竹市3景觀大道10680號路燈往西	31.3512963	120.9811634	0	1	0	8	1	5	50	3	2	1	5	4	5	7	2	1	1	4	1	2	27	2
2012	8	16	11	48	新竹市	新竹市2農改場大潤發前	24.81488335	120.9394568	0	1	0	8	1	5	50	14	9	1	5	4	5	7	4	4	10	5	5	2	17	2
2012	8	25	12	58	新竹市	新竹市1南大路304號	24.7989421	120.971674				8			50															3
2012	8	15	20	7	新竹市	新竹市1南大路720-1號	24.803288	120.979134				8			50															3
2012	8	25	15	55	新竹市	新竹市1光復路一段526號	24.7924614	121.0067013	0	1	0	8	1	5	50	14	9	1	5	4	5	7	4	4	5	4	4	2	16	2
2012	8	19	9	0	新竹市	新竹市2經國路二段北新街路口	24.8034591	120.9550289	0	1	0	8	1	5	50	3	1	1	5	4	5	7	1	1	10	5	5	2	13	2
2012	8	17	15	26	新竹市	新竹市1慈雲路179-2號	24.79311235	121.0115108				6			50															3
2012	8	17	18	25	新竹市	新竹市1介壽路47號	24.7785951	121.019602				8			50															3
2012	8	18	8	42	新竹市	新竹市1光復路一段138號	24.781707	121.023248				8			50															3
2012	8	21	7	4	新竹市	新竹市2四維路西門街路口	24.8001658	120.9613885				8			50															3
2012	8	21	8	10	新竹市	新竹市2四維路130號	24.8009751	120.9611858	0	1	0	8	1	5	50	14	9	1	5	4	5	7	4	4	9	4	5	2	18	2
2012	8	21	9	49	新竹市	新竹市2中山路325號	24.800756	120.959483				8			50															3
2012	8	26	11	25	新竹市	新竹市2四維路21巷	24.7982486	120.9629774				8			50															3
2012	8	27	12	36	新竹市	新竹市2東大路四段192號	24.8443381	120.931002	0	1	0	8	1	5	50	14	9	1	5	4	5	7	4	4	9	5	5	1	3	2
2012	8	26	13	16	新竹市	新竹市1寶山路452巷11弄	24.78314805	120.9903409	0	2	0	8	1	5	40	13	9	1	5	4	5	7	4	4	10	5	5	2	15	2
2012	8	21	11	35	新竹市	新竹市2北大路166巷1弄10號	24.8100441	120.96711				8			30															3
2012	8	22	20	32	新竹市	新竹市1中華路一段99號	24.8162416	120.9938825				6			50															3
2012	8	3	10	10	新竹市	新竹市2北大路226巷	24.807877	120.964779				8			50															3
2012	8	22	22	48	新竹市	新竹市3香村路242號	24.7616803	120.9426243				6			50															3
2012	8	24	1	32	新竹市	新竹市1南大路706巷	24.79509185	120.9708905				8			50															3
2012	8	24	15	13	新竹市	新竹市1東南街167巷	24.7985241	120.976044	0	0	0	8	1	5	50	3	1	1	5	4	5	7	4	4	5	5	5	1	16	3
2012	8	3	21	57	新竹市	新竹市1高峰路財神廟旁小路	24.78485485	120.9811	0	1	0	8	3	5	50	11	9	1	5	4	5	7	4	4	5	4	5	2	18	2
2012	8	26	16	48	新竹市	新竹市1中華路一段1巷	24.8193477	120.9955776				8			50															3
2012	8	25	11	18	新竹市	新竹市2西門街4號	24.8034421	120.966227	0	1	0	8	1	5	50	14	9	1	5	4	5	7	4	4	9	5	5	2	12	2
2012	8	25	12	31	新竹市	新竹市1光復路一段關新路路口	24.7832442	121.0177491	0	2	0	8	1	5	50	5	1	1	5	4	5	7	1	1	10	5	5	2	12	2
2012	8	26	8	46	新竹市	新竹市1高峰路207巷口弄	24.77535785	120.9851769	0	1	0	8	1	5	50	3	1	1	5	4	5	7	4	4	10	5	5	2	13	2
2012	8	26	11	29	新竹市	新竹市1林森路61號						8			50															3
2012	8	30	14	0	新竹市	新竹市1中華路一段經國路路口						8			50															3
2012	8	29	17	34	新竹市	新竹市1慈雲路全國加油站出口	24.7874802	121.0095148				8			50															3
2012	8	30	6	34	新竹市	新竹市3中華路四段頂埔路路口	24.7882139	120.9286821				8			50															3
2012	8	29	11	9	新竹市	新竹市1仁愛街76號	24.808433	120.970669				8			50															3
2012	8	30	7	47	新竹市	新竹市1明湖路1239號	24.768066	120.978853				8			40															3
2012	8	29	9	57	新竹市	新竹市1中央路355巷	24.8132554	120.979903				8			50															3
2012	8	30	12	34	新竹市	新竹市2湳雅街46號	24.817883	120.970796				8			50															3
2012	8	31	19	24	新竹市	新竹市2北大路301號	24.806462	120.963035				8			50															3
2012	8	30	9	5	新竹市	新竹市1食品路253號	24.7953761	120.973977				8			50															3
2012	8	31	8	10	新竹市	新竹市2水田街87號						8			50															3
2012	8	22	19	0	新竹市	新竹市1光復路一段577號	24.7924614	121.0067013				6			50															3
2012	8	22	23	5	新竹市	新竹市1自由路60號	24.81204925	120.9816669				6			50															3
2012	8	23	17	30	新竹市	新竹市1林森路280號	24.797651	120.961867	0	2	0	8	1	5	50	14	9	1	5	4	5	7	4	4	5	4	5	2	12	2
2012	8	23	19	45	新竹市	新竹市2崧嶺路22號	24.7956634	120.955819	0	2	0	8	1	5	50	11	9	1	5	4	5	7	4	4	5	2	5	2	12	2
2012	8	24	15	40	新竹市	新竹市2中正路159號	24.8093321	120.966237				8			50															3
2012	8	24	16	40	新竹市	新竹市1光復路二段水源街路口	24.7998135	120.9909705	0	1	0	8	1	5	50	4	1	1	5	4	5	7	1	1	10	5	5	2	15	2
2012	8	25	7	17	新竹市	新竹市2成德路西大路路口殯儀館上坡前	24.78597345	120.9562297				8			50															3
2012	8	24	17	30	新竹市	新竹市1文化街6號	24.80698275	120.9707948	0	1	0	8	1	5	50	14	9	1	5	4	5	7	4	4	10	5	5	2	2	2
2012	8	6	10	10	新竹市	新竹市1中華路二段國泰醫院內	24.8042903	120.9752282				8			0															3
2012	8	27	10	58	新竹市	新竹市1民族路272號						8			50															3
2012	8	29	10	57	新竹市	新竹市1經國路一段11102號路燈						8			50															3
2012	8	30	8	0	新竹市	新竹市1光復路一段30122號路燈						8			50															3
2012	8	30	12	30	新竹市	新竹市3浸水街406巷92弄						8			40															3
2012	8	29	14	20	新竹市	新竹市1光復路二段296號			0	1	0	8	1	5	50	3	2	1	5	4	5	7	4	4	1	4	5	2	17	2
2012	8	30	9	4	新竹市	新竹市1光復路二段東光路路口			0	1	0	8	1	5	50	4	2	1	5	4	5	7	1	1	10	5	5	2	13	2
2012	8	30	14	28	新竹市	新竹市2延平路二段495號			0	1	0	8	1	5	50	4	2	1	5	4	5	7	4	4	10	5	5	2	17	2
2012	8	26	10	55	新竹市	新竹市1公道五路建美路路口						8			50															3
2012	8	12	19	40	新竹市	新竹市1光復路二段大學路路口						8			50															3
2012	8	29	12	0	新竹市	新竹市2中正路中山路路口			0	1	0	8	1	5	50	3	2	1	5	4	5	7	1	1	10	5	5	2	16	2
2012	8	25	12	32	新竹市	新竹市3延平路二段福樹街口						8			50															3
2012	8	25	10	13	新竹市	新竹市2湳雅街2月1日號	24.816861	120.969759	0	0	0	8	1	5	50	15	9	1	5	4	5	7	4	4	10	4	5	2	13	3
2012	8	28	17	44	新竹市	新竹市2成德路1號	24.795239	120.956193	0	1	0	8	1	5	50	16	17	1	5	4	5	7	4	4	5	4	5	1	3	2
2012	8	18	10	55	新竹市	新竹市1復興路73號	24.803965	120.96798	0	1	0	8	1	5	50	14	9	1	5	4	5	7	4	4	5	5	5	2	8	2
2012	8	29	20	38	新竹市	新竹市1公園路90號	24.8060261	120.983681				8			50															3
2012	8	30	18	58	新竹市	新竹市1竹蓮街2號	24.7966358	120.9728124				8			50															3
2012	8	25	15	30	新竹市	新竹市1武昌街76號	24.802656	120.967483							50															3
2012	8	22	8	50	新竹市	新竹市1公園路337號	24.7993521	120.975968	0	1	0	8	1	5	50	14	9	1	5	4	5	7	4	4	1	4	5	2	12	2
2012	8	22	16	10	新竹市	新竹市1食品路138號	24.797776	120.976977	0	0	0	8	2	5	50	3	9	1	5	4	5	7	4	4	9	4	5	2	16	3
2012	8	13	14	17	新竹市	新竹市1中華路二段南門街路口	24.7998332	120.9681025	0	1	0	8	1	5	50	3	1	1	5	4	5	7	4	4	10	5	5	2	16	2
2012	8	13	7	48	新竹市	新竹市1東南街53巷10弄東南街53巷口	24.7977748	120.9240847	0	1	0	8	1	5	50	4	1	1	5	4	5	7	1	1	10	5	5	2	15	2
2012	8	12	0	10	新竹市	新竹市2經國路二段西大路路口	24.8091112	120.9601481	0	0	0	8	3	5	50	4	1	1	5	4	5	7	1	1	10	5	5	2	16	3
2012	8	6	11	20	新竹市	新竹市1中華路二段685號	24.7982306	120.9654977				8			50															3
2012	8	31	21	45	新竹市	新竹市1文昌街35巷	24.80297	120.968676				8			50															3
2012	8	26	14	10	新竹市	新竹市2長和街20巷3號	24.8103813	120.9647293				8			50															3
2012	8	21	16	30	新竹市	新竹市2中山路778巷13號	24.79285365	120.949749				8			50															3
2012	8	26	12	10	新竹市	新竹市3海埔路210巷103號	24.815248	120.918027				8			50															3
2012	8	11	9	26	新竹市	新竹市1北大路70號	24.8121209	120.9715916				8			50															3
2012	8	20	22	19	新竹市	新竹市2北大路384號	24.804584	120.960671				8			50															3
2012	8	11	17	2	新竹市	新竹市1慈雲路埔頂一路路口	24.7874802	121.0095148	0	1	0	8	1	5	50	3	1	1	5	4	5	7	2	1	10	5	5	2	13	2
2012	8	15	8	20	新竹市	新竹市3中華路三段經國路路口			0	2	0	8	1	5	50	3	1	1	5	4	5	7	2	1	10	5	5	2	16	2
2012	8	30	13	20	新竹市	新竹市3牛埔東路牛埔南路路口			0	1	0	8	1	5	50	14	9	1	2	4	5	7	4	4	4	5	5	2	17	2
2012	8	14	16	40	新竹市	新竹市1東大路一段南大路路口			0	1	0	8	1	5	50	4	1	1	5	4	5	7	2	1	10	5	5	2	16	2
2012	8	30	21	25	新竹市	新竹市2北大路324號						8			50															3
2012	8	12	15	50	新竹市	新竹市1中華路二段480號	24.8013374	120.9702389	0	1	0	8	1	5	50	14	9	1	5	4	5	7	4	4	5	5	5	1	16	2
2012	8	28	8	5	新竹市	新竹市1光復路二段水源街路口	24.7998135	120.9909705				8			50															3
2012	8	27	16	30	新竹市	新竹市1光復路二段242號	24.794702	120.99972	0	2	0	8	1	5	50	14	9	1	5	4	5	7	4	4	1	4	5	1	12	2
2012	8	31	14	26	新竹市	新竹市1東光路173號	24.8052939	120.9866897	0	1	0	8	1	5	50	14	9	1	5	4	5	7	4	4	5	4	5	2	12	2
2012	8	26	16	28	新竹市	新竹市1金山12街金山南街	24.7759486	121.0243116				8			50															3
2012	8	4	4	19	新竹市	新竹市2湳雅街農改場前	24.8178793	120.9706768	0	1	0	8	3	5	50	4	1	1	5	4	5	7	3	1	10	5	5	1	15	2
2012	8	28	12	15	新竹市	新竹市3中華路六段香山交流道附近	24.7355699	120.9126119	0	1	0	8	1	5	50	14	9	1	5	4	5	7	4	4	1	4	5	1	16	2
2012	9	1	11	10	新竹市	新竹市1公道五路三段423號	24.81462735	120.9857367				8			50															3
2012	9	1	16	25	新竹市	新竹市2新港二路.新港路	24.842925	120.923241	0	1	0	8	1	5	50	4	1	1	5	4	5	7	4	4	10	5	5	2	15	2
2012	9	1	7	47	新竹市	新竹市1光復路二段與建中路口	24.7932831	121.001211				8			50															3
2012	9	1	18	17	新竹市	新竹市1經國路一段379巷42號	24.813249	120.979644				8			50															3
2012	9	1	19	38	新竹市	新竹市1公道五路三段溪埔路路口	24.78906635	121.0046317	0	1	0	7	3	5	50	4	1	1	5	4	5	7	1	1	10	5	5	2	16	2
2012	9	1	21	30	新竹市	新竹市1建功一路104巷22號	24.8007091	120.999182	0	1	0	8	3	5	50	14	9	1	5	4	5	7	4	4	9	4	5	2	18	2
2012	9	1	23	23	新竹市	新竹市2中山路479號	24.79974815	120.9576127				8			50															3
2012	9	1	18	15	新竹市	新竹市1金山10街10號	24.778158	121.021416				8			50															3
2012	9	2	10	0	新竹市	新竹市1南大路808巷5號	24.788646	120.965884	0	2	0	8	1	5	40	4	1	1	5	4	5	7	4	4	10	5	5	2	15	2
2012	9	2	9	28	新竹市	新竹市2經國路一段454巷42號	24.815967	120.979345				8			50															3
2012	9	1	17	16	新竹市	新竹市1經國路一段411號	24.8141411	120.977205				8			50															3
2012	9	1	9	20	新竹市	新竹市1埔頂一路崇和路口附近	24.7915906	121.0157262				8			50															3
2012	9	1	9	0	新竹市	新竹市1光復路一段89巷49號	24.780027	121.024663	0	1	0	8	1	5	50	14	9	1	5	4	5	7	4	4	9	5	5	2	18	2
2012	9	1	11	15	新竹市	新竹市1民族路155號	24.8089411	120.978707				8			50															3
2012	9	2	20	18	新竹市	新竹市1關東路5號	24.7819651	121.022515				8			50															3
2012	9	1	12	52	新竹市	新竹市1忠孝路276巷	24.80568155	120.9874376				8			50															3
2012	9	2	20	41	新竹市	新竹市1中華路二段火車站前	24.8042903	120.9752282				8			40															3
2012	9	3	8	23	新竹市	新竹市1光復路一段89巷148號	24.778125	121.025088				8			50															3
2012	9	2	16	30	新竹市	新竹市1世傑路100號	24.7916999	121.0092224				8			40															3
2012	9	3	11	15	新竹市	新竹市2西大路702號	24.8090471	120.96045				8			50															3
2012	9	3	7	40	新竹市	新竹市1中央路355巷	24.8132554	120.979903	0	1	0	8	1	5	50	3	1	1	5	4	5	7	4	4	10	5	5	2	12	2
2012	9	3	14	0	新竹市	新竹市1金山1街金山南街						8			40															3
2012	9	3	7	15	新竹市	新竹市1明湖路中興橋上						8			50															3
2012	9	3	10	37	新竹市	新竹市2中華路三段228號			0	1	0	8	1	5	50	14	9	1	5	4	5	7	4	4	5	5	5	1	12	2
2012	9	3	16	52	新竹市	新竹市2北大路105號						8			50															3
2012	9	3	19	36	新竹市	新竹市2北大路延平路路口			0	1	0	8	3	5	50	5	1	1	5	4	5	7	2	1	10	5	5	2	16	2
2012	9	3	5	50	新竹市	新竹市3大湖路7號			0	1	0	8	2	5	50	14	9	1	5	4	5	7	4	4	10	5	5	1	24	2
2012	9	3	20	40	新竹市	新竹市1東門圓環內			0	2	0	7	3	5	50	16	9	1	5	4	5	7	4	4	10	4	5	2	16	2
2012	9	3	19	48	新竹市	新竹市1明湖路471號						8			50															3
2012	9	3	22	0	新竹市	新竹市1民生路北大路路口						8			50															3
2012	9	3	21	51	新竹市	新竹市1高翠路寶山路路口						8			50															3
2012	9	3	23	15	新竹市	新竹市3牛埔北路祥園街路口						8			50															3
2012	9	4	0	30	新竹市	新竹市2光華二街鐵道路路口						8			50															3
2012	9	4	7	50	新竹市	新竹市1南大路食品路路口						8			50															3
2012	9	4	8	25	新竹市	新竹市1中華路一段11號	24.818908	120.9957	0	1	0	8	1	5	50	5	2	1	5	4	5	7	2	1	1	2	5	1	18	2
2012	9	4	7	28	新竹市	新竹市3五福路一段	24.7429221	120.908507	0	1	0	8	1	5	50	14	9	1	5	4	5	7	4	4	5	5	5	1	16	2
2012	9	3	16	55	新竹市	新竹市1光復路一段525巷	24.78436645	121.0121615				8			50															3
2012	9	4	14	25	新竹市	新竹市1經國路一段156巷151號	24.8192631	120.983266	0	1	0	8	1	5	40	3	1	1	5	4	5	7	4	4	10	5	5	2	16	2