年	月	日	時	分	縣市	allLocation	GoogleLat	GoogleLng	死	受傷	2-30	天候	光線	道路類別	速限	道路型態	事故位置	路面鋪裝	路面狀態	路面缺陷	障礙物	視距	號誌種類	號誌動作	分向設施	快車道或一般車道間	快慢車道間	路面邊線	事故類型及型態	事故類別
2012	9	4	11	50	新竹市	新竹市1中華路一段(大橋加油站前)	24.8162285	121.0004115	0	1	0	8	1	5	50	14	9	1	5	4	5	7	4	4	1	4	4	2	12	2
2012	9	1	13	20	新竹市	新竹市3中華路四段牛埔南路路口	24.7887326	120.9300059				8			50															3
2012	9	4	8	0	新竹市	新竹市3內湖路116號	24.742433	120.905953																						3
2012	9	4	8	5	新竹市	新竹市1公道五路二段367號	24.80357935	120.9961211				8			50															3
2012	9	4	13	8	新竹市	新竹市1花園街62號	24.782728	120.929226				8			40															3
2012	9	4	12	53	新竹市	新竹市1自由路69號	24.8129861	120.980767				8			50															3
2012	9	4	16	0	新竹市	新竹市1建新路25號	24.7985901	120.99715				8			50															3
2012	9	4	18	36	新竹市	新竹市1經國路一段315巷	24.8136159	120.9836691	0	1	0	8	3	5	50	14	9	1	5	4	5	7	4	4	1	2	5	1	13	2
2012	9	4	22	1	新竹市	新竹市1中央路150號地下停車場出入口	24.807296	120.972038				8			40															3
2012	9	4	21	20	新竹市	新竹市1光復路一段335巷	24.7815838	121.0170363	0	1	0	8	3	5	50	4	1	1	5	4	5	7	1	1	10	5	5	2	16	2
2012	9	5	1	9	新竹市	新竹市3中華路六段799巷對面			0	0	0	8	3	5	70	14	20	4	5	4	4	7	4	4	1	4	4	1	26	3
2012	9	4	16	51	新竹市	新竹市1中華路一段2巷						8			50															3
2012	9	5	7	42	新竹市	新竹市1金山13街與金山南街口						8			50															3
2012	9	5	7	4	新竹市	新竹市2延平路一段485號						8			50															3
2012	9	5	8	36	新竹市	新竹市1公道五路二段建中路路口						8			50															3
2012	9	3	9	8	新竹市	新竹市1文化街10號迎曦飯店前						8			50															3
2012	9	5	7	45	新竹市	新竹市1自由路中央路路口						8			50															3
2012	9	3	11	12	新竹市	新竹市2東大路二段752號						8			50															3
2012	9	3	17	49	新竹市	新竹市1公道五路二段151巷			0	1	0	8	2	5	50	3	2	1	5	4	5	7	4	4	1	4	1	2	18	2
2012	9	4	22	3	新竹市	新竹市3美森街8巷1號						8			50															3
2012	9	5	13	20	新竹市	新竹市3中華路六段內湖路路口			0	1	0	8	1	5	50	3	1	1	5	4	5	7	1	1	10	5	5	2	13	2
2012	9	5	8	18	新竹市	新竹市1中央路仁愛街路口			0	1	0	8	1	5	50	4	1	1	5	4	5	7	4	4	10	5	5	2	16	2
2012	9	5	15	30	新竹市	新竹市3牛埔南路埔前路口			0	1	0	8	1	5	50	4	1	1	5	4	5	7	3	1	10	5	5	2	16	2
2012	9	5	11	42	新竹市	新竹市1慈雲路埔頂路路口	24.7874802	121.0095148				8			50															3
2012	9	5	12	29	新竹市	新竹市2四維路79號	24.8007671	120.960669	0	1	0	8	1	5	50	14	9	1	5	4	5	7	4	4	10	4	5	1	14	2
2012	9	5	16	11	新竹市	新竹市3中華路四段400號	24.7923159	120.9417855	0	2	0	8	1	5	50	3	2	1	5	4	5	7	2	1	10	5	5	2	15	2
2012	9	5	20	7	新竹市	新竹市1東大路一段165號	24.808795	120.971214				8			50															3
2012	9	5	22	7	新竹市	新竹市1經國路一段409巷	24.8142981	120.977721				8			50															3
2012	9	5	18	52	新竹市	新竹市1中央路112號	24.8062679	120.9698593				8			50															3
2012	9	2	17	30	新竹市	新竹市1明湖路443巷	24.7869058	120.9677167				8			50															3
2012	9	5	18	40	新竹市	新竹市1光復路一段新莊街口	24.8159546	121.0285022				8			50															3
2012	9	6	8	0	新竹市	新竹市1中華路二段162巷國賓飯店前	24.8063911	120.9784284				8			40															3
2012	9	3	17	24	新竹市	新竹市2竹光路和平路路口	29.5541795	106.5700647	0	1	0	8	1	5	50	4	1	1	5	4	5	7	2	1	10	5	5	2	16	2
2012	9	5	17	23	新竹市	新竹市3西濱路宮口街路口	24.7937444	120.9195353	0	1	0	7	1	5	80	4	1	1	5	4	5	7	1	1	10	5	5	2	16	2
2012	9	5	17	33	新竹市	新竹市1培英街38巷			0	2	0	8	1	5	50	4	1	1	5	4	5	7	4	4	10	5	5	2	15	2
2012	9	6	19	5	新竹市	新竹市1光復路一段574號			0	2	0	8	3	5	50	3	1	1	5	4	5	7	1	1	10	5	5	2	16	2
2012	9	6	15	35	新竹市	新竹市1光復路一段525巷29弄12號						8			30															3
2012	9	6	19	25	新竹市	新竹市2北大路西大路路口						8			50															3
2012	9	6	18	12	新竹市	新竹市1赤土崎一街停車場						8			20															3
2012	9	6	19	10	新竹市	新竹市1光復路二段金城一路路口			0	2	0	8	3	5	50	14	9	1	5	4	5	7	4	4	1	4	5	2	13	2
2012	9	7	0	20	新竹市	新竹市1林森路西大路路口						8			50															3
2012	9	7	3	27	新竹市	新竹市1東大路一段229號						8			50															3
2012	9	7	7	50	新竹市	新竹市1博愛街(省商前)						8			50															3
2012	9	7	7	25	新竹市	新竹市2光華街78巷			0	1	0	8	1	5	50	3	1	1	5	4	5	7	4	4	10	5	5	2	16	2
2012	9	7	10	21	新竹市	新竹市1中央路236號			0	1	0	8	1	5	50	14	9	1	5	4	5	7	4	4	5	4	5	2	16	2
2012	9	7	15	20	新竹市	新竹市1東勝路東光路路口						8			50															3
2012	9	6	16	10	新竹市	新竹市2中正路156之1號	24.802041	120.971204				8			50															3
2012	9	7	19	18	新竹市	新竹市2湳雅街農改路	24.8178793	120.9706768				8			50															3
2012	9	5	12	30	新竹市	新竹市2林森路76號	24.801054	120.967205				8			50															3
2012	9	7	17	55	新竹市	新竹市2成功路73號	24.8148981	120.956041	0	1	0	8	1	5	50	14	9	1	5	4	5	7	1	1	5	2	5	1	13	2
2012	9	5	11	30	新竹市	新竹市1中華路一段2巷	24.8193477	120.9955776				8			50															3
2012	9	8	9	10	新竹市	新竹市1光復路二段東光路路口	24.8011347	120.9870763	0	2	0	8	1	5	50	4	4	1	5	4	5	7	1	1	3	2	5	2	13	2
2012	9	5	8	16	新竹市	新竹市3牛埔東路508巷	24.7939996	120.93535	0	0	0	8	1	5	50	13	9	1	5	4	5	7	4	4	10	5	5	1	16	3
2012	9	5	11	15	新竹市	新竹市1中華路一段31號	24.817944	120.995134				8			50															3
2012	9	4	16	38	新竹市	新竹市2北大路166巷1弄2號	24.810095	120.967355				8			40															3
2012	9	4	19	1	新竹市	新竹市3牛埔東路牛埔南路路口	24.7922354	120.9323808				8			50															3
2012	9	8	11	4	新竹市	新竹市1光復路一段360-20號	24.7807751	121.026483				8			50															3
2012	9	8	7	48	新竹市	新竹市1明湖路1036號	24.7677969	120.9786091				8			50															3
2012	9	8	12	35	新竹市	新竹市2東大路四段226號	24.844571	120.930255				8			50															3
2012	9	8	9	55	新竹市	新竹市2竹光路290號	24.8102833	120.9556021				8			50															3
2012	9	7	20	35	新竹市	新竹市1光復路一段139巷	24.781411	121.022812				8			50															3
2012	9	9	13	30	新竹市	新竹市3中華路五段88K	24.7874218	120.9264444	0	2	0	8	1	5	70	14	8	1	5	4	5	7	4	4	1	4	4	1	13	2
2012	9	6	7	50	新竹市	新竹市1中華路三段110號	24.796862	120.960454	0	4	0	8	1	5	50	3	1	1	5	4	5	7	4	4	10	5	5	2	17	2
2012	9	6	10	15	新竹市	新竹市2城北街73巷	24.8102286	120.9629201	0	0	0	8	1	5	50	3	1	1	5	4	5	7	4	4	10	5	5	2	17	3
2012	9	6	12	10	新竹市	新竹市1中華路二段南門街路口	24.7998332	120.9681025				8			50															3
2012	9	8	19	56	新竹市	新竹市1建新路92號	24.798835	120.999137				8			50															3
2012	9	6	17	47	新竹市	新竹市1光復路一段407號	24.783583	121.016174				8			50															3
2012	9	8	19	5	新竹市	新竹市1中華路二段304號	24.80346815	120.9739119	0	1	0	8	3	5	50	14	9	1	5	4	5	7	4	4	10	5	5	2	12	2
2012	9	8	16	30	新竹市	新竹市1光復路一段367巷	24.7815838	121.0170363				8			50															3
2012	9	8	15	17	新竹市	新竹市3牛埔南路550號	24.7892541	120.929889				8			50															3
2012	9	8	16	18	新竹市	新竹市3中華路五段88號	24.7874218	120.9264444				8			50															3
2012	9	9	6	33	新竹市	新竹市1寶山路清華大學南邊側門附近	23.8548668	120.983603	1	0	0	8	1	5	50	14	9	1	5	4	5	7	4	4	1	4	5	1	26	1
2012	9	8	19	12	新竹市	新竹市2武陵路湳雅街路口	24.8228691	120.9720984				8			40															3
2012	9	5	15	13	新竹市	新竹市1金山22街2號	24.7752443	121.0260076				8			40															3
2012	9	9	7	58	新竹市	新竹市2民富街13982路燈桿前	24.80555735	120.9607848				8			50															3
2012	9	9	12	26	新竹市	新竹市1西大路165號	24.7974221	120.968827				8			50															3
2012	9	9	14	53	新竹市	新竹市1光復路一段慈雲路路口	24.7874802	121.0095148	0	1	0	8	1	5	50	11	9	1	5	4	5	7	4	4	1	5	5	2	13	2
2012	9	9	15	10	新竹市	新竹市2光華二街72巷						8			50															3
2012	9	9	14	0	新竹市	新竹市1東門街71號			0	0	0	8	1	5	50	14	9	1	5	4	5	7	4	4	9	4	5	2	16	3
2012	9	9	18	40	新竹市	新竹市1寶山路(植物園)附近						8			50															3
2012	9	4	18	0	新竹市	新竹市1博愛街十八尖山停車場						8			30															3
2012	9	9	18	50	新竹市	新竹市1中華路二段			0	1	0	8	3	5	50	14	9	1	5	4	5	7	4	4	1	4	5	1	12	2
2012	9	10	2	15	新竹市	新竹市1中華路二段678號			0	1	0	8	3	5	50	3	1	1	5	4	5	7	3	1	10	5	5	2	16	2
2012	9	12	8	7	新竹市	新竹市3延平路二段6號			0	1	0	8	1	5	50	3	1	1	5	4	5	7	4	4	10	5	5	2	16	2
2012	9	5	13	43	新竹市	新竹市2中山路508號			0	2	0	8	1	5	50	14	9	1	5	4	5	7	4	4	5	5	5	1	12	2
2012	9	3	18	25	新竹市	新竹市1公道五路二段東美路路口						8			50															3
2012	9	10	7	30	新竹市	新竹市1金城一路建功路路口						8			50															3
2012	9	9	20	5	新竹市	新竹市1林森路勝利路路口						8																		3
2012	9	9	23	54	新竹市	新竹市3經國路三段92巷頂埔路路口						8			50															3
2012	9	4	17	37	新竹市	新竹市1寶山路200巷往市區方向						8			50															3
2012	9	5	22	7	新竹市	新竹市2林森路四維路路口			0	1	0	8	3	5	50	4	1	1	5	4	5	7	2	1	10	5	5	2	16	2
2012	9	10	13	39	新竹市	新竹市1經國路一段自由路路口			0	1	0	8	1	5	50	14	9	1	5	4	5	7	4	4	3	2	5	2	13	2
2012	9	10	15	53	新竹市	新竹市1中華路一段1月31日號						8			40															3
2012	9	10	16	0	新竹市	新竹市2湳雅街311巷36弄32號對面						8			40															3
2012	9	10	18	37	新竹市	新竹市1林森路169號																								3
2012	9	5	15	7	新竹市	新竹市1金山6街2巷7號						8			40															3
2012	9	5	16	49	新竹市	新竹市2仁德街世界街路口			0	1	0	8	1	5	40	4	1	1	5	4	5	7	4	4	10	5	5	2	15	2
2012	9	5	19	2	新竹市	新竹市3中華路五段富禮街路口						8			50															3
2012	9	6	8	18	新竹市	新竹市3牛埔南路埔前路						8			50															3
2012	9	6	13	26	新竹市	新竹市1中華路二段民權路路口						8			50															3
2012	9	10	21	4	新竹市	新竹市1民權路242號						8			50															3
2012	9	10	18	56	新竹市	新竹市2武陵路3號			0	1	0	7	3	5	50	14	9	1	5	4	5	7	4	4	1	4	5	2	12	2
2012	9	10	23	4	新竹市	新竹市2水田街150巷	24.81535195	120.9676006				8			50															3
2012	9	10	18	49	新竹市	新竹市1慈雲路龍山路	24.7874802	121.0095148	0	1	0	8	3	5	50	3	1	1	5	4	5	7	4	4	10	5	5	1	16	2
2012	9	8	11	9	新竹市	新竹市3中華路四段415號	24.7919591	120.941533				8			50															3
2012	9	11	15	20	新竹市	新竹市1公園路216巷6號	24.804454	120.9808822				8			40															3
2012	9	8	12	20	新竹市	新竹市3經國路三段牛埔路路口	24.7991891	120.9533827																						3
2012	9	11	7	15	新竹市	新竹市3景觀大道柴橋路路口	24.7597091	120.9584529				8			50															3
2012	9	7	12	10	新竹市	新竹市1經國路一段409巷9號	24.8138426	120.9782817				8			40															3
2012	9	11	15	6	新竹市	新竹市2中華路二段警光路路口			0	2	0	8	1	5	50	4	1	1	5	4	5	7	2	1	10	5	5	2	13	2
2012	9	10	9	20	新竹市	新竹市1東大高架橋下民族路匝道口						8			50															3
2012	9	10	10	35	新竹市	新竹市1民族路Jan-40號						8			50															3
2012	9	10	20	35	新竹市	新竹市3大庄路May-56號			0	2	0	8	3	5	50	14	9	1	5	4	5	7	4	4	5	5	5	1	16	2
2012	9	11	22	47	新竹市	新竹市1中華路二段民權路路口	24.8055397	120.9770756	0	1	0	8	3	5	50	4	2	1	5	4	5	7	2	1	10	5	5	2	18	2
2012	9	9	14	32	新竹市	新竹市3香北路16巷	24.79189685	120.9275195				8			50															3
2012	9	11	16	50	新竹市	新竹市3虎林街與虎林國小後門路口	24.8053518	120.9380869				8			50															3
2012	9	5	17	36	新竹市	新竹市2中正路建興街路口	24.8083178	120.9672934				8			50															3
2012	9	11	17	0	新竹市	新竹市1光復路二段151號	24.7982082	120.994391				8			50															3
2012	9	6	20	20	新竹市	新竹市3經國路三段牛埔路路口	24.7991891	120.9533827	0	0	0	8	3	5	50	4	1	1	5	4	5	7	1	1	5	4	5	2	3	3
2012	9	6	22	13	新竹市	新竹市1快速道路P228	24.76996045	120.9007699				8			50															3
2012	9	7	14	40	新竹市	新竹市1埔頂三路慈祥路	24.7922074	121.0082498				8			50															3
2012	9	17	7	40	新竹市	新竹市1慈雲路埔頂路路口	24.7874802	121.0095148	0	1	0	8	1	5	50	4	1	1	5	4	5	7	2	1	10	5	5	2	16	2
2012	9	7	15	58	新竹市	新竹市1寶山路121號	24.7923669	120.9755263				8			50															3
2012	9	11	5	0	新竹市	新竹市3五福路二段707號	24.7571705	120.9484903				8			50															3
2012	9	12	14	59	新竹市	新竹市3元培街295號	24.778632	120.938236				8			40															3
2012	9	11	8	46	新竹市	新竹市1高峰路386巷51號	24.778971	120.980343				8			50															3
2012	9	7	18	30	新竹市	新竹市3中華路四段牛埔南路路口	24.7887326	120.9300059				8			50															3
2012	9	8	13	40	新竹市	新竹市1慈雲路光復路路口544巷9弄	24.7889631	121.0109727				8			50															3
2012	9	11	8	11	新竹市	新竹市3牛埔東路213號	24.7963607	120.9445525				8			50															3
2012	9	8	12	43	新竹市	新竹市2北大路中正路路口						8			50															3
2012	9	8	11	40	新竹市	新竹市1光復路二段新光路路口						8			50															3
2012	9	6	11	20	新竹市	新竹市1三民路民權路路口			0	2	0	8	1	5	50	3	1	1	5	4	5	7	3	1	10	5	5	2	15	2
2012	9	9	16	15	新竹市	新竹市3中華路五段478號						8			50															3
2012	9	9	19	24	新竹市	新竹市1光復路一段526號						8			50															3
2012	9	13	8	5	新竹市	新竹市2東大路二段110號			0	2	0	8	1	5	50	14	8	1	5	4	5	7	4	4	1	5	1	2	13	2
2012	9	13	11	42	新竹市	新竹市1民生路58巷			0	2	0	8	1	5	50	4	1	1	5	4	5	7	4	4	10	5	5	2	15	2
2012	9	10	19	36	新竹市	新竹市2西門街164號			0	0	0	8	3	5	50	14	9	1	5	4	5	7	4	4	9	5	5	2	11	3
2012	9	12	17	18	新竹市	新竹市2中山路326號						8			50															3
2012	9	12	18	35	新竹市	新竹市1振興路97號																								3
2012	9	12	21	59	新竹市	新竹市1中華路一段380號			0	1	0	8	3	5	50	4	1	1	5	4	5	7	1	1	10	5	5	1	16	2
2012	9	13	12	58	新竹市	新竹市1公道五路一段建美路路口						8			50															3
2012	9	13	10	1	新竹市	新竹市2崧嶺路57巷32號						8			40															3
2012	9	13	8	23	新竹市	新竹市2崧嶺路50巷						8			40															3
2012	9	13	7	10	新竹市	新竹市1民權路206巷			0	1	0	8	1	5	50	4	2	1	5	4	5	7	4	4	5	5	5	2	12	2
2012	9	13	17	50	新竹市	新竹市2天府路一段90巷						8			50															3
2012	9	5	8	28	新竹市	新竹市1食品路540號			0	1	0	8	1	5	50	14	9	1	5	4	5	7	4	4	9	4	5	2	13	2
2012	9	8	11	34	新竹市	新竹市3景觀大道往中華大學方向						8			70															3
2012	9	8	7	20	新竹市	新竹市1光復路二段水源街路口						8			50															3
2012	9	8	12	39	新竹市	新竹市3中華路五段283巷						8			50															3
2012	9	9	17	32	新竹市	新竹市2西大路北大路路口						8			50															3
2012	9	2	18	45	新竹市	新竹市1寶山路往園區方向、全國加油站前			0	2	0	8	3	5	50	14	9	1	5	4	5	7	4	4	1	4	5	2	29	2
2012	9	2	9	32	新竹市	新竹市3中華路四段368號			0	1	0	8	1	5	50	14	7	1	5	4	5	7	4	4	1	4	4	2	12	2
2012	9	13	14	36	新竹市	新竹市2經國路二段27巷8號			0	1	0	8	1	5	40	4	1	1	5	4	5	7	4	4	10	5	5	2	15	2
2012	9	1	16	0	新竹市	新竹市1中華路二段417號			0	1	0	8	1	5	50	14	9	1	5	4	5	7	4	4	10	5	5	2	16	2
2012	9	10	12	13	新竹市	新竹市2中山路勝利路路口			0	2	0	8	1	5	50	4	1	1	5	4	5	7	2	1	10	5	5	2	15	2
2012	9	10	15	47	新竹市	新竹市2延平路三段天府路路口			0	1	0	8	1	5	50	4	1	1	5	4	5	7	2	1	10	5	5	2	12	2
2012	9	10	18	18	新竹市	新竹市1公道五路二段89號	24.7981287	121.0067299				8			50															3
2012	9	11	6	47	新竹市	新竹市3中華路五段215號	24.7855431	120.923191				8			50															3
2012	9	10	17	10	新竹市	新竹市3西濱路三段20巷156號	24.79039935	120.9175313	0	1	0	8	1	5	40	11	8	1	5	4	5	7	4	4	10	5	5	2	10	2
2012	9	11	14	25	新竹市	新竹市2光華東街1號	24.817529	120.975511				8			50															3
2012	9	11	13	1	新竹市	新竹市2中正路616號	24.8280401	121.074387	0	1	0	8	1	5	50	14	9	1	5	4	5	7	4	4	5	5	5	1	16	2
2012	9	10	15	23	新竹市	新竹市1民生路308號	24.813792	120.9744469				8			50															3
2012	9	5	16	0	新竹市	新竹市1原興路187號	24.811265	121.001745				8			40															3
2012	9	10	12	20	新竹市	新竹市3中華路五段660號	24.7685451	120.91603	0	2	0	8	1	5	50	14	9	1	5	4	5	7	4	4	1	4	4	1	12	2
2012	9	5	12	0	新竹市	新竹市1民主路185號	24.8129631	120.977676	0	1	0	8	1	5	50	14	9	1	5	4	2	7	4	4	9	5	5	2	17	2
2012	9	12	22	39	新竹市	新竹市1建功一路3號	24.796593	120.99817				8			50															3
2012	9	12	20	20	新竹市	新竹市1經國路一段442巷12號	24.8162261	120.992725																						3
2012	9	14	13	0	新竹市	新竹市3中華路五段337號	24.7650255	120.9144374				8			50															3
2012	9	14	11	0	新竹市	新竹市3牛埔路112號	24.7990384	120.9539549				8			50															3
2012	9	12	9	20	新竹市	新竹市2田美三街5巷28號前	24.815184	120.976047				8			40															3
2012	9	7	11	16	新竹市	新竹市2經國路二段中正路路口	24.8142165	120.9640903				8			50															3
2012	9	14	7	35	新竹市	新竹市3內湖路91號	24.743149	120.906129				8			50															3
2012	9	14	12	39	新竹市	新竹市1東大路一段南大路路口	24.8025545	120.9746646	0	1	0	8	1	5	50	4	1	1	5	4	5	4	2	1	10	5	5	2	12	2
2012	9	14	21	10	新竹市	新竹市1東光路191號	24.80592435	120.986394				6			50															3
2012	9	3	14	57	新竹市	新竹市1光復路二段金城一路路口	24.7932831	121.001211				8			50															3
2012	9	7	13	58	新竹市	新竹市2中正路400號	24.8150372	120.962251	0	1	0	8	1	5	50	14	9	1	5	4	5	7	4	4	5	4	5	1	17	2
2012	9	7	7	51	新竹市	新竹市2北門國小東大門	24.81488335	120.9394568				8			50															3
2012	9	2	15	22	新竹市	新竹市2竹光路和平路路口	29.5541795	106.5700647	0	1	0	8	1	5	50	4	1	1	5	4	5	7	1	1	10	5	5	2	16	2
2012	9	4	7	24	新竹市	新竹市2愛文街11巷仁德街路口	24.8074818	120.9632782				8			50															3
2012	9	1	15	50	新竹市	新竹市1南大路634巷29號	24.7932682	120.9619603				8			50															3
2012	9	15	7	11	新竹市	新竹市3香村路459號	24.7616803	120.9426243				6			50															3
2012	9	15	11	3	新竹市	新竹市1經國路一段379巷35號	24.813661	120.979865				8			50															3
2012	9	15	11	58	新竹市	新竹市1中央路281巷	24.8393931	120.998699				6			50															3
2012	9	12	11	22	新竹市	新竹市1北大路民生路路口			0	1	0	8	1	5	50	3	1	1	5	4	5	7	4	4	10	5	5	2	16	2
2012	9	13	17	20	新竹市	新竹市1水源街光復路路口			0	1	0	8	1	5	50	4	1	1	5	4	5	7	2	1	10	5	5	2	12	2
2012	9	14	15	42	新竹市	新竹市2西濱路一段355號			0	6	0	6	1	8	40	17	22	5	4	4	5	7	4	4	10	5	5	2	14	2
2012	9	15	11	50	新竹市	新竹市1慈雲路近光復路口						6			50															3
2012	9	14	18	50	新竹市	新竹市2光華北街7號						8			40															3
2012	9	14	19	0	新竹市	新竹市1南大路東南街路口			0	1	0	6	3	5	50	5	1	1	4	4	5	7	2	1	10	5	5	2	16	2
2012	9	15	12	40	新竹市	新竹市1光復路一段525巷光復路路口485巷6弄口						6			50															3
2012	9	15	14	24	新竹市	新竹市2光華二街11巷	24.817012	120.974216	0	1	0	7	1	5	50	4	1	1	4	4	5	7	4	4	10	5	5	2	15	2
2012	9	2	9	40	新竹市	新竹市3大湖路55巷	24.76179445	120.9173552	0	1	0	8	1	5	50	3	1	1	5	4	5	7	4	4	10	5	5	2	16	2
2012	9	15	11	59	新竹市	新竹市2經國路二段545號	24.8043521	120.955568				6			50															3
2012	9	2	11	55	新竹市	新竹市3五福路一段42號	24.742631	120.91426	0	2	0	8	1	5	50	3	1	1	5	4	5	7	4	4	10	5	5	1	16	2
2012	9	15	10	20	新竹市	新竹市1高峰路164巷4弄2號	24.7878531	120.974078	0	0	0	6	1	5	40	14	9	1	4	4	5	7	4	4	10	5	5	2	14	3
2012	9	10	14	15	新竹市	新竹市1公道五路二段1號	24.7924614	121.0067013				8			50															3
2012	9	13	8	0	新竹市	新竹市1高翠路375號	24.7771081	120.983492	0	1	0	8	1	5	50	14	9	1	5	4	5	7	4	4	3	4	5	2	17	2
2012	9	1	4	51	新竹市	新竹市1經國路二段109號	24.811923	120.965134				8			50															3
2012	9	12	7	49	新竹市	新竹市2西大路民富國小前	24.8067092	120.9786378	0	1	0	8	1	5	50	14	9	1	5	4	5	7	4	4	5	4	5	2	16	2
2012	9	14	9	20	新竹市	新竹市2府後街45號公有停車場	24.807368	120.969442				8			50															3
2012	9	15	20	40	新竹市	新竹市1光復路一段89巷188號	24.776892	121.025939	0	2	0	6	3	5	50	14	9	1	4	4	5	7	4	4	5	5	5	1	2	2
2012	9	3	9	57	新竹市	新竹市1光復路一段544巷口弄	24.8185572	120.9951081	0	2	0	8	1	5	50	3	1	1	5	4	5	7	1	1	10	5	5	2	16	2
2012	9	3	12	0	新竹市	新竹市3玄奘路247號	24.7671821	120.9482242	0	1	0	8	1	5	50	14	9	1	5	4	5	7	4	4	4	5	4	2	11	2
2012	9	8	22	14	新竹市	新竹市1民主路36號	24.809467	120.980995				8			50															3
2012	9	9	15	21	新竹市	新竹市1光復路二段132號	24.7931748	121.0018983				8			50															3
2012	9	9	17	32	新竹市	新竹市3中華路五段676巷3弄26號						8			50															3
2012	9	10	15	45	新竹市	新竹市1南外街德高街口						8			40															3
2012	9	5	7	55	新竹市	新竹市1一段國華街口						8			50															3
2012	9	8	9	15	新竹市	新竹市1學府路18巷口弄						8			50															3
2012	9	9	11	50	新竹市	新竹市1光復路二段40號						8			50															3
2012	9	9	13	50	新竹市	新竹市1光復路一段529號						8			50															3
2012	9	10	11	23	新竹市	新竹市1公道五路二段212巷口弄						8			50															3
2012	9	10	13	25	新竹市	新竹市1光復路二段47號						8			50															3
2012	9	14	19	40	新竹市	新竹市1中華路頭前溪橋往市區方向機車道						6			50															3
2012	9	15	20	20	新竹市	新竹市2和福街集和街路口						8			40															3
2012	9	9	19	8	新竹市	新竹市1振興路69號						8			50															3
2012	9	14	9	57	新竹市	新竹市2湳雅街鐵道路路口						6			50															3
2012	9	14	13	0	新竹市	新竹市1中華路二段民生路路口						8			50															3
2012	9	15	18	27	新竹市	新竹市1光復路一段607巷1弄科學園路路口107巷	24.7846361	121.010813	0	1	0	7	3	5	50	3	1	1	4	4	5	7	4	4	10	5	5	2	15	2
2012	9	14	17	11	新竹市	新竹市2北大路仁愛街	24.8103208	120.9689277				6			50															3
2012	9	12	18	17	新竹市	新竹市1忠孝路300號	24.8052006	120.9845172	0	1	0	7	3	5	50	3	1	1	5	4	5	7	4	4	10	5	5	2	16	2
2012	9	2	14	20	新竹市	新竹市3中華路五段347巷	24.7650255	120.9144374	0	1	0	8	1	5	50	3	1	1	5	4	5	7	4	4	1	4	4	2	16	2
2012	9	13	10	24	新竹市	新竹市1中華路二段162巷	24.8063911	120.9784284				8			50															3
2012	9	15	17	11	新竹市	新竹市3中華路四段170號	24.7959751	120.949915				8			50															3
2012	9	16	12	15	新竹市	新竹市1經國路一段411號	24.8141411	120.977205				8			50															3
2012	9	13	13	53	新竹市	新竹市3中華路四段128號北上車道	24.795895	120.952769				8			50															3
2012	9	16	15	5	新竹市	新竹市1武昌街81號	24.8025391	120.967308	0	1	0	8	1	5	50	15	9	1	5	4	5	7	4	4	5	5	5	2	12	2
2012	9	16	16	31	新竹市	新竹市1介壽路光復路路口	24.7818596	121.0211214				8			50															3
2012	9	16	18	50	新竹市	新竹市2少年街北大路路口中油加油站內	24.8054498	120.9611789				8			40															3
2012	9	16	18	45	新竹市	新竹市2西濱快速道路一段318號	24.8665726	120.9531818	0	1	0	8	3	5	50	14	8	1	5	4	5	7	4	4	1	4	4	2	16	2
2012	9	11	16	25	新竹市	新竹市1田美三街2號						8			50															3
2012	9	14	11	40	新竹市	新竹市1公道五路三段495巷口弄			0	2	0	8	1	5	50	15	9	1	5	4	5	7	4	4	1	4	5	2	18	2
2012	9	14	9	41	新竹市	新竹市1中華路二段中正路口						8			50															3
2012	9	14	8	40	新竹市	新竹市1大學路21號						8			50															3
2012	9	11	14	5	新竹市	新竹市1光復路二段金城一路路口						8			50															3
2012	9	14	18	20	新竹市	新竹市1慈雲路						6			50															3
2012	9	2	11	10	新竹市	新竹市1興學街48號						8			50															3
2012	9	11	15	40	新竹市	新竹市1光復路二段52號			0	1	0	8	1	5	50	14	9	1	5	4	5	7	4	4	1	4	5	2	12	2
2012	9	16	18	40	新竹市	新竹市1明湖路375號						8			50															3
2012	9	16	20	50	新竹市	新竹市2經國路二段290號對面						8			50															3
2012	9	12	11	33	新竹市	新竹市1金山25街119號						8			50															3
2012	9	3	7	52	新竹市	新竹市2竹光路135號						8			40															3
2012	9	12	13	0	新竹市	新竹市1博愛街43巷16號						8			50															3
2012	9	3	9	20	新竹市	新竹市1光復路二段295號			0	1	0	8	1	5	50	3	2	1	5	4	5	7	4	4	1	4	5	2	12	2
2012	9	12	13	36	新竹市	新竹市1中華路三段中山路路口						8			50															3
2012	9	15	10	50	新竹市	新竹市1中華路二段西大路路口			0	1	0	6	1	5	50	4	1	1	4	4	5	7	4	4	10	5	5	2	16	2
2012	9	7	6	52	新竹市	新竹市1中正路民族路路口	24.83606445	121.2331006	0	1	0	8	1	5	50	3	1	1	5	4	5	7	4	4	5	4	5	2	16	2
2012	9	15	16	40	新竹市	新竹市1南大路340號	24.798478	120.970922				8			50															3
2012	9	16	18	50	新竹市	新竹市2天府路與西濱路口	24.8395691	120.931391				8			50															3