年	月	日	時	分	縣市	allLocation	GoogleLat	GoogleLng	死	受傷	2-30	天候	光線	道路類別	速限	道路型態	事故位置	路面鋪裝	路面狀態	路面缺陷	障礙物	視距	號誌種類	號誌動作	分向設施	快車道或一般車道間	快慢車道間	路面邊線	事故類型及型態	事故類別
2012	9	16	19	50	新竹市	新竹市1錦華街12號	24.809034	120.97291				8			50															3
2012	9	16	17	28	新竹市	新竹市1公道五路二段經國路路口	24.819359	120.9825494				8			50															3
2012	9	16	18	25	新竹市	新竹市2東大路三段110巷	24.82980585	120.9559873	0	1	0	8	2	5	50	3	2	1	5	4	5	7	1	1	5	5	5	1	12	2
2012	9	16	17	40	新竹市	新竹市1經國路一段156巷135號	24.8192871	120.985668				8			40															3
2012	9	16	20	39	新竹市	新竹市1自由路34號	24.81153805	120.9820493	1	3	0	7	3	5	50	14	9	1	5	4	5	7	4	4	5	4	5	2	3	1
2012	9	5	7	20	新竹市	新竹市3內湖路110號	24.742668	120.905882	0	2	0	8	1	5	50	14	9	1	5	4	5	7	4	4	9	5	5	1	16	2
2012	9	17	13	50	新竹市	新竹市2延平路三段490巷	24.838652	120.933098				8			40															3
2012	9	7	19	25	新竹市	新竹市3中華路五段160巷	24.7853654	120.9215959				8			50															3
2012	9	7	22	10	新竹市	新竹市1東大路一段公園路路口	24.80139	120.9770515	0	1	0	8	3	5	50	3	1	1	5	4	5	7	1	1	10	5	5	2	16	2
2012	9	17	12	18	新竹市	新竹市3元培街8月3日號	24.78226865	120.937269				8			50															3
2012	9	15	22	27	新竹市	新竹市3景觀大道橋墩P12處	31.3512963	120.9811634	0	2	0	8	3	5	70	10	7	1	5	4	5	1	4	4	2	3	2	2	10	2
2012	9	6	18	51	新竹市	新竹市2富美路與防汛道路口	24.84080585	120.9390099	0	1	0	8	3	5	50	3	2	1	5	4	5	7	1	1	10	5	5	2	11	2
2012	9	2	11	50	新竹市	新竹市2北大路174號	24.80896345	120.9667826				8			50															3
2012	9	3	18	30	新竹市	新竹市2西大路西門街路口	24.8025954	120.9651562				8			50															3
2012	9	3	22	10	新竹市	新竹市1公道五路二段12600號路燈	24.79760605	121.0029783				8			50															3
2012	9	18	0	0	新竹市	新竹市2中山路29號	24.8055431	120.967203				8			50															3
2012	9	7	12	46	新竹市	新竹市2東大路四段262號																								3
2012	9	16	17	32	新竹市	新竹市2湳雅街77號			0	1	0	8	1	5	50	14	8	1	5	4	5	7	4	4	9	4	4	2	13	2
2012	9	7	12	50	新竹市	新竹市2東西向快速道路往南寮方向						8			90															3
2012	9	7	8	55	新竹市	新竹市1南大路569號						8			50															3
2012	9	7	11	0	新竹市	新竹市2經國路一段295-1號			0	1	0	8	1	5	50	14	9	1	5	4	5	7	4	4	1	4	5	2	2	2
2012	9	10	10	25	新竹市	新竹市1明湖路442巷						8			40															3
2012	9	10	14	40	新竹市	新竹市2大同路信義街口			0	3	0	8	1	5	50	4	9	4	5	4	5	7	4	4	10	5	5	2	12	2
2012	9	11	16	0	新竹市	新竹市1中華路二段162巷						8			50															3
2012	9	17	21	6	新竹市	新竹市1民族路自由路路口						8			50															3
2012	9	12	8	10	新竹市	新竹市1中華路二段東大路路口						8			50															3
2012	9	12	15	5	新竹市	新竹市3牛埔路經國路路口						8			50															3
2012	9	13	9	35	新竹市	新竹市3中華路六段231-8號						8			50															3
2012	9	17	11	40	新竹市	新竹市2中華路三段59號			1	0	0	8	1	5	50	14	9	1	5	4	5	7	4	4	9	5	5	1	18	1
2012	9	16	20	0	新竹市	新竹市3牛埔東路117號前			0	2	0	8	3	5	50	14	9	1	5	4	5	7	4	4	5	5	5	1	17	2
2012	9	17	9	46	新竹市	新竹市1關東路新莊街口			0	1	0	8	1	5	50	3	1	1	5	4	5	7	1	1	10	5	5	2	17	2
2012	9	17	12	16	新竹市	新竹市1光復路二段902巷公園路路口227巷口			0	1	0	8	1	5	50	4	1	1	5	4	5	7	4	4	10	5	5	2	15	2
2012	9	17	13	5	新竹市	新竹市1光復路一段200號						8			50															3
2012	9	13	22	36	新竹市	新竹市2林森路210巷德成街路口						8			40															3
2012	9	14	20	10	新竹市	新竹市2經國路二段485號						6			50															3
2012	9	18	12	0	新竹市	新竹市1民族路178巷23號						8			40															3
2012	9	15	14	33	新竹市	新竹市2東大路三段487巷						8			50															3
2012	9	18	8	50	新竹市	新竹市1學府路365號						8			50															3
2012	9	15	11	15	新竹市	新竹市1竹蓮街8巷						6			40															3
2012	9	15	12	40	新竹市	新竹市1明湖路446號						6			50															3
2012	9	18	9	58	新竹市	新竹市1大學路光復路路口						8			50															3
2012	9	12	6	0	新竹市	新竹市2大同路英明街路口						8			50															3
2012	9	11	21	39	新竹市	新竹市1明湖路608巷						8			50															3
2012	9	12	22	15	新竹市	新竹市1民族路178巷民主路路口57巷			0	2	0	8	3	5	40	4	1	1	5	4	5	7	4	4	10	5	5	2	15	2
2012	9	15	16	50	新竹市	新竹市1三民路3號						6			50															3
2012	9	18	8	40	新竹市	新竹市1忠孝路165巷						8			50															3
2012	9	13	11	25	新竹市	新竹市2湳雅街農改路口						8			50															3
2012	9	18	14	56	新竹市	新竹市3五福路二段840巷			0	2	0	8	1	5	50	4	1	1	5	4	5	7	4	4	10	5	5	2	16	2
2012	9	17	19	0	新竹市	新竹市2中正路272號						8			50															3
2012	9	18	18	15	新竹市	新竹市1東大路地下道機車專用道			0	2	0	8	1	5	40	7	11	1	5	4	5	7	4	4	5	5	5	2	12	2
2012	9	18	18	41	新竹市	新竹市1忠孝路420號			0	2	0	8	3	5	50	14	9	1	5	4	5	7	4	4	5	4	5	1	3	2
2012	9	5	15	10	新竹市	新竹市2東西向快速道路東向西5K-D020號路燈處						8			90															3
2012	9	5	18	19	新竹市	新竹市1頂埔路3號			0	2	0	8	3	5	50	3	2	1	5	4	5	7	4	4	10	5	5	2	3	2
2012	9	5	20	25	新竹市	新竹市1金山6街8巷22號						8			50															3
2012	9	5	20	15	新竹市	新竹市1介壽路金山街路口						8			50															3
2012	9	6	8	5	新竹市	新竹市1慈雲路17365號路燈	24.79311235	121.0115108				8			50															3
2012	9	10	7	20	新竹市	新竹市1食品路378巷	24.79385345	120.9690787				8			50															3
2012	9	10	9	20	新竹市	新竹市1建中路赤土崎一街	24.8007419	120.9936975	0	1	0	8	1	5	50	4	1	1	5	4	5	7	4	4	10	5	5	2	16	2
2012	9	13	20	10	新竹市	新竹市3中華路四段428號	24.7914624	120.9394129				8			50															3
2012	9	15	14	15	新竹市	新竹市2北大路230號	24.8078131	120.964634				6			50															3
2012	9	17	17	10	新竹市	新竹市3東香東街356號	23.7906725	121.0173356				8			40															3
2012	9	13	21	18	新竹市	新竹市2光華街2號	24.8132201	120.973009				8			50															3
2012	9	12	21	54	新竹市	新竹市1光復路二段217號	24.79945	120.9913119				8			50															3
2012	9	16	14	40	新竹市	新竹市3瑞光街95號	24.7933611	120.925524				8			50															3
2012	9	18	13	25	新竹市	新竹市1學府路東山街路口						8			50															3
2012	9	12	20	9	新竹市	新竹市1建中路建中一路路口						8			50															3
2012	9	18	9	9	新竹市	新竹市1經國路二段民權路路口						8			50															3
2012	9	13	15	48	新竹市	新竹市3中華路四段393號						8			40															3
2012	9	16	10	44	新竹市	新竹市1明湖路47號						8			40															3
2012	9	19	6	42	新竹市	新竹市3虎林街84巷1號彎道						8			50															3
2012	9	10	8	13	新竹市	新竹市1中正路中央路路口						8			50															3
2012	9	10	9	9	新竹市	新竹市1經國路一段476號			0	1	0	8	1	5	50	14	9	1	5	4	5	7	4	4	10	4	5	1	16	2
2012	9	10	10	54	新竹市	新竹市1中華路二段702號			0	1	0	8	1	5	50	14	9	1	5	4	5	7	4	4	5	5	5	2	16	2
2012	9	11	17	37	新竹市	新竹市1明湖路775巷			0	1	0	8	1	5	50	4	1	1	5	4	5	7	2	1	10	5	5	2	11	2
2012	9	12	7	57	新竹市	新竹市1光復路一段108巷						8			50															3
2012	9	12	17	53	新竹市	新竹市3中華路四段牛埔南路路口						8			50															3
2012	9	14	10	45	新竹市	新竹市2中山路410號						6			50															3
2012	9	14	8	14	新竹市	新竹市1金山19街						8			50															3
2012	9	14	9	36	新竹市	新竹市1中華路二段197號			0	1	0	8	1	5	50	14	9	1	5	4	5	7	1	1	1	2	5	2	16	2
2012	9	17	9	4	新竹市	新竹市1中華路一段2巷						8			50															3
2012	9	17	10	5	新竹市	新竹市1經國路一段自由路路口						8			50															3
2012	9	17	10	41	新竹市	新竹市1光復路一段268巷						8			50															3
2012	9	18	14	25	新竹市	新竹市1光復路二段忠孝路路口						8			50															3
2012	9	16	23	50	新竹市	新竹市3中華路五段120-1號			0	1	0	8	3	5	50	14	9	1	5	4	5	7	4	4	1	4	5	1	18	2
2012	9	19	11	50	新竹市	新竹市2武陵路201巷鐵道路路口			0	0	0	7	1	5	50	3	2	1	5	4	5	7	4	4	9	5	5	2	21	3
2012	9	13	17	45	新竹市	新竹市2民富街164號			0	3	0	8	1	5	50	14	9	1	5	4	5	7	4	4	5	5	5	1	16	2
2012	9	19	8	14	新竹市	新竹市1光復路一段56號			0	1	0	8	1	5	50	14	9	1	5	4	5	7	4	4	5	4	5	2	12	2
2012	9	19	10	30	新竹市	新竹市2延平路三段392巷中清路路口			0	2	0	7	1	5	40	4	1	1	5	4	5	7	3	1	10	5	5	2	15	2
2012	9	19	11	35	新竹市	新竹市1寶山路380巷						6			50															3
2012	9	19	12	50	新竹市	新竹市1博愛街自來水廠旁便道						8			40															3
2012	9	5	8	26	新竹市	新竹市1食品路540號	24.79482	120.965453				8			50															3
2012	9	11	21	0	新竹市	新竹市1光復路光復路地下道	24.790798	121.0055625				8			50															3
2012	9	13	12	35	新竹市	新竹市2國華街69號	24.8163689	120.9703093				8			20															3
2012	9	13	13	20	新竹市	新竹市2東大路二段載熙國小旁	24.811276	120.969914				8			50															3
2012	9	19	19	15	新竹市	新竹市1金山6街10巷	24.7738857	121.0155538				6			40															3
2012	9	16	10	30	新竹市	新竹市1光復路一段448-2號	24.7846641	121.013784	0	1	0	8	1	5	50	14	9	1	5	4	5	7	4	4	5	4	5	2	3	2
2012	9	7	7	50	新竹市	新竹市1經國路一段公道五路路口	24.8150922	120.9852896	0	1	0	8	1	5	50	4	1	1	5	4	5	7	1	1	10	5	5	2	13	2
2012	9	19	22	3	新竹市	新竹市3竹香北路路燈23162	24.8009515	120.9407204	1	0	0	8	3	5	40	15	9	1	5	4	5	7	4	4	9	5	5	2	20	1
2012	9	19	20	23	新竹市	新竹市3柴橋路國家藝術園區前	24.7681185	120.9634115	0	1	0	6	3	5	50	3	2	1	4	4	5	2	2	1	9	2	5	2	12	2
2012	9	7	14	30	新竹市	新竹市3延平路二段福樹街口	24.8063579	120.9365431	0	1	0	8	1	5	50	3	1	1	5	4	5	7	3	1	10	5	5	2	12	2
2012	9	7	11	40	新竹市	新竹市3中華路五段649號	24.7598773	120.9118169	0	1	0	8	1	5	50	14	20	1	5	4	5	7	4	4	3	4	4	2	26	2
2012	9	8	12	25	新竹市	新竹市2東大路二段429號						8			50															3
2012	9	8	9	58	新竹市	新竹市1竹蓮街8巷5號						8			40															3
2012	9	20	7	45	新竹市	新竹市2武陵路高架道						8			50															3
2012	9	17	9	50	新竹市	新竹市1中華路二段678號			0	1	0	8	1	5	50	3	1	1	5	4	5	7	1	3	10	5	5	2	17	2
2012	9	17	16	30	新竹市	新竹市1光復路一段光武國中前						8			50															3
2012	9	17	9	5	新竹市	新竹市1食品路南大路路口			0	1	0	8	1	5	50	5	18	1	5	4	5	7	1	1	10	5	5	2	3	2
2012	9	20	9	14	新竹市	新竹市1東光路103號對面						8			50															3
2012	9	14	12	0	新竹市	新竹市1光復路二段金城一路路口						8			50															3
2012	9	20	8	25	新竹市	新竹市1林森路200巷19號						8			40															3
2012	9	14	14	40	新竹市	新竹市2北門街英明街路口			0	1	0	8	1	5	50	4	2	1	5	4	5	7	4	4	5	5	5	2	3	2
2012	9	14	16	35	新竹市	新竹市1慈雲路埔頂一路路口						8			50															3
2012	9	19	16	47	新竹市	新竹市1食品路331號			0	1	0	8	1	5	50	3	1	1	5	4	5	7	3	1	10	5	5	2	16	2
2012	9	19	16	10	新竹市	新竹市1自由路110號			0	0	0	8	2	5	50	14	9	1	5	4	5	7	4	4	5	4	5	2	13	3
2012	9	19	17	52	新竹市	新竹市1東美路公道五路路口						6			50															3
2012	9	20	8	5	新竹市	新竹市1經國橋上往公道五路方向						8			50															3
2012	9	20	14	30	新竹市	新竹市3景觀大道往市區方向						8			70															3
2012	9	20	19	16	新竹市	新竹市3中山路708號	24.79941765	120.9573412				8			40															3
2012	9	20	21	18	新竹市	新竹市2西大路645號	24.810099	120.95819				8			50															3
2012	9	19	9	29	新竹市	新竹市1民權路67號	24.8066241	120.975891				8			50															3
2012	9	19	17	20	新竹市	新竹市1十八尖山第二停車場出口	24.8356092	120.9235789				8			30															3
2012	9	8	17	32	新竹市	新竹市2東大路四段榮濱路路口	24.8437393	120.931545				8			50															3
2012	9	20	21	27	新竹市	新竹市3中華路五段香山陸橋	24.7598807	120.9118085	0	1	0	8	3	5	50	14	7	1	5	4	5	7	4	4	1	4	4	2	24	2
2012	9	11	9	24	新竹市	新竹市2西大路中山路路口	23.8333047	120.4693168	0	1	0	8	1	5	50	4	18	1	5	4	5	7	2	1	10	5	5	2	3	2
2012	9	20	18	40	新竹市	新竹市1光復路二段忠孝路路口	24.8001525	120.9896318				8			50															3
2012	9	20	23	20	新竹市	新竹市3五福路二段800號	24.7571705	120.9484903	0	2	0	8	3	5	40	14	9	1	5	4	5	7	4	4	5	5	5	2	16	2
2012	9	18	10	40	新竹市	新竹市1民權路187號	24.809743	120.973658				8			50															3
2012	9	18	12	45	新竹市	新竹市3大庄路55號	24.7896651	120.928055				8			50															3
2012	9	18	13	10	新竹市	新竹市3西濱快速道路香山聯絡道口	24.7370729	120.886593	0	2	0	8	1	5	80	3	1	1	5	4	5	7	1	1	10	5	5	2	16	2
2012	9	20	7	50	新竹市	新竹市1光復路一段525巷39號	24.783213	121.013431	0	1	0	8	1	5	40	11	9	1	5	4	5	7	4	4	10	5	5	1	3	2
2012	9	21	7	50	新竹市	新竹市3景觀大道東香南街口	24.7664141	120.9553411				8			70															3
2012	9	21	8	10	新竹市	新竹市33南隘路2段	24.7256219	120.92865	0	1	0	8	1	5	50	3	1	1	5	4	5	7	4	4	5	5	5	2	18	2
2012	9	11	12	33	新竹市	新竹市2武陵路37號	24.819575	120.964393				8			50															3
2012	9	12	21	20	新竹市	新竹市1光復路一段龍山國小前	24.81532425	120.9651345	0	1	0	8	3	5	50	14	9	1	5	4	5	7	1	1	3	2	5	2	13	2
2012	9	21	7	40	新竹市	新竹市1光復路一段31號	24.7810351	121.025541				8			50															3
2012	9	15	16	45	新竹市	新竹市1中正路49號東門圓環	24.8044523	120.9702289	0	0	0	8	2	5	50	16	9	1	5	4	5	7	4	4	9	4	5	2	12	3
2012	9	16	14	20	新竹市	新竹市1府後街東門圓環	24.8044633	120.9704172				8			50															3
2012	9	21	15	0	新竹市	新竹市2經國路二段少年街路口	24.8070724	120.9570239				8			50															3
2012	9	21	19	45	新竹市	新竹市1光復路二段94號	24.7923841	121.002835				8			50															3
2012	9	21	22	9	新竹市	新竹市1南大路748巷	24.79509185	120.9708905	0	3	0	8	3	5	50	4	1	1	5	4	5	7	1	1	10	5	5	2	12	2
2012	9	21	20	35	新竹市	新竹市2崧嶺路崧嶺橋上	24.796174	120.955803	0	2	0	8	3	5	50	8	9	1	5	4	5	7	4	4	5	5	5	2	10	2
2012	9	21	21	0	新竹市	新竹市1建新路34號	24.79812	120.99696				8			50															3
2012	9	20	17	51	新竹市	新竹市1關新路關新二街	24.7854886	121.0187361	0	1	0	8	2	5	50	4	18	1	5	4	5	7	1	1	10	5	5	2	3	2
2012	9	22	3	28	新竹市	新竹市1學府路345號	24.797177	120.984972	0	1	0	8	3	5	50	14	9	1	5	4	5	7	4	4	5	5	5	1	16	2
2012	9	9	7	19	新竹市	新竹市3牛埔東路15號	24.799257	120.951144				8			50															3
2012	9	14	18	50	新竹市	新竹市1忠孝路大潤發出口	24.8036849	120.9917121				6			50															3
2012	9	14	22	37	新竹市	新竹市1光復路一段525巷	24.78436645	121.0121615				8			50															3
2012	9	15	16	55	新竹市	新竹市3頂埔路70號	24.7974352	120.9504998				8			50															3
2012	9	15	17	39	新竹市	新竹市2湳雅街252號	24.8225971	120.976745	0	1	0	7	1	5	50	14	9	1	5	4	5	7	4	4	5	5	5	1	18	2
2012	9	21	19	51	新竹市	新竹市1光復路一段龍山國小前	24.81532425	120.9651345	0	1	0	8	3	5	50	14	9	1	5	4	5	7	4	4	2	4	5	2	12	2
2012	9	14	15	20	新竹市	新竹市2城北街44號	24.8095797	120.9643683				6			50															3
2012	9	21	16	34	新竹市	新竹市3中華路五段347巷	24.7650255	120.9144374	0	1	0	8	1	5	50	4	2	1	5	4	5	7	3	1	10	5	5	2	16	2
2012	9	22	10	52	新竹市	新竹市2西大路758號	24.810395	120.958672																						3
2012	9	22	12	30	新竹市	新竹市2北大路288號	24.8071231	120.963378				8			50															3
2012	9	17	18	14	新竹市	新竹市1中華路二段民權路路口						8			50															3
2012	9	19	8	30	新竹市	新竹市1西大路46巷竹蓮國小旁無名巷			0	2	0	8	1	5	40	4	1	1	5	4	5	7	4	4	10	5	5	2	15	2
2012	9	22	10	58	新竹市	新竹市1光復路一段116號			0	1	0	8	1	5	50	14	9	1	5	4	5	7	4	4	5	4	5	2	12	2
2012	9	15	20	18	新竹市	新竹市1西大路南大路路口			0	1	0	8	3	5	50	4	1	1	5	4	5	7	1	1	10	5	5	2	12	2
2012	9	15	8	36	新竹市	新竹市1自由路66巷			0	2	0	6	1	5	50	3	1	1	4	4	5	7	3	1	10	5	5	2	16	2
2012	9	15	14	13	新竹市	新竹市3牛埔東路59號						8			50															3
2012	9	18	7	55	新竹市	新竹市1寶山路高翠路路口						8			50															3
2012	9	19	10	50	新竹市	新竹市3延平路二段(延平地磅前)			0	2	0	8	1	5	50	14	9	1	5	4	5	7	4	4	5	5	5	1	11	2
2012	9	22	18	35	新竹市	新竹市2中山路50號						8			50															3
2012	9	12	12	58	新竹市	新竹市2林森路203號						8			50															3
2012	9	18	9	5	新竹市	新竹市1水源街建功一路路口						8			50															3
2012	9	7	11	59	新竹市	新竹市3中華路四段460號			0	2	0	8	1	5	50	4	2	1	5	4	5	7	4	4	1	4	5	1	13	2
2012	9	7	22	48	新竹市	新竹市1光復路一段慈雲路路口						8			50															3
2012	9	22	19	15	新竹市	新竹市1埔頂路慈雲路路口						8			50															3
2012	9	21	17	8	新竹市	新竹市1建中路建中一路路口			0	1	0	8	1	5	50	3	19	1	5	4	5	7	1	1	10	5	5	1	3	2
2012	9	22	21	45	新竹市	新竹市1明志書院停車場6樓477號停車格	24.8356092	120.9235789				8			40															3
2012	9	22	21	41	新竹市	新竹市2金竹路48巷	24.8224783	120.9744647				8			40															3
2012	9	11	8	0	新竹市	新竹市1寶山路、園區三路口	24.7769259	120.9952299	0	1	0	8	1	5	50	3	2	1	5	4	5	7	4	4	1	4	5	2	13	2
2012	9	19	14	45	新竹市	新竹市1經國路一段3號	24.8150491	120.981835				8			50															3
2012	9	11	10	23	新竹市	新竹市1光復路一段177號	24.7815336	121.0221491				8			50															3
2012	9	11	12	9	新竹市	新竹市3中華路四段571號	24.789902	120.933651	0	1	0	8	1	5	50	14	9	1	5	4	5	7	4	4	1	4	5	1	13	2
2012	9	22	22	22	新竹市	新竹市2東大路二段武陵路路口	24.8171183	120.9658517				8			50															3
2012	9	11	13	54	新竹市	新竹市3中華路六段78號	24.7495461	120.907815				8			50															3
2012	9	23	5	39	新竹市	新竹市1博愛街76巷11號	24.799331	120.98379	0	1	0	8	2	5	40	14	9	1	5	4	5	7	4	4	10	5	5	2	11	2
2012	9	15	6	45	新竹市	新竹市3景觀大道、客雅大道口	31.3512963	120.9811634	0	2	0	6	1	5	50	4	2	1	4	4	5	7	4	4	1	4	3	2	23	2
2012	9	22	17	46	新竹市	新竹市1金山街金山11街路口	24.7781471	121.0222157	0	1	0	8	3	5	50	3	2	1	5	4	5	7	4	4	5	5	5	2	16	2
2012	9	14	7	50	新竹市	新竹市3牛埔路349巷	24.79799955	120.9440509	0	2	0	8	1	5	50	4	1	1	5	4	5	7	4	4	10	5	5	2	15	2
2012	9	23	11	17	新竹市	新竹市1東山街60巷13號	24.79705175	120.9801861				8			50															3
2012	9	23	12	17	新竹市	新竹市1中華路二段火車站入口	24.8042903	120.9752282	0	1	0	8	1	5	50	4	1	1	5	4	5	7	2	1	10	5	5	2	16	2
2012	9	15	16	54	新竹市	新竹市2北門街100號	24.807189	120.966128				8			50															3
2012	9	12	17	11	新竹市	新竹市1光復路二段金城一路路口	24.7932831	121.001211	0	2	0	8	1	5	50	3	1	1	5	4	5	7	1	1	10	5	5	2	15	2
2012	9	14	21	35	新竹市	新竹市1中華路二段33號	24.8088365	120.9826966	0	1	0	8	3	5	50	3	1	1	5	4	5	7	3	1	10	5	5	2	13	2
2012	9	19	8	39	新竹市	新竹市1中華路二段375號	24.80300015	120.9732046				8			50															3
2012	9	19	7	0	新竹市	新竹市1東南街143巷	24.797705	120.974452	0	2	0	8	1	5	50	4	1	1	5	4	5	7	3	1	10	5	5	2	15	2
2012	9	23	15	20	新竹市	新竹市3中華路四段400號	24.7923159	120.9417855	0	2	0	8	1	5	50	3	1	1	5	4	5	7	1	1	10	5	5	2	17	2
2012	9	23	17	40	新竹市	新竹市2東大路三段天府路路口	24.8331464	120.9483426				8			50															3
2012	9	20	13	28	新竹市	新竹市1文化街76號	24.807779	120.970333				8			50															3
2012	9	20	12	27	新竹市	新竹市1光復路二段158號	24.79362	121.001235	0	0	0	8	1	5	50	14	9	1	5	4	5	7	4	4	1	4	5	2	12	3
2012	9	20	8	24	新竹市	新竹市3五福路二段738-3號	24.7571705	120.9484903				8			40															3
2012	9	23	19	11	新竹市	新竹市1民權路206巷	24.8101928	120.9734446				8			50															3
2012	9	17	16	32	新竹市	新竹市2境福街100號	24.81829	120.960857	0	2	0	8	1	5	50	14	9	1	5	4	5	7	4	4	9	5	5	2	11	2
2012	9	23	23	13	新竹市	新竹市2湳雅街國華街路口	24.8172411	120.9699015	0	1	0	8	3	5	50	3	2	1	5	4	5	7	4	4	5	5	5	1	18	2
2012	9	14	9	39	新竹市	新竹市2西大路317號	24.801574	120.9656909	0	2	0	8	1	5	50	3	2	1	5	4	5	7	4	4	5	4	5	2	16	2
2012	9	20	18	0	新竹市	新竹市1食品路355號	24.793659	120.969711				8			50															3
2012	9	21	13	5	新竹市	新竹市2東大路二段232巷	24.824575	120.966105	0	2	0	8	1	5	40	4	9	1	5	4	5	7	4	4	10	5	5	2	15	2
2012	9	21	15	45	新竹市	新竹市2東大路二段232巷	24.824575	120.966105	0	2	0	8	1	5	50	4	9	1	5	4	5	7	4	4	10	5	5	2	13	2
2012	9	24	7	30	新竹市	新竹市3芝柏五街30號旁交叉路口	24.7766811	120.947648				8			40															3
2012	9	23	17	20	新竹市	新竹市2東大路三段77巷口						8			50															3
2012	9	14	18	0	新竹市	新竹市2中正路北大路路口						6			50															3
2012	9	24	12	40	新竹市	新竹市2仁德街世界街路口						8			40															3
2012	9	24	12	50	新竹市	新竹市1光復路一段428號						8			50															3
2012	9	15	10	51	新竹市	新竹市2湳雅街86巷			0	2	0	7	1	5	50	4	1	1	5	4	5	7	4	4	10	5	5	2	16	2
2012	9	24	15	29	新竹市	新竹市1公園路282號						8			50															3
2012	9	24	15	50	新竹市	新竹市2中山路141號						8			50															3
2012	9	24	17	45	新竹市	新竹市1南大路421號						8			50															3
2012	9	15	11	49	新竹市	新竹市1民生路三民路路口			0	1	0	6	1	5	50	4	1	1	4	4	5	7	3	1	10	5	5	2	15	2
2012	9	13	17	32	新竹市	新竹市3西濱快速道路海山港路						8			80															3
2012	9	24	19	43	新竹市	新竹市2武陵路271巷64弄12號						8			40															3
2012	9	24	19	12	新竹市	新竹市1忠孝路建功一路路口			0	1	0	8	1	5	50	4	1	1	5	4	5	7	2	1	10	5	5	2	16	2
2012	9	24	14	50	新竹市	新竹市1經國路一段138號						8			50															3
2012	9	24	15	36	新竹市	新竹市1西大路食品路路口			0	1	0	8	1	5	50	5	2	1	5	4	5	7	1	1	10	5	5	1	19	2
2012	9	24	16	20	新竹市	新竹市1林森路196號						8			50															3
2012	9	24	20	55	新竹市	新竹市2四維路林森路路口						8			50															3
2012	9	24	18	7	新竹市	新竹市1培英街10號			0	1	0	8	3	5	40	4	1	1	5	4	5	7	4	4	10	5	5	1	15	2
2012	9	24	23	25	新竹市	新竹市1南大路900號			0	1	0	8	3	5	50	4	1	1	5	4	5	7	2	1	10	5	5	2	17	2
2012	9	25	1	45	新竹市	新竹市1中華路三段中山路路口						8			50															3
2012	9	16	19	0	新竹市	新竹市1民族路34號			0	1	0	8	3	5	50	14	9	1	5	4	5	7	4	4	5	5	5	2	17	2
2012	9	16	20	56	新竹市	新竹市1中華路十九段火車站前						8			50															3
2012	9	17	16	6	新竹市	新竹市1埔頂路312號			0	1	0	8	1	5	50	14	9	1	5	4	5	7	4	4	9	5	5	1	13	2
2012	9	22	14	52	新竹市	新竹市2中正路世界街路口			0	1	0	8	1	5	50	4	1	1	5	4	5	7	1	1	10	5	5	2	16	2
2012	9	25	7	34	新竹市	新竹市1公園路286號			0	1	0	8	1	5	50	3	1	1	5	4	5	7	3	1	10	5	5	2	12	2
2012	9	18	8	38	新竹市	新竹市1寶山路食品路路口						8			50															3
2012	9	25	13	45	新竹市	新竹市1中華路二段與信義街口						8			50															3
2012	9	25	15	0	新竹市	新竹市2北門街139號						8			50															3
2012	9	25	8	46	新竹市	新竹市1光復路二段726號						8			50															3
2012	9	25	15	28	新竹市	新竹市3元培街225號			0	2	0	8	1	5	50	14	9	1	5	4	5	7	4	4	10	5	5	2	9	2
2012	9	25	8	20	新竹市	新竹市1高峰路91號						8			50															3
2012	9	25	17	19	新竹市	新竹市2中央路大同路路口			0	1	0	8	1	5	50	4	1	1	5	4	5	7	3	1	10	5	5	2	15	2
2012	9	25	17	55	新竹市	新竹市3牛埔路170巷						8			50															3
2012	9	25	18	48	新竹市	新竹市1中正路100號						8			50															3
2012	9	22	12	13	新竹市	新竹市1食品路140號	24.7977401	120.976923				8			50															3
2012	9	25	18	18	新竹市	新竹市1東門圓環	24.8042116	120.9705392	0	1	0	8	1	5	50	16	9	1	5	4	5	7	4	4	5	4	4	2	16	2
2012	9	22	13	42	新竹市	新竹市3景觀大道往市區	31.3512963	120.9811634				8			70															3
2012	9	22	15	41	新竹市	新竹市1光復路一段489號	24.7842725	121.0144713	0	0	0	8	1	5	50	14	9	1	5	4	5	7	4	4	9	4	4	2	17	3
2012	9	23	12	10	新竹市	新竹市217公里海岸線腳踏車步道4-5K處	24.81568265	120.964319	0	1	0	8	1	7	20	14	22	1	5	4	5	7	4	4	10	5	5	2	11	2
2012	9	25	18	57	新竹市	新竹市1光復路二段259號	24.79834225	120.9906022	0	2	0	8	3	5	50	14	9	1	5	4	5	7	4	4	5	4	5	2	12	2
2012	9	15	16	20	新竹市	新竹市1光復路二段忠孝路路口	24.8001525	120.9896318	0	1	0	7	1	5	50	4	9	1	4	4	5	7	2	1	10	4	5	2	16	2
2012	9	20	18	5	新竹市	新竹市1光復路一段590號	24.790329	121.006114				8			50															3
2012	9	25	8	10	新竹市	新竹市1金山街介壽路路口	24.7786679	121.0190966	0	0	1	8	1	5	50	4	2	1	5	4	5	7	1	1	10	5	5	1	12	2
2012	9	21	21	58	新竹市	新竹市2經國路二段北新街路口	24.8034591	120.9550289	0	1	0	8	3	5	50	3	1	1	5	4	5	7	1	1	10	5	5	2	16	2
2012	9	25	21	16	新竹市	新竹市2鐵道路三段61號						8			50															3
2012	9	23	20	6	新竹市	新竹市2四維路林森路路口						8			50															3
2012	9	25	6	19	新竹市	新竹市3中華路中山路路口			0	2	0	8	2	5	50	4	1	1	5	4	5	7	1	3	10	5	5	2	23	2
2012	9	25	14	59	新竹市	新竹市1公道五路二段京元電子			0	1	0	8	1	5	50	14	8	1	5	4	5	7	4	4	1	4	3	1	12	2
2012	9	25	19	33	新竹市	新竹市1經國大橋17427燈桿(北上)						8			50															3