年	月	日	時	分	縣市	allLocation	GoogleLat	GoogleLng	死	受傷	2-30	天候	光線	道路類別	速限	道路型態	事故位置	路面鋪裝	路面狀態	路面缺陷	障礙物	視距	號誌種類	號誌動作	分向設施	快車道或一般車道間	快慢車道間	路面邊線	事故類型及型態	事故類別
2012	9	25	21	4	新竹市	新竹市2中山路454號			0	2	0	8	3	5	50	14	9	1	5	4	5	7	4	4	5	5	5	1	16	2
2012	9	26	7	40	新竹市	新竹市1中華路二段國泰醫院前						8			50															3
2012	9	26	11	40	新竹市	新竹市1寶山路高翠路路口						8			50															3
2012	9	26	7	38	新竹市	新竹市1中華路二段東門街路口			0	1	0	8	1	5	50	5	1	1	5	4	5	7	2	1	10	5	5	2	13	2
2012	9	26	10	51	新竹市	新竹市1寶山路452巷7弄口			0	1	0	8	1	5	50	3	1	1	5	4	5	7	4	4	10	5	5	2	16	2
2012	9	26	11	52	新竹市	新竹市1公道五路二段(愛買前)	24.7983487	121.0086791				8			50															3
2012	9	25	18	46	新竹市	新竹市2東大路三段708巷1月18日號	24.835972	120.945222				8			40															3
2012	9	22	6	20	新竹市	新竹市1經國路一段620號	24.8145341	120.975404				8			50															3
2012	9	22	14	57	新竹市	新竹市2延平路一段537號	24.805066	120.9444737	0	2	0	8	1	5	50	3	1	1	5	4	5	7	4	4	10	5	5	2	16	2
2012	9	23	12	30	新竹市	新竹市3牛埔路142號	24.7996941	120.95245				8			50															3
2012	9	25	21	33	新竹市	新竹市1明湖路359號	24.7864951	120.967925	0	2	0	7	3	5	40	14	9	1	5	4	5	7	4	4	5	5	5	1	13	2
2012	9	1	20	20	新竹市	新竹市3中華路六段205巷81號	24.7466348	120.9078301	0	3	0	8	3	5	40	14	9	1	5	4	5	7	4	4	10	5	5	2	7	2
2012	9	13	23	47	新竹市	新竹市2經國路二段649號	24.8013731	120.954651	0	1	0	8	3	5	50	14	9	1	5	4	5	7	4	4	1	4	4	2	13	2
2012	9	8	12	24	新竹市	新竹市1光復路一段354巷	24.783466	121.0182734	0	1	0	8	1	5	50	4	1	1	5	4	5	7	2	1	10	5	5	2	16	2
2012	9	18	9	35	新竹市	新竹市1光復路一段89巷45號	24.78008	121.024622	0	1	0	8	1	5	50	14	9	1	5	4	5	7	4	4	9	5	4	2	12	2
2012	9	11	10	47	新竹市	新竹市1埔頂一路慈濟路路口	24.7919685	121.0148844	0	2	0	8	1	5	50	4	1	1	5	4	5	7	4	4	10	4	5	2	15	2
2012	9	18	18	15	新竹市	新竹市2經國路二段北新街路口	24.8034591	120.9550289	0	1	0	8	3	5	50	4	1	1	5	4	5	7	2	1	10	5	5	2	12	2
2012	9	26	23	20	新竹市	新竹市1經國路一段686號	24.814497	120.97356				8			50															3
2012	9	26	17	8	新竹市	新竹市1光復路二段92號	24.792379	121.002886	0	2	0	8	1	5	50	14	9	1	5	4	5	7	4	4	1	4	5	2	17	2
2012	9	22	4	0	新竹市	新竹市1中華路二段497號	24.800068	120.9684998				8			0															3
2012	9	20	22	26	新竹市	新竹市3中華路五段208巷	24.7855805	120.9166773	0	1	0	8	3	5	50	3	1	1	5	4	5	7	3	1	10	5	5	2	15	2
2012	9	27	13	53	新竹市	新竹市1光復路一段366號	24.784243	121.015703				8			50															3
2012	9	17	16	8	新竹市	新竹市3中華路六段235-6號	24.753693	120.910309				8			50															3
2012	9	16	16	6	新竹市	新竹市1中華路二段信義街	24.8009351	120.9698904	0	1	0	8	1	5	50	3	1	1	5	4	5	7	4	4	10	5	5	2	16	2
2012	9	27	18	27	新竹市	新竹市1文昌街78號	24.802792	120.967901	0	2	0	8	1	5	50	14	9	1	5	4	5	7	4	4	5	5	5	2	3	2
2012	9	27	8	59	新竹市	新竹市2經國路一段鐵道路路口	24.8147874	120.9808653																						3
2012	9	27	10	0	新竹市	新竹市1建功路15號	24.79648	120.998228				8			50															3
2012	9	27	19	20	新竹市	新竹市2四維路83巷	24.800747	120.960788	0	1	0	7	3	5	50	14	9	1	5	4	5	7	4	4	5	4	5	2	16	2
2012	9	26	7	26	新竹市	新竹市2光華東街光華二街路口	24.8193464	120.979387				8			50															3
2012	9	27	21	27	新竹市	新竹市2經國路二段城北街路口	24.811415	120.9635475	0	1	0	8	3	5	50	4	1	1	5	4	5	7	1	1	10	5	5	2	13	2
2012	9	20	5	58	新竹市	新竹市3延平路二段73號	24.8050672	120.9416847	0	2	0	8	1	5	50	3	1	1	5	4	5	7	3	1	10	5	5	2	15	2
2012	9	27	21	0	新竹市	新竹市1民權路中央路路口			0	2	0	8	3	5	50	4	1	1	5	4	5	7	2	1	10	5	5	2	16	2
2012	9	26	11	58	新竹市	新竹市2中正路530號						8			50															3
2012	9	26	17	13	新竹市	新竹市2中華路三段客雅溪橋北端						8			50															3
2012	9	27	6	27	新竹市	新竹市1忠孝路東明街路口						8			50															3
2012	9	20	12	8	新竹市	新竹市1東大路二段北大路路口						8			50															3
2012	9	28	4	15	新竹市	新竹市2中山路59號			0	1	0	7	3	5	50	14	9	1	5	4	5	7	4	4	5	5	5	2	13	2
2012	9	10	15	30	新竹市	新竹市2北大路仁德街路口						8			50															3
2012	9	26	15	10	新竹市	新竹市2東大路三段吉羊路路口						8			50															3
2012	9	28	7	4	新竹市	新竹市1經國橋往園區方向			0	0	0	8	1	5	60	8	9	1	5	4	5	7	4	4	10	5	5	2	18	3
2012	9	28	9	2	新竹市	新竹市1中正路141號						8			50															3
2012	9	28	7	5	新竹市	新竹市1經國橋往園區方向						6			60															3
2012	9	28	8	50	新竹市	新竹市1仁愛街65巷																								3
2012	9	14	7	25	新竹市	新竹市2中山路221號			0	1	0	8	1	5	50	14	9	1	5	4	5	7	4	4	9	5	5	2	2	2
2012	9	28	12	54	新竹市	新竹市1中華路一段2巷快速道路入口處	24.7122193	120.8669919	0	1	0	7	1	5	50	5	2	1	5	4	5	7	2	1	1	1	1	2	16	2
2012	9	28	13	17	新竹市	新竹市3元培街225號	24.7800731	120.935407	0	1	0	8	1	5	40	11	9	1	5	4	5	7	4	4	9	5	5	2	20	2
2012	9	4	22	10	新竹市	新竹市1金城一路35巷	24.79395675	121.0022692				8			50															3
2012	9	23	15	50	新竹市	新竹市1金山北一街79號	24.777289	121.02443	0	1	0	8	1	5	50	14	9	1	5	4	5	7	4	4	10	5	5	2	3	2
2012	9	27	10	1	新竹市	新竹市1自由路70號	24.81334295	120.9806638	0	1	0	8	1	5	50	3	1	1	5	4	5	7	3	1	10	5	5	2	16	2
2012	9	28	14	46	新竹市	新竹市2東大路二段鐵道路路口	24.8198055	120.961431				8			50															3
2012	9	28	15	53	新竹市	新竹市2中華路三段9號	24.7968745	120.9594703				8			50															3
2012	9	24	8	0	新竹市	新竹市1光復路二段165巷	24.7991451	120.992322				8			50															3
2012	9	16	9	0	新竹市	新竹市1明湖路400巷66弄	24.78483885	120.9642914				8			30															3
2012	9	28	19	0	新竹市	新竹市2經國路二段延平路路口	24.8047718	120.9556443				6			50															3
2012	9	28	20	30	新竹市	新竹市1西大路明志書院停車場3樓	24.80160565	120.9657943				6																		3
2012	9	23	15	37	新竹市	新竹市1林森路200巷4號	24.7989539	120.963542				8			40															3
2012	9	23	18	34	新竹市	新竹市2西大路中山路路口	23.8333047	120.4693168				8			50															3
2012	9	27	12	52	新竹市	新竹市1南大路473巷43弄	24.794229	120.966703	0	1	0	8	1	5	40	4	1	1	5	4	5	7	4	4	10	5	5	2	15	2
2012	9	27	7	52	新竹市	新竹市1高峰路454號	24.7780781	120.98229	0	1	0	8	1	5	50	14	9	1	5	4	5	7	4	4	5	5	5	2	13	2
2012	9	28	18	0	新竹市	新竹市1中華路一段鐵道路路口	24.8128035	120.9853889	0	0	0	8	2	5	50	4	1	1	5	4	5	7	1	1	1	4	4	2	17	3
2012	9	28	19	0	新竹市	新竹市2西大路670號	24.808502	120.960924	0	2	0	7	3	5	50	14	9	1	4	4	5	7	4	4	5	4	5	2	16	2
2012	9	28	22	28	新竹市	新竹市1南大路103號	24.8012231	120.975794	0	1	0	6	3	5	50	14	9	1	4	4	5	7	4	4	9	4	5	2	16	2
2012	9	28	21	35	新竹市	新竹市2中山路296巷	24.8378627	121.0161147				8			50															3
2012	9	20	14	3	新竹市	新竹市1光復路一段579號	24.7924614	121.0067013	0	1	0	8	1	5	50	14	9	1	5	4	5	7	3	1	5	4	5	2	12	2
2012	9	21	7	48	新竹市	新竹市2中正路284巷	24.8132212	120.9650087	0	2	0	8	1	5	50	3	1	1	5	4	5	7	4	4	10	5	5	2	16	2
2012	9	20	22	33	新竹市	新竹市2北大路府後街	24.809652	120.9678861				8			50															3
2012	9	27	9	55	新竹市	新竹市2湳雅街2月2日號	24.816861	120.969759	0	2	0	8	1	5	50	14	9	1	5	4	5	7	4	4	9	5	5	2	3	2
2012	9	18	8	28	新竹市	新竹市2東大路三段357巷	24.83324075	120.9468056	0	2	0	8	1	5	50	3	1	1	5	4	5	7	4	4	10	5	5	2	16	2
2012	9	21	10	15	新竹市	新竹市1光復路一段建新路路口	24.8009052	121.0016547				8			50															3
2012	9	28	10	50	新竹市	新竹市1建功一路200號	24.8023791	120.994945				8			50															3
2012	9	28	12	15	新竹市	新竹市1光復路二段292號	24.795317	120.998926				8			50															3
2012	9	26	7	27	新竹市	新竹市1光復路一段慈雲路路口	24.7874802	121.0095148	0	2	0	8	1	5	50	4	1	1	5	4	5	7	1	1	10	5	5	2	16	2
2012	9	26	8	20	新竹市	新竹市1光復路一段慈雲路路口	24.7874802	121.0095148	0	1	0	8	1	5	50	4	1	1	5	4	5	7	1	1	10	5	5	2	16	2
2012	9	26	9	48	新竹市	新竹市2中山路239號	24.801743	120.961658	0	1	0	8	1	5	50	4	2	1	5	4	5	7	4	4	5	5	5	1	16	2
2012	9	22	10	47	新竹市	新竹市2湳雅街89號	24.8188992	120.9718958				8			50															3
2012	9	29	9	50	新竹市	新竹市1東前街50號前	24.804039	120.967289				8			50															3
2012	9	29	9	10	新竹市	新竹市3延平路二段45巷2號	24.80445375	120.941751							40															3
2012	9	29	11	5	新竹市	新竹市2中山路362號	23.8548668	120.983603	0	1	0	7	1	5	50	14	9	1	5	4	5	7	4	4	5	5	5	1	12	2
2012	9	25	0	2	新竹市	新竹市1光復路二段940號	24.803389	120.980684	0	1	0	8	1	5	50	14	9	1	5	4	5	7	4	4	10	4	5	1	16	2
2012	9	25	11	0	新竹市	新竹市1食品路260巷	24.7944368	120.9718789				8			50															3
2012	9	29	12	8	新竹市	新竹市2林森路60號	24.80127805	120.9678009				8			50															3
2012	9	29	15	40	新竹市	新竹市1民生路261號	24.8126086	120.9749719	0	1	0	8	1	5	50	3	1	1	5	4	5	7	4	4	10	5	5	2	16	2
2012	9	29	16	50	新竹市	新竹市1南大路206號	24.79509185	120.9708905	0	2	0	8	1	5	50	14	9	1	5	4	5	7	4	4	9	5	5	2	16	2
2012	9	17	15	20	新竹市	新竹市2西門街15號	24.80313	120.966115				8			50															3
2012	9	28	15	40	新竹市	新竹市2鐵道路湳中街路口446巷	24.8219801	120.964132				6			50															3
2012	9	29	18	38	新竹市	新竹市1經國路一段295號旁洗車場	24.8146941	120.98342	0	1	0	8	3	5	50	14	9	1	5	4	5	7	4	4	1	4	5	1	16	2
2012	9	29	20	9	新竹市	新竹市1忠孝路173號	24.80504635	120.9893817				8			50															3
2012	9	28	8	25	新竹市	新竹市2中正路246號	24.81135875	120.9649506				8			50															3
2012	9	29	19	50	新竹市	新竹市1食品路461巷	24.79371895	120.9667093				8			50															3
2012	9	21	7	25	新竹市	新竹市1中華路二段506號	24.8000818	120.9684894				8			50															3
2012	9	28	17	5	新竹市	新竹市1東光路129號	24.8049858	120.9867344				8			50															3
2012	9	29	21	50	新竹市	新竹市1寶山路217號	24.79044695	120.9766564	0	1	0	8	3	5	50	14	9	1	5	4	5	7	4	4	1	4	5	2	27	2
2012	9	21	8	15	新竹市	新竹市1南門街121號	24.8028181	120.966586				8			40															3
2012	9	17	19	20	新竹市	新竹市1光復路二段大學路路口	24.7910677	121.0049133				8			50															3
2012	9	29	19	0	新竹市	新竹市3中華路四段大庄路路口	24.7883507	120.9286567	0	3	0	8	3	5	50	4	1	1	5	4	5	7	1	1	10	5	5	2	12	2
2012	9	15	20	40	新竹市	新竹市1南門街文昌街路口	24.8023295	120.9668628				8			40															3
2012	9	29	23	30	新竹市	新竹市1光復路一段46號			0	1	0	7	3	5	50	3	1	1	5	4	5	7	4	4	10	5	5	2	17	2
2012	9	30	1	1	新竹市	新竹市2北大路中正路路口						8			50															3
2012	9	30	1	15	新竹市	新竹市3華北路131號						8			50															3
2012	9	30	2	40	新竹市	新竹市2鐵道路二段光華二街路口			0	1	0	8	3	5	50	4	1	1	5	4	5	7	3	1	10	5	5	2	15	2
2012	9	28	18	35	新竹市	新竹市2西大路413號						8			50															3
2012	9	18	10	20	新竹市	新竹市1光復路一段大學路路口						8			50															3
2012	9	22	23	45	新竹市	新竹市1東光路203號			0	1	0	8	3	5	50	14	9	1	5	4	5	7	4	4	5	4	4	2	3	2
2012	9	18	11	45	新竹市	新竹市2林森路四維路路口						8			50															3
2012	9	18	13	18	新竹市	新竹市1水源街建功一路路口			0	1	0	8	1	5	50	4	1	1	5	4	5	7	2	1	10	5	5	2	15	2
2012	9	19	8	23	新竹市	新竹市1仁愛街65巷			0	2	0	8	1	5	40	4	1	1	5	4	5	7	4	4	10	5	5	2	15	2
2012	9	19	10	48	新竹市	新竹市1經國路一段321號						8			50															3
2012	9	19	17	37	新竹市	新竹市2西大路西門街路口			0	1	0	8	1	5	50	4	18	1	5	4	5	7	2	1	10	5	5	2	3	2
2012	9	20	8	40	新竹市	新竹市1興學街29號						8			50															3
2012	9	20	12	23	新竹市	新竹市2東大路二段172巷東大路路口172巷1弄口			0	0	0	8	1	5	50	3	9	1	5	4	5	7	4	4	5	5	5	2	14	3
2012	9	24	20	50	新竹市	新竹市2延平路一段經國路路口						8			50															3
2012	9	24	19	0	新竹市	新竹市1東門街東門圓環前			0	1	0	8	3	5	50	16	9	1	5	4	5	7	4	4	10	4	5	2	16	2
2012	9	17	14	2	新竹市	新竹市1北大路民權路路口			0	1	0	8	1	5	50	4	1	1	5	4	5	7	2	1	10	5	5	2	16	2
2012	9	29	18	15	新竹市	新竹市1經國路二段國華街口			0	1	0	8	3	5	50	4	1	1	5	4	5	7	1	1	10	5	5	2	16	2
2012	9	26	18	0	新竹市	新竹市1光復路一段89巷88號			0	1	0	7	3	5	50	14	18	1	5	4	5	7	3	1	10	5	5	1	3	2
2012	9	25	6	14	新竹市	新竹市1自由路民族路路口			0	1	0	8	1	5	50	4	1	1	5	4	5	7	2	1	10	5	5	2	16	2
2012	9	25	21	45	新竹市	新竹市1北大路民生全國加油站前						8			50															3
2012	9	24	17	20	新竹市	新竹市3中華路五段元培街路口						8			50															3
2012	9	24	18	50	新竹市	新竹市3延平路二段165號						8			50															3
2012	9	26	22	27	新竹市	新竹市2中華路二段警光路路口						8			50															3
2012	9	25	19	47	新竹市	新竹市1介壽路15號	24.7810746	121.0210205				8			50															3
2012	9	17	20	22	新竹市	新竹市3香北路大庄路路口	24.7911918	120.9265043				8			50															3
2012	9	25	19	5	新竹市	新竹市2竹光路和平路路口	29.5541795	106.5700647				8			50															3
2012	9	25	20	53	新竹市	新竹市1關東路55巷	24.7845755	121.0208636				8			50															3
2012	9	30	11	13	新竹市	新竹市1中正路223巷	24.811528	120.964661	0	2	0	8	1	5	50	14	9	1	5	4	5	7	4	4	5	4	5	2	16	2
2012	9	21	14	2	新竹市	新竹市1明湖路1008巷21弄1號	24.767283	120.976927				8			50															3
2012	9	18	7	58	新竹市	新竹市3浸水街34巷	24.7978644	120.9366838	0	2	0	8	1	5	50	4	1	1	5	4	5	7	4	4	10	5	5	2	16	2
2012	9	26	20	17	新竹市	新竹市3景觀大道茄苳交流道口	24.76863255	120.9565552				8			50															3
2012	9	26	17	15	新竹市	新竹市3五福路二段738號	24.7571705	120.9484903				8			50															3
2012	9	26	13	50	新竹市	新竹市1光復路一段慈雲路路口	24.7874802	121.0095148				8			50															3
2012	9	27	9	15	新竹市	新竹市3中華路五段大庄路路口	24.7883507	120.9286567				8			50															3
2012	9	27	11	15	新竹市	新竹市1中華路二段297號	24.804244	120.975677				8			50															3
2012	9	29	18	3	新竹市	新竹市2北大路282號	24.807209	120.963728	0	1	0	8	3	5	50	14	9	1	5	4	5	7	4	4	5	5	5	1	3	2
2012	9	30	19	59	新竹市	新竹市1林森路140號						8			50															3
2012	9	30	21	3	新竹市	新竹市1光復路二段建功路路口						8			50															3
2012	9	30	16	30	新竹市	新竹市3中華路四段牛埔南路路口			0	3	0	8	1	5	50	3	2	1	5	4	5	7	1	1	9	4	1	2	16	2
2012	9	30	20	39	新竹市	新竹市2經國路二段西大路路口						8																		3
2012	9	21	15	27	新竹市	新竹市2東大路二段683-1號						8			50															3
2012	9	21	17	20	新竹市	新竹市3延平路二段84號			0	2	0	8	2	5	50	3	2	1	5	4	5	7	4	4	5	5	5	1	16	2
2012	9	22	20	58	新竹市	新竹市1金山街金山11街路口						8			50															3
2012	9	23	17	18	新竹市	新竹市1南大路550巷						8			50															3
2012	9	23	19	13	新竹市	新竹市2崧嶺路成德路路口			0	1	0	8	3	5	50	3	2	1	5	4	5	7	4	4	5	5	5	1	12	2
2012	9	21	9	41	新竹市	新竹市1中華路二段598號						8			50															3
2012	9	17	9	20	新竹市	新竹市1光復路二段食品路路口						8			50															3
2012	9	17	11	41	新竹市	新竹市2北大路東大路路口						8			50															3
2012	9	23	18	45	新竹市	新竹市1經國路一段民生路路口						8			50															3
2012	9	2	10	10	新竹市	新竹市1勝利路136號						8			50															3
2012	9	15	19	0	新竹市	新竹市1慈雲路經國橋上			0	0	0	8	3	5	50	8	9	1	5	4	5	7	4	4	9	4	5	2	17	3
2012	9	29	10	49	新竹市	新竹市2公道五路三段708號						8			50															3
2012	9	29	12	40	新竹市	新竹市1建功一路建新路路口			0	2	0	8	1	5	50	4	1	1	5	4	5	7	1	1	10	5	5	2	16	2
2012	9	29	18	20	新竹市	新竹市2						8			80															3
2012	9	30	19	44	新竹市	新竹市1光華街18巷民生路路口			0	1	0	8	3	5	50	4	8	1	5	4	5	7	4	4	5	2	5	1	15	2
2012	9	30	21	53	新竹市	新竹市2延平路一段400號						8			50															3
2012	9	29	17	58	新竹市	新竹市2海濱路151號			0	0	0	8	3	5	50	14	9	1	5	4	5	7	4	4	9	5	5	2	14	3
2012	9	28	12	44	新竹市	新竹市1金山街21號						8			50															3
2012	9	10	16	40	新竹市	新竹市1中華路經國路路口			0	1	0	8	1	5	50	5	1	1	5	4	5	7	1	1	10	5	5	2	12	2
2012	9	20	20	59	新竹市	新竹市1明湖路1008巷25弄			0	1	0	8	3	5	50	14	9	1	5	4	5	7	4	4	9	5	5	2	10	2
2012	9	28	16	2	新竹市	新竹市1田美三街35號			0	1	0	6	1	5	50	4	1	1	4	4	5	7	4	4	10	5	5	2	14	2
2012	9	21	2	36	新竹市	新竹市3中華路五段195號			0	5	0	8	3	5	50	14	9	1	5	4	1	7	4	4	1	4	5	1	18	2
2012	9	1	12	15	新竹市	新竹市1中華路二段國泰醫院前						8			50															3
2012	9	22	14	10	新竹市	新竹市1民權路24巷						8			50															3
2012	9	1	14	45	新竹市	新竹市2東大路四段新港二路口						8			50															3
2012	9	6	18	46	新竹市	新竹市1光復路一段335巷						8			50															3
2012	9	19	22	30	新竹市	新竹市1西大路46巷			0	1	0	8	3	5	50	3	1	1	4	4	5	7	4	4	10	5	5	2	17	2
2012	9	6	23	40	新竹市	新竹市2仁德街3號						8			50															3
2012	9	23	10	0	新竹市	新竹市1光復路一段369號	24.783356	121.017211	0	1	0	8	1	5	50	14	9	1	5	4	5	7	4	4	5	4	5	2	12	2
2012	9	24	11	30	新竹市	新竹市2中山路32號	24.805823	120.967145				8			50															3
2012	9	8	16	5	新竹市	新竹市2竹光路203號	24.8115001	120.957582				8			50															3
2012	9	12	11	18	新竹市	新竹市1明湖路116巷	24.79319925	120.9683519				8			40															3
2012	9	12	13	59	新竹市	新竹市1光復路一段512號	24.7924614	121.0067013				8			50															3
2012	9	12	17	55	新竹市	新竹市3牛埔路8月1日號	24.798397	120.955802	0	1	0	8	3	5	50	3	1	1	5	4	5	7	4	4	9	5	5	1	13	2
2012	9	25	7	43	新竹市	新竹市2城北街47號	24.809847	120.963901				8			50															3
2012	9	25	9	46	新竹市	新竹市1溪埔路206號	24.81853775	120.9890287	0	1	0	8	1	5	50	14	9	1	5	4	5	7	4	4	5	4	5	2	13	2
2012	9	13	7	33	新竹市	新竹市2民富街183號	24.80867115	120.9623971	0	2	0	8	1	5	50	3	2	1	5	4	5	7	4	4	5	5	5	2	12	2
2012	9	25	18	25	新竹市	新竹市1學府路121號	24.7951311	120.979319	0	1	0	8	4	5	50	15	9	1	5	4	5	7	4	4	9	5	5	2	13	2
2012	9	17	8	19	新竹市	新竹市2北新街50號	24.8026045	120.9576143				8			50															3
2012	9	28	15	25	新竹市	新竹市1中華路二段719號	24.7976963	120.9648146				6			50															3
2012	9	18	19	3	新竹市	新竹市1中華路一段105巷2弄19號	24.815979	120.994032				8			40															3
2012	9	29	11	20	新竹市	新竹市1南大路390號	24.79793	120.969703	0	2	0	8	1	5	50	14	9	1	5	4	5	7	4	4	9	5	5	2	16	2
2012	9	21	7	10	新竹市	新竹市1建功一路建新路路口	23.907561	106.625776				8			50															3
2012	9	29	13	48	新竹市	新竹市3南隘路一段路燈15822號前	24.7256219	120.92865	0	1	0	8	1	5	40	14	9	1	5	4	5	7	4	4	5	5	5	1	18	2
2012	9	21	10	13	新竹市	新竹市1經國路一段479巷	24.8140286	120.9765499				8			50															3
2012	9	14	4	44	新竹市	新竹市1林森路32號湯姆熊前	24.801872	120.9689311				8			50															3
2012	9	21	18	40	新竹市	新竹市3中華路六段內湖路路口	24.7461546	120.9063973				8			50															3
2012	9	26	13	51	新竹市	新竹市3明湖路982巷口	24.7729067	120.9770276				8			50															3
2012	9	28	20	30	新竹市	新竹市3中華路四段318號	24.79358725	120.9450739				6			50															3
2012	9	28	21	45	新竹市	新竹市1文昌街86號	24.8027251	120.967802	0	1	0	6	3	5	50	14	9	1	4	4	5	7	4	4	5	5	5	2	14	2
2012	9	29	3	54	新竹市	新竹市3延平路二段68號	24.80508345	120.9403263	0	1	0	6	3	5	50	14	9	1	4	4	5	7	4	4	5	5	5	2	26	2
2012	9	29	12	58	新竹市	新竹市2光華北街58號	24.817822	120.972403	0	2	0	8	1	5	50	13	9	1	5	4	5	7	4	4	5	5	5	2	9	2
2012	9	29	15	45	新竹市	新竹市2武陵路台68線武陵匝道口	24.8221058	120.9695864				8			60															3
2012	9	29	17	45	新竹市	新竹市3牛埔東路景觀大道路口	24.7585468	120.9585146				8			50															3
2012	9	29	18	37	新竹市	新竹市3內湖路60號	24.7440111	120.905677	0	1	0	8	2	5	50	14	9	1	5	4	5	7	4	4	5	5	5	1	17	2
2012	9	30	14	16	新竹市	新竹市2南寮直銷中心前	24.849766	120.9270231	0	1	0	8	1	5	50	3	1	1	5	4	5	7	4	4	10	5	5	2	3	2
2012	9	24	8	13	新竹市	新竹市3牛埔東路18號	24.799538	120.950739				8			50															3
2012	9	24	18	38	新竹市	新竹市1中華路二段火車站前	24.8042903	120.9752282				8			50															3
2012	9	2	11	57	新竹市	新竹市3浸水南街27號	24.798674	120.924439	0	1	0	8	1	5	40	14	9	1	5	4	5	7	4	4	10	5	5	2	17	2
2012	9	9	12	30	新竹市	新竹市1光復路一段206號	24.781975	121.021828				8			50															3
2012	9	26	21	5	新竹市	新竹市1公道五路世博館旁	24.8150922	120.9852896				8			50															3
2012	9	22	9	50	新竹市	新竹市2中華路三段121巷	24.7965491	120.960726	0	1	0	8	1	5	50	4	1	1	5	4	5	7	1	1	10	5	5	2	15	2
2012	9	27	12	59	新竹市	新竹市1經國路一段217號	24.8148371	120.985899				8			50															3
2012	9	27	15	16	新竹市	新竹市1光復路一段154號	24.781749	121.022927				8			50															3
2012	9	27	16	46	新竹市	新竹市2仁德街97號						8			40															3
2012	9	22	12	23	新竹市	新竹市1柴橋路國家藝術園區大門口						8			40															3
2012	9	24	18	27	新竹市	新竹市1光復路一段大學路路口						8			50															3
2012	9	30	18	50	新竹市	新竹市3中華路四段409巷						8			50															3
2012	9	27	18	15	新竹市	新竹市1食品路57號			0	3	0	8	3	5	50	14	9	1	5	4	5	7	4	4	5	4	5	1	12	2
2012	9	22	13	40	新竹市	新竹市2中山路308號						8			50															3
2012	9	25	18	58	新竹市	新竹市2快速道路往南寮2公里						8			80															3
2012	9	20	10	30	新竹市	新竹市1林森路四維路						8			50															3
2012	9	25	19	8	新竹市	新竹市2北大路東大路路口						8			50															3
2012	9	26	17	58	新竹市	新竹市1慈雲路211號						8			50															3
2012	9	24	12	10	新竹市	新竹市1北大路39巷						8			50															3
2012	9	30	17	10	新竹市	新竹市3中華路五段元培街路口						8			50															3
2012	9	21	16	45	新竹市	新竹市2武陵路16巷						8			50															3
2012	9	16	20	15	新竹市	新竹市2北大路97號			0	2	0	8	3	5	50	14	9	1	5	4	5	7	4	4	5	2	5	2	3	2
2012	9	21	15	20	新竹市	新竹市1新莊街185巷						8			50															3
2012	9	27	7	26	新竹市	新竹市1光復路二段清華大學大門口前			0	1	0	8	1	8	50	4	1	1	5	4	5	7	2	1	10	5	5	2	16	2
2012	9	21	14	35	新竹市	新竹市1科學園路民有街路口	24.7830941	121.0116058				8			50															3
2012	9	24	7	20	新竹市	新竹市1介壽路世界高中	24.7757408	121.0167883				8			50															3
2012	9	27	14	46	新竹市	新竹市1鐵道路一段經國路路口	24.8153308	120.9802893	0	1	0	8	1	5	50	4	1	1	5	4	5	7	2	1	10	5	5	2	16	2
2012	9	30	20	11	新竹市	新竹市3玄奘路	24.774262	120.945124	0	1	0	8	3	5	50	11	9	1	5	4	5	1	4	4	5	5	5	1	19	2
2012	9	24	17	45	新竹市	新竹市1長春街6巷2號	24.784899	121.01407				8			40															3
2012	9	28	7	26	新竹市	新竹市3元培街163號	24.78392515	120.9319875				8			50															3
2012	9	27	10	25	新竹市	新竹市3大庄路89號	24.790437	120.927721				8			50															3
2012	9	27	14	0	新竹市	新竹市3內湖路131號	24.74107345	120.9061834				8			50															3
2012	9	30	16	57	新竹市	新竹市1光復路二段47號	24.792221	121.002448				8			50															3
2012	9	26	20	0	新竹市	新竹市1林森路93號	24.8007451	120.96723				8			50															3
2012	9	26	22	10	新竹市	新竹市3景觀大道香檳街路口	24.782637	120.9546454	0	3	0	8	3	5	50	3	1	1	5	4	5	7	1	1	10	5	5	2	16	2
2012	9	27	6	0	新竹市	新竹市1南大路竹蓮街路口	24.7981942	120.9706866	0	2	0	8	1	5	50	4	1	1	5	4	5	7	3	1	10	5	5	2	16	2
2012	9	28	15	22	新竹市	新竹市2中正路158號	24.8095863	120.9664756				6			50															3
2012	9	28	10	12	新竹市	新竹市3牛埔南路496巷20號	24.793257	120.942503				8			40															3
2012	9	5	18	58	新竹市	新竹市2延平路三段468號	24.838151	120.9325039	0	1	0	8	1	5	50	3	2	1	5	4	5	7	4	4	9	5	5	2	29	2
2012	9	27	14	50	新竹市	新竹市2中正路建興街路口	24.8083178	120.9672934				8			50															3
2012	9	27	18	20	新竹市	新竹市1慈雲路211號	24.79311235	121.0115108				8			50															3
2012	9	27	16	15	新竹市	新竹市3香檳五街客雅大道						8			50															3
2012	9	30	15	40	新竹市	新竹市2溪州橋往竹北			0	2	0	8	1	5	50	14	9	1	5	4	5	7	4	4	5	4	5	2	17	2
2012	9	28	16	14	新竹市	新竹市2經國路二段322號						6			50															3
2012	9	25	14	12	新竹市	新竹市1培英街食品路路口155巷口			0	2	0	8	1	5	50	4	1	1	5	4	5	7	3	1	10	5	5	2	15	2
2012	9	28	9	12	新竹市	新竹市1光復路一段92號						6			50															3
2012	9	28	18	9	新竹市	新竹市2中清路延平路路口612巷口						8			50															3
2012	9	28	8	3	新竹市	新竹市1東光路188巷12號			0	1	0	7	1	5	40	11	9	1	5	4	5	7	4	4	10	5	5	2	17	2