年	月	日	時	分	縣市	allLocation	GoogleLat	GoogleLng	死	受傷	2-30	天候	光線	道路類別	速限	道路型態	事故位置	路面鋪裝	路面狀態	路面缺陷	障礙物	視距	號誌種類	號誌動作	分向設施	快車道或一般車道間	快慢車道間	路面邊線	事故類型及型態	事故類別
2012	9	28	8	48	新竹市	新竹市1光復路一段89巷			0	1	0	6	1	5	50	4	1	1	4	4	5	7	2	1	10	5	5	2	12	2
2012	9	29	11	1	新竹市	新竹市1八德路忠孝路路口						8			50															3
2012	9	29	12	12	新竹市	新竹市1中華路二段中正路路口			0	1	0	8	1	5	50	4	1	1	5	4	5	7	1	1	10	5	5	2	16	2
2012	9	29	14	28	新竹市	新竹市1東門街34巷旁公有停車場停車格內						8			50															3
2012	9	29	16	49	新竹市	新竹市2竹光路69號			0	1	0	8	1	5	40	14	8	1	5	4	5	7	4	4	5	4	1	2	17	2
2012	9	28	10	21	新竹市	新竹市1民權路73號			0	1	0	8	1	5	50	14	9	1	5	4	5	7	4	4	9	5	5	2	12	2
2012	9	28	17	25	新竹市	新竹市2東大路二段215號						6			50															3
2012	9	30	16	49	新竹市	新竹市1光復路一段512號						8			50															3
2012	9	28	18	29	新竹市	新竹市2崧嶺路57巷						8			50															3
2012	9	26	7	28	新竹市	新竹市2延平路一段214巷						8			50															3
2012	9	26	10	45	新竹市	新竹市1民生路222巷16弄8號						8			40															3
2012	9	26	9	50	新竹市	新竹市1中華路二段民權路路口			0	1	0	8	1	5	50	4	2	1	5	4	5	7	1	1	5	5	5	2	12	2
2012	9	20	8	47	新竹市	新竹市1建功一路104巷公道五路路口						8			50															3
2012	9	21	12	0	新竹市	新竹市3內湖路57號						8			50															3
2012	9	23	10	12	新竹市	新竹市2光華二街72巷38弄鐵道路路口						8			50															3
2012	9	23	15	24	新竹市	新竹市1光復路二段東光路路口						8			50															3
2012	9	27	9	17	新竹市	新竹市1公道五路二段慈雲路路口						8			50															3
2012	9	28	19	0	新竹市	新竹市1大學路81巷			0	1	0	6	3	5	50	3	9	1	4	4	5	7	4	4	10	5	5	2	18	2
2012	9	29	10	3	新竹市	新竹市2湳雅街325號			0	2	0	8	1	5	50	14	9	1	5	4	5	7	4	4	9	5	5	1	16	2
2012	9	29	13	14	新竹市	新竹市3中華路四段460號			0	1	0	8	1	5	50	3	1	1	5	4	5	7	1	1	10	5	5	2	16	2
2012	9	20	14	52	新竹市	新竹市2湳雅街73號						8			50															3
2012	9	21	15	20	新竹市	新竹市1學府路66號						8			50															3
2012	9	21	17	10	新竹市	新竹市3牛埔路119號						8			50															3
2012	9	22	9	52	新竹市	新竹市2東大路四段西濱路路口						8			50															3
2012	9	22	15	48	新竹市	新竹市2東大路三段吉羊路路口			0	1	0	8	1	5	50	3	1	1	5	4	5	7	1	1	10	5	5	2	12	2
2012	9	25	8	5	新竹市	新竹市1經國路一段8號			0	1	0	8	1	5	50	14	9	1	5	4	5	7	4	4	1	4	5	2	16	2
2012	9	25	16	18	新竹市	新竹市1中華路二段1號			0	1	0	8	1	5	50	14	9	1	5	4	5	7	4	4	1	2	5	2	12	2
2012	9	28	22	2	新竹市	新竹市1金山15街64號	24.77671765	121.023073				8			40															3
2012	9	25	10	0	新竹市	新竹市2中山路90號	24.804852	120.965578				8			50															3
2012	9	26	20	55	新竹市	新竹市2西大路436號	24.803746	120.964579				8			50															3
2012	9	29	17	51	新竹市	新竹市2東大路四段80號	24.8428241	120.9336				8			50															3
2012	9	30	7	42	新竹市	新竹市1寶山路200巷	23.8548668	120.983603				8			50															3
2012	9	27	12	16	新竹市	新竹市1光復路二段206號	24.7942591	121.000282	0	1	0	8	1	5	50	14	9	1	5	4	5	7	4	4	1	4	5	2	16	2
2012	9	29	15	39	新竹市	新竹市2西大路582巷15弄13號	24.8076422	120.9621516				8			40															3
2012	9	11	23	12	新竹市	新竹市1光復路二段132號	24.7931748	121.0018983	0	1	0	8	4	5	50	14	7	1	5	4	5	7	4	4	1	4	4	1	17	2
2012	9	26	0	25	新竹市	新竹市3延平路二段136號	24.805312	120.938936				8			50															3
2012	9	17	15	25	新竹市	新竹市3內湖路56巷	24.744203	120.905321				8			50															3
2012	9	10	15	45	新竹市	新竹市1中華路二段347號	24.80345445	120.9739224	0	1	0	8	1	5	50	14	9	1	5	4	5	7	4	4	10	5	5	2	16	2
2012	9	28	19	45	新竹市	新竹市1金山9街金山街路口	36.667672	119.159806	0	1	0	6	3	5	50	4	1	1	4	4	5	7	4	4	10	5	5	2	16	2
2012	9	30	16	50	新竹市	新竹市2北門街45號	24.805929	120.965676	0	2	0	8	1	5	50	14	9	1	5	4	5	7	4	4	5	5	5	1	16	2
2012	9	28	21	30	新竹市	新竹市1埔頂一路崇和路	24.7915906	121.0157262				6			50															3
2012	9	23	15	20	新竹市	新竹市1民生路222巷民生路路口	24.8473553	121.2271187				8			50															3
2012	9	15	20	55	新竹市	新竹市2西大路北大路路口			0	1	0	8	3	5	50	4	1	1	5	4	5	7	2	1	10	5	5	2	17	2
2012	9	27	15	57	新竹市	新竹市3南大路育賢國中門口			0	2	0	8	1	5	50	14	18	1	5	4	5	7	2	1	10	5	5	2	3	2
2012	9	14	9	50	新竹市	新竹市2民主路107號前			0	1	0	8	1	5	50	14	9	1	5	4	5	7	4	4	9	4	5	1	13	2
2012	9	7	12	50	新竹市	新竹市1金山街17號						8			50															3
2012	9	23	8	45	新竹市	新竹市1光復路一段匝道北下、南上路口			0	1	0	8	1	5	50	4	2	1	5	4	5	7	1	1	1	2	5	1	13	2
2012	9	22	16	10	新竹市	新竹市2湳雅街26號前			0	2	0	8	1	5	50	14	9	1	5	4	5	7	4	4	9	4	5	1	12	2
2012	9	27	8	40	新竹市	新竹市2西大路405號	24.8033251	120.964312	0	2	0	8	1	5	50	14	9	1	5	4	5	7	4	4	5	4	5	1	3	2
2012	9	23	16	0	新竹市	新竹市2公道五路二段經國路路口	24.819359	120.9825494				8			50															3
2012	9	27	14	55	新竹市	新竹市1慈雲路250巷33弄	24.79311235	121.0115108				8			40															3
2012	9	15	20	55	新竹市	新竹市2西大路與北大路口	24.8091112	120.9601481																						2
2012	9	14	9	20	新竹市	新竹市2東大路二段387巷	24.8185241	120.9630951	0	0	0	8	1	5	50	14	8	1	5	4	5	7	4	4	1	1	1	1	13	3
2012	9	1	19	30	新竹市	新竹市1民生路60號	24.808383	120.978598				8			50															3
2012	9	27	10	15	新竹市	新竹市1東光路22號	24.80166625	120.9870415	0	2	0	8	1	5	50	14	9	1	5	4	5	7	4	4	5	4	5	1	13	2
2012	9	27	7	54	新竹市	新竹市1民族路40號	24.8053221	120.9734181				8			50															3
2012	9	17	20	40	新竹市	新竹市2中華路二段四維路路口	24.797232	120.9637474				8			50															3
2012	9	3	16	20	新竹市	新竹市1食品路156巷			0	2	0	8	1	5	50	4	1	1	5	4	5	7	4	4	10	5	5	2	15	2
2012	9	18	8	46	新竹市	新竹市1埔頂一路慈濟路路口			0	0	0	8	1	5	50	4	1	1	5	4	5	7	4	4	10	5	5	2	12	3
2012	9	22	14	8	新竹市	新竹市1中華路一段頭前溪橋南端			0	3	0	8	1	5	50	5	1	1	5	4	5	7	2	1	10	5	5	2	16	2
2012	9	27	12	5	新竹市	新竹市2光華東一街47號			0	2	0	8	1	5	50	14	9	1	5	4	5	7	4	4	5	4	5	1	16	2
2012	9	3	18	0	新竹市	新竹市1金山街金山12街路口			0	2	0	8	2	5	50	3	1	1	5	4	5	7	4	4	10	5	5	2	16	2
2012	9	10	17	55	新竹市	新竹市3延平路二段福樹街			0	2	0	8	3	5	50	3	1	1	5	4	5	7	3	1	10	5	5	2	16	2
2012	9	14	7	45	新竹市	新竹市1北大路民生路路口			0	1	0	8	1	5	50	3	1	1	5	4	5	7	4	4	10	5	5	2	16	2
2012	9	17	17	10	新竹市	新竹市2經國路二段517號						8			50															3
2012	9	17	13	50	新竹市	新竹市3竹香北路香北橋附近			0	1	0	8	1	5	50	14	9	1	5	4	5	7	4	4	9	5	5	2	12	2
2012	9	4	7	38	新竹市	新竹市1光復路一段243巷			0	1	0	8	1	5	50	4	2	1	5	4	5	7	2	1	5	2	5	1	16	2
2012	10	1	14	40	新竹市	新竹市1關東路58巷	24.7832579	121.0227085				8			50															3
2012	10	1	15	29	新竹市	新竹市1西大路408號	24.8032061	120.964797				8			50															3
2012	10	1	12	45	新竹市	新竹市2竹光路95巷	24.812864	120.9596812	0	1	0	8	1	5	50	3	1	1	5	4	5	7	4	4	10	5	5	2	16	2
2012	10	1	9	50	新竹市	新竹市3牛埔路170巷	24.7996969	120.9515923				8			50															3
2012	10	1	18	50	新竹市	新竹市1關新路08號停車格前	24.78560435	121.0191651				8			50															3
2012	10	1	20	5	新竹市	新竹市1光復路一段335巷	24.7815838	121.0170363				8			50															3
2012	10	2	11	5	新竹市	新竹市2中正路620號	24.8181351	120.955644				8			50															3
2012	10	1	13	51	新竹市	新竹市3中華路六段142號	24.747289	120.906519	0	1	0	8	1	5	40	14	9	1	5	4	5	7	4	4	1	4	4	2	17	2
2012	10	2	9	42	新竹市	新竹市1中華路二段725號			0	1	0	8	1	5	50	14	9	1	5	4	5	7	4	4	5	4	4	2	18	2
2012	10	2	17	35	新竹市	新竹市2經國路二段水田街路口						8			50															3
2012	10	2	21	0	新竹市	新竹市1立鵬路117號對面車道						8			50															3
2012	10	2	19	54	新竹市	新竹市1經國橋上往竹北方向						8			70															3
2012	10	2	16	37	新竹市	新竹市2西大路654號						8			50															3
2012	10	2	21	20	新竹市	新竹市3元培街175號	24.7832371	120.932765				8			40															3
2012	10	2	23	3	新竹市	新竹市1民權路26巷	24.8061851	120.976804	0	2	0	8	3	5	50	3	2	1	5	4	5	7	4	4	10	5	5	1	16	2
2012	10	3	7	55	新竹市	新竹市1高翠路292巷	24.77804565	120.984408	0	1	0	8	1	5	50	3	1	1	5	4	5	7	3	1	10	5	5	2	16	2
2012	10	3	17	15	新竹市	新竹市2湳雅街86巷	24.819012	120.972207				8			50															3
2012	10	1	19	36	新竹市	新竹市3中華路六段647巷福德橋附近	24.81913655	120.9956861	0	1	1	8	3	6	40	4	1	1	5	4	5	7	4	4	10	5	5	2	16	2
2012	10	3	7	41	新竹市	新竹市1埔頂路路燈30956	24.7914899	121.0176238	0	1	0	8	1	5	50	14	9	1	5	4	5	7	4	4	9	5	5	1	12	2
2012	10	3	18	30	新竹市	新竹市1光復路一段544巷	24.787355	121.0109801				8			50															3
2012	10	3	14	3	新竹市	新竹市1培英街2號	24.797927	120.978				8			50															3
2012	10	1	14	37	新竹市	新竹市3中華路四段牛埔南路路口	24.7887326	120.9300059	0	2	0	8	1	5	50	4	1	1	5	4	5	7	1	1	10	5	4	2	16	2
2012	10	1	16	40	新竹市	新竹市1光復路一段新莊街口			0	1	0	8	1	5	50	4	1	1	5	4	5	7	1	1	10	5	5	2	13	2
2012	10	4	6	55	新竹市	新竹市1公道五路二段建美路路口			0	1	0	8	1	5	40	3	1	1	5	4	5	7	1	1	10	5	1	2	16	2
2012	10	4	9	45	新竹市	新竹市2少年街37號						8			50															3
2012	10	4	6	56	新竹市	新竹市1埔頂路京元電子入口						8			50															3
2012	10	4	8	3	新竹市	新竹市2延平路一段293號						8			50															3
2012	10	4	9	30	新竹市	新竹市1水利路46巷Jan-51號						8			50															3
2012	10	4	10	30	新竹市	新竹市1食品路303號			0	2	0	8	1	5	50	3	2	1	5	1	5	7	4	4	5	4	5	1	13	2
2012	10	4	15	50	新竹市	新竹市1三民路40號						8			50															3
2012	10	4	16	0	新竹市	新竹市1林森路南門街路口			0	1	0	8	1	5	50	4	1	1	5	4	5	7	1	1	10	5	5	2	16	2
2012	10	2	11	16	新竹市	新竹市1光復路二段378號						8			50															3
2012	10	4	19	10	新竹市	新竹市1光復路二段527號			0	2	0	8	3	5	50	14	9	1	5	4	5	7	4	4	10	4	5	2	16	2
2012	10	5	0	30	新竹市	新竹市1光復路一段322號						8			50															3
2012	10	4	19	29	新竹市	新竹市1南大路600巷			0	1	0	8	3	5	50	3	1	1	5	4	5	7	4	4	10	5	5	2	16	2
2012	10	4	22	38	新竹市	新竹市1中華路二段火車站入口處。			0	1	0	8	3	5	50	4	1	1	5	4	5	7	2	1	10	5	5	2	15	2
2012	10	5	7	52	新竹市	新竹市1光復路二段南大路路口			0	1	0	8	1	5	50	5	1	1	5	4	5	7	1	1	10	5	5	2	16	2
2012	10	5	10	55	新竹市	新竹市1經國路一段田美三街路口						8			50															3
2012	10	5	11	40	新竹市	新竹市2經國路二段國光街口			0	3	0	8	1	5	50	3	1	1	5	4	5	7	1	1	10	5	5	2	16	2
2012	10	13	22	45	新竹市	新竹市1關東路208巷			0	1	0	8	3	5	40	4	1	1	5	4	5	7	3	1	10	5	5	2	15	2
2012	10	5	11	7	新竹市	新竹市3延平路二段1497號						8			50															3
2012	10	5	15	51	新竹市	新竹市3牛埔路117號						8			50															3
2012	10	5	8	18	新竹市	新竹市1光復路一段360號						8			50															3
2012	10	4	17	8	新竹市	新竹市1食品路520巷			0	2	0	8	2	5	50	3	2	1	5	4	5	7	4	4	9	5	5	2	13	2
2012	10	4	19	10	新竹市	新竹市2中山路大同路路口	24.34623015	120.6264257	0	1	0	8	3	5	50	4	1	1	5	4	5	7	3	1	10	5	5	2	16	2
2012	10	4	20	40	新竹市	新竹市2北大路369-1號	24.8049611	120.961138	0	2	0	8	3	5	50	14	9	1	5	4	5	7	4	4	5	4	5	2	2	2
2012	10	2	9	19	新竹市	新竹市2湳雅街187巷98號	24.819382	120.972611				8			40															3
2012	10	3	10	9	新竹市	新竹市2經國路二段248巷	24.8095911	120.9606877				8			50															3
2012	10	5	17	35	新竹市	新竹市1中華路二段33號	24.8088365	120.9826966				8			50															3
2012	10	5	20	25	新竹市	新竹市2光華街95巷	24.81742155	120.9722416	0	2	0	8	3	5	50	4	1	1	5	4	5	7	4	4	10	5	5	2	16	2
2012	10	2	7	15	新竹市	新竹市1東大路仁義街	24.8068274	120.9728788				8			50															3
2012	10	6	7	32	新竹市	新竹市1	24.8356092	120.9235789	0	2	0	8	1	5	90	14	9	1	5	4	5	7	4	4	1	4	5	1	13	2
2012	10	6	10	25	新竹市	新竹市1中華路一段(東亞駕訓班前)	24.8162285	121.0004115				8			50															3
2012	10	6	13	0	新竹市	新竹市1中華路二段270號	24.8047713	120.9756159				8			50															3
2012	10	2	16	48	新竹市	新竹市1東大路二段81巷經國路路口27巷	24.8137323	120.9674304	0	2	0	8	1	5	40	4	1	1	5	4	5	7	4	4	10	5	5	2	15	2
2012	10	1	21	51	新竹市	新竹市1光復路二段光復中學	24.790798	121.0055625				8			50															3
2012	10	6	15	10	新竹市	新竹市1西大路140號	24.7969	120.970126	0	2	0	8	1	5	50	14	9	1	5	4	5	7	4	4	5	4	5	1	17	2
2012	10	1	17	31	新竹市	新竹市1慈雲路250巷上坡彎道	24.79311235	121.0115108				8			30															3
2012	10	6	19	29	新竹市	新竹市2中山路西大路路口	23.8333047	120.4693168				8			50															3
2012	10	2	8	4	新竹市	新竹市1振興路72巷	24.79515	120.961862	0	3	0	8	1	5	50	4	1	1	5	4	5	7	4	4	10	5	5	2	16	2
2012	10	1	2	45	新竹市	新竹市2中和路98號	24.801825	120.956007	0	1	0	8	3	5	50	11	9	1	5	4	5	7	4	4	10	5	5	1	17	2
2012	10	2	11	2	新竹市	新竹市2湳雅街367號	24.8237061	120.978034				8			20															3
2012	10	5	7	22	新竹市	新竹市2西大路683號(磐石中學前)	24.8108193	120.9570734				8			50															3
2012	10	6	20	35	新竹市	新竹市1公道五路交流道	24.7584934	120.96142	0	2	0	8	3	5	40	14	11	1	5	4	5	7	4	4	1	4	3	2	21	2
2012	10	7	3	7	新竹市	新竹市1經國路一段379巷前北向第一車道	24.8144963	120.9795137	0	0	1	8	3	5	50	15	9	1	5	4	5	7	4	4	1	4	5	2	3	2
2012	10	5	18	8	新竹市	新竹市1博愛街39號	24.7974581	120.985181	0	0	0	8	3	5	50	14	9	1	5	4	5	7	4	4	10	5	5	2	17	3
2012	10	6	22	10	新竹市	新竹市1林森路10號	24.8022071	120.970678				8			50															3
2012	10	6	23	47	新竹市	新竹市1東大路一段南大路路口	24.8025545	120.9746646				8			50															3
2012	10	6	20	50	新竹市	新竹市1東山街64號	24.7971981	120.979247	0	2	0	8	3	5	50	3	2	1	5	4	5	7	4	4	10	5	5	2	13	2
2012	10	7	10	45	新竹市	新竹市1建功一路赤土崎一街口	24.819047	120.9954997	0	4	0	8	1	5	50	14	9	1	5	4	5	7	4	4	9	5	5	2	12	2
2012	10	5	18	6	新竹市	新竹市3竹香北路南勢二街口	24.8050804	120.9338635	0	2	0	8	3	5	50	3	9	1	5	4	5	7	4	4	4	5	5	2	16	2
2012	10	5	22	5	新竹市	新竹市1金山28街60號前	24.77540985	121.0286126				8			30															3
2012	10	5	23	34	新竹市	新竹市1光復路二段水源街路口	24.7998135	120.9909705				8			50															3
2012	10	5	19	28	新竹市	新竹市1介壽路18號	24.7788002	121.0189417				8			50															3
2012	10	6	16	15	新竹市	新竹市3明德路3巷6號	24.75604185	120.9521546				8			30															3
2012	10	6	18	14	新竹市	新竹市1忠孝路217號	24.805571	120.987979	0	0	0	8	3	5	50	14	9	1	5	4	5	7	4	4	9	4	5	2	13	3
2012	10	7	12	6	新竹市	新竹市2水田街141巷	24.8171799	120.9678846	0	2	0	8	1	5	50	4	1	1	5	4	5	7	4	4	10	5	5	2	16	2
2012	10	7	9	19	新竹市	新竹市1東光陸橋12629號路燈前	24.80854965	120.9843547	0	2	0	8	1	5	40	8	11	1	5	4	5	7	4	4	4	4	4	2	12	2
2012	10	7	11	43	新竹市	新竹市1中華路二段88號	24.807997	120.98049				8			50															3
2012	10	7	12	51	新竹市	新竹市1中華路二段東門街路口	24.8040923	120.9749115	0	1	0	8	1	5	50	5	1	1	5	4	5	7	2	1	10	5	5	2	13	2
2012	10	7	15	11	新竹市	新竹市3經國路三段2巷	24.7991919	120.953374	0	1	0	8	1	5	50	3	1	1	5	4	5	7	4	4	1	4	4	1	16	2
2012	10	2	18	35	新竹市	新竹市1大學路29號	24.7895293	121.0040859				8			50															3
2012	10	3	10	13	新竹市	新竹市2武陵路30095號路燈處	24.8204651	120.9668021				8			50															3
2012	10	7	18	5	新竹市	新竹市3五福路一段218巷	24.7444219	120.9225387	0	2	0	8	3	5	50	3	1	1	5	4	5	7	4	4	10	5	5	2	13	2
2012	10	3	14	39	新竹市	新竹市1經國路一段379巷10弄17號	24.8135511	120.97864				8			40															3
2012	10	7	19	0	新竹市	新竹市2鐵道路三段103號	24.8175311	120.958851				8			50															3
2012	10	6	9	21	新竹市	新竹市2延平路一段經國路路口	24.8047718	120.9556443				8			50															3
2012	10	6	10	41	新竹市	新竹市1光復路二段864號	24.8028351	120.982626				8			50															3
2012	10	6	16	14	新竹市	新竹市1東大路一段公園路路口	24.80139	120.9770515				8			50															3
2012	10	6	21	50	新竹市	新竹市2東大路二段210號	24.8177252	120.964017				8			50															3
2012	10	1	19	56	新竹市	新竹市1光復路二段建功路路口	24.7932831	121.001211				8			50															3
2012	10	2	8	8	新竹市	新竹市1光復路二段光復中學前	24.790798	121.0055625	0	2	0	8	1	5	50	14	9	1	5	4	5	7	4	4	1	4	4	2	12	2
2012	10	2	10	0	新竹市	新竹市1光復路二段東光路路口	24.8011347	120.9870763	0	1	0	8	1	5	50	4	1	1	5	4	5	7	1	1	10	5	5	2	18	2
2012	10	2	12	20	新竹市	新竹市3中華路四段160巷口	24.79031295	120.9352439				8			50															3
2012	10	7	17	51	新竹市	新竹市1武昌街85號郵局前	24.802467	120.9674701	0	1	0	8	1	5	50	14	9	1	5	4	5	7	4	4	5	5	5	2	12	2
2012	10	1	18	30	新竹市	新竹市2湳雅街248號	24.822538	120.976677				8			50															3
2012	10	8	8	7	新竹市	新竹市3中華路四段牛埔南路路口	24.7887326	120.9300059				8			50															3
2012	10	8	11	3	新竹市	新竹市1南大路473巷12弄	24.7950326	120.9665384	0	2	0	8	1	5	50	4	1	1	5	4	5	7	4	4	10	5	5	2	15	2
2012	10	8	10	16	新竹市	新竹市1光復路一段老爺酒店前	24.7873656	121.0096554				8			50															3
2012	10	3	16	0	新竹市	新竹市2新港路115號路燈桿	24.8506079	120.9251109	0	1	0	8	1	5	50	14	9	1	5	4	5	7	4	4	5	4	5	2	20	2
2012	10	8	20	44	新竹市	新竹市3客雅大道路燈29098	24.78201715	120.9602928	0	1	0	8	3	5	50	14	11	1	5	4	5	7	4	4	1	4	4	2	18	2
2012	10	8	20	57	新竹市	新竹市1自由路東光路路口	24.8094904	120.9836405	0	2	0	8	3	5	50	4	4	1	5	4	5	7	2	1	5	2	5	2	13	2
2012	10	8	21	20	新竹市	新竹市1埔頂路278號	24.793967	121.0137745				8			50															3
2012	10	8	19	45	新竹市	新竹市3牛埔東路10246號路燈處	24.79382215	120.9370932	0	1	0	8	3	5	50	14	9	1	5	4	5	7	4	4	4	5	5	2	18	2
2012	10	8	21	35	新竹市	新竹市1東門街東門圓環	24.8041675	120.9700725	0	2	0	8	3	5	50	16	18	1	5	4	5	7	4	4	10	5	5	2	3	2
2012	10	8	16	45	新竹市	新竹市3牛埔南路169-17號	24.79577685	120.9343191	0	2	0	8	1	5	50	11	9	1	5	4	5	7	4	4	9	5	5	2	13	2
2012	10	8	12	22	新竹市	新竹市2中華路一段鐵道路路口	24.8105046	120.9849983				8			50															3
2012	10	8	21	55	新竹市	新竹市2中正路300號	24.8129604	120.9637547				8			50															3
2012	10	2	22	2	新竹市	新竹市1光復路一段362-11號	24.784219	121.016835	0	2	0	8	3	5	50	14	9	1	5	4	5	7	4	4	5	4	5	2	16	2
2012	10	9	11	8	新竹市	新竹市1文昌街53號	24.8026471	120.968188	0	1	0	8	1	5	50	14	9	1	5	4	5	7	4	4	9	5	5	2	9	2
2012	10	9	13	23	新竹市	新竹市1中正路100號	24.805634	120.969513				8			50															3
2012	10	3	7	3	新竹市	新竹市3五福路中華大學側門	24.7429221	120.908507				8			50															3
2012	10	8	22	27	新竹市	新竹市1民生路297號	24.8136275	120.9743288				8			50															3
2012	10	9	21	57	新竹市	新竹市3元培街211號	24.7824531	120.933262	0	1	0	8	3	5	40	14	9	1	5	4	5	7	4	4	5	5	5	2	11	2
2012	10	9	13	25	新竹市	新竹市1中華路二段民生路路口	24.84574635	121.2236621	0	1	0	7	1	5	50	3	1	1	5	4	5	7	1	1	10	5	5	2	16	2
2012	10	5	8	43	新竹市	新竹市1寶山路130號	24.792192	120.9754839				8			50															3
2012	10	5	9	49	新竹市	新竹市1寶山路全國加油站對面車道	23.8548668	120.983603	0	3	0	8	1	5	50	14	9	1	5	4	5	7	4	4	1	4	5	2	13	2
2012	10	10	13	8	新竹市	新竹市1建功一路93號	24.8019767	120.9951876				8			50															3
2012	10	6	10	5	新竹市	新竹市1三民路85號	24.833429	121.017656																						2
2012	10	3	16	1	新竹市	新竹市2中正路306號	24.813164	120.963977				8			50															3
2012	10	8	23	53	新竹市	新竹市1中華路二段民權路路口	24.8055397	120.9770756	0	1	0	8	3	5	50	4	1	1	5	4	5	7	1	1	10	5	5	2	16	2
2012	10	1	20	25	新竹市	新竹市1大學路光復路路口	24.7910677	121.0049133				8			50															3
2012	10	9	12	22	新竹市	新竹市1關新路16號	24.78560435	121.0191651				8			50															3
2012	10	9	9	44	新竹市	新竹市2吉羊路機場大門旁	24.8214621	120.9520581				8			50															3
2012	10	10	18	30	新竹市	新竹市1食品路162號	24.797554	120.976517				8			50															3
2012	10	10	18	21	新竹市	新竹市1東大路一段南大路路口	24.8025545	120.9746646				8			50															3
2012	10	10	19	17	新竹市	新竹市1中華路一段105巷3弄1月3日號	24.8157	120.994643	0	1	0	8	3	5	40	14	9	1	5	4	5	7	4	4	10	5	5	2	13	2
2012	10	10	10	55	新竹市	新竹市1民享街173巷42號	24.7793599	121.0107324				8			40															3
2012	10	10	12	0	新竹市	新竹市2中山路291號	24.801019	120.96017	0	1	0	7	1	5	50	14	9	1	5	4	5	7	4	4	4	5	5	1	17	2
2012	10	10	21	55	新竹市	新竹市1慈雲路埔頂一路路口	24.7874802	121.0095148				8			50															3
2012	10	10	13	48	新竹市	新竹市1光復路一段292號	24.7825468	121.0198326	0	1	0	8	1	5	50	4	1	1	5	4	5	7	4	4	10	5	5	2	16	2
2012	10	10	15	45	新竹市	新竹市1光復路一段148號	24.781733	121.023048							50															3
2012	10	10	17	26	新竹市	新竹市1武昌街55號	24.8017661	120.967784				8			50															3
2012	10	10	21	34	新竹市	新竹市1光復路二段慈雲路路口	24.7960908	121.0131761	0	1	0	8	1	5	50	3	1	1	5	4	5	7	4	4	10	5	5	2	16	2
2012	10	11	0	20	新竹市	新竹市2湳雅街150巷10號	24.8170991	120.969899	0	1	0	8	1	5	40	14	9	1	5	4	5	7	4	4	10	5	5	2	24	2
2012	10	4	20	23	新竹市	新竹市1南大路634巷29號	24.7932682	120.9619603	0	1	0	8	3	5	50	3	1	1	5	4	5	7	4	4	10	5	5	2	12	2
2012	10	4	21	40	新竹市	新竹市3元培街219號	24.7804371	120.935119	0	3	0	8	3	5	50	14	9	1	5	4	3	7	4	4	5	5	5	1	11	2
2012	10	5	15	30	新竹市	新竹市1光復路一段89巷83號	24.7795071	121.024937	0	1	0	8	1	5	50	14	9	1	5	4	5	7	4	4	5	5	5	2	12	2
2012	10	5	20	15	新竹市	新竹市3中華路四段台灣玻璃前	24.79031295	120.9352439				8			50															3
2012	10	9	16	10	新竹市	新竹市2東大路二段172巷16號	24.8167811	120.96716	0	2	0	7	1	5	50	3	2	1	5	4	5	7	4	4	5	5	5	2	11	2
2012	10	7	14	54	新竹市	新竹市3柴橋路255巷附近	24.7662169	120.9623674	0	1	0	8	1	5	40	11	9	1	5	4	5	7	4	4	5	4	4	2	18	2
2012	10	8	10	2	新竹市	新竹市1寶山路452巷7弄37號	24.7838125	120.9909316				8			30															3
2012	10	8	14	51	新竹市	新竹市3中華路四段606巷2號	24.7889061	120.929058				8			30															3
2012	10	5	11	15	新竹市	新竹市1金山6街2巷	24.7808271	121.016392				8			50															3
2012	10	10	8	23	新竹市	新竹市1公園路大潤發卸貨區前	24.80139	120.9770515	0	1	0	8	1	5	50	14	9	1	5	4	5	7	4	4	9	4	4	1	16	2
2012	10	10	9	54	新竹市	新竹市1中央路東大停車場內13號停車格內	24.8078458	120.9721101				8			30															3
2012	10	5	13	20	新竹市	新竹市1中華路二段武昌街路口	30.569631	114.368146				8			50															3
2012	10	5	10	30	新竹市	新竹市3中華路四段206巷	24.7956761	120.949198	0	2	0	8	1	5	50	14	8	1	5	4	5	7	4	4	1	5	4	2	16	2
2012	10	7	14	10	新竹市	新竹市3元培街217-10號	24.78112425	120.9341333	0	0	0	8	1	5	50	14	9	1	5	4	5	7	4	4	5	4	5	2	17	3
2012	10	8	11	12	新竹市	新竹市1西大路199號	24.7980241	120.968324				8			40															3
2012	10	10	9	0	新竹市	新竹市1慈雲路埔頂路路口	24.7874802	121.0095148	0	1	0	8	1	5	50	4	1	1	5	4	5	7	2	1	10	5	5	2	17	2
2012	10	11	8	5	新竹市	新竹市3元培街153號	24.78392535	120.9319872	0	3	0	8	1	5	40	11	9	1	5	4	5	1	4	4	5	5	5	2	10	2
2012	10	11	13	10	新竹市	新竹市1食品路137號	24.7972321	120.9763885	0	1	0	7	1	5	50	14	9	1	5	4	5	7	4	4	5	4	5	1	16	2
2012	10	1	18	4	新竹市	新竹市1中華路二段506號	24.8000818	120.9684894				8			50															3
2012	10	2	8	50	新竹市	新竹市1光復路二段金城一路路口	24.7932831	121.001211	0	1	0	8	1	5	50	14	9	1	5	4	5	7	4	4	1	4	5	2	13	2
2012	10	1	9	40	新竹市	新竹市2大同路英明街路口	24.802741	120.971166				8			50															3
2012	10	2	14	50	新竹市	新竹市1東門街89號	24.8040771	120.969788				8			50															3
2012	10	9	19	8	新竹市	新竹市1中央路355巷	24.8132554	120.979903				8			50															3
2012	10	1	8	21	新竹市	新竹市2延平路一段214巷66號	24.8059281	120.952843				8			50															3
2012	10	2	12	40	新竹市	新竹市1東光路203號	24.8061107	120.9862496				8			50															3
2012	10	3	19	20	新竹市	新竹市1食品路134巷	24.79775865	120.9772037				8			50															3
2012	10	8	7	55	新竹市	新竹市3西濱快速道路港南國小前	24.8684988	120.9533201				8			50															3
2012	10	11	19	0	新竹市	新竹市2水田街31號	24.81341	120.965767				8			50															3
2012	10	3	11	50	新竹市	新竹市1民族路231號	24.810394	120.98104				8			50															3