年	月	日	時	分	縣市	allLocation	GoogleLat	GoogleLng	死	受傷	2-30	天候	光線	道路類別	速限	道路型態	事故位置	路面鋪裝	路面狀態	路面缺陷	障礙物	視距	號誌種類	號誌動作	分向設施	快車道或一般車道間	快慢車道間	路面邊線	事故類型及型態	事故類別
2012	10	8	9	55	新竹市	新竹市3元培街148巷口弄	24.78274365	120.9329126																						3
2012	10	6	10	0	新竹市	新竹市3經國路三段牛埔路路口	24.7991891	120.9533827	0	1	0	8	1	5	50	4	2	1	5	4	5	7	1	1	1	4	4	1	18	2
2012	10	8	14	20	新竹市	新竹市1金山7街6巷口弄	24.80934875	121.0308124				8			40															3
2012	10	5	8	33	新竹市	新竹市1光復路一段403巷口弄	24.8185572	120.9951081				8			50															3
2012	10	6	12	30	新竹市	新竹市2	24.81488335	120.9394568				8			90															3
2012	10	6	13	33	新竹市	新竹市2北大路160號	24.809942	120.967821	0	1	0	8	3	5	50	14	9	1	5	4	5	7	4	4	5	2	5	2	12	2
2012	10	11	22	0	新竹市	新竹市3中華路四段476號	24.790939	120.935259																						2
2012	10	6	14	25	新竹市	新竹市1光復路一段319號	24.782485	121.018645	0	1	0	8	1	5	50	14	9	1	5	4	5	7	4	4	5	4	5	2	17	2
2012	10	9	8	35	新竹市	新竹市2中正路445巷5弄10號	24.8154935	120.9594933	0	0	0																			3
2012	10	1	7	47	新竹市	新竹市1明湖路、花園新城街口	24.7672024	120.9794822				8			50															3
2012	10	12	6	30	新竹市	新竹市1自由路95巷18弄	24.8138237	120.9787505	0	1	0	8	1	5	50	3	1	1	5	4	1	7	4	4	10	5	5	2	16	2
2012	10	10	16	50	新竹市	新竹市1光復路一段527號	24.7924614	121.0067013				8			50															3
2012	10	4	20	45	新竹市	新竹市3經國路三段牛埔路路口	24.7991891	120.9533827	0	1	0	8	3	5	50	4	1	1	5	4	5	7	1	1	10	5	5	2	16	2
2012	10	12	6	45	新竹市	新竹市1文昌街復興路路口	24.8032102	120.96871	0	1	0	8	1	5	50	4	1	1	5	4	5	7	4	4	10	5	5	2	15	2
2012	10	4	6	48	新竹市	新竹市3延平路二段407號	24.8076925	120.9326681	0	1	0	8	1	5	50	14	9	1	5	4	5	7	4	4	5	5	5	1	29	2
2012	10	12	9	26	新竹市	新竹市1中華路一段頭前溪橋上	24.8193477	120.9955776				8			50															3
2012	10	12	6	40	新竹市	新竹市3中華路六段226巷81號	24.7413683	120.908871	0	1	0	8	1	5	40	11	9	1	5	4	5	7	4	4	10	5	5	2	11	2
2012	10	9	5	42	新竹市	新竹市1學府路22號			0	1	0	8	2	5	50	14	9	1	5	4	5	7	4	4	9	5	5	2	13	2
2012	10	2	19	50	新竹市	新竹市1林森路200巷						8			50															3
2012	10	12	10	8	新竹市	新竹市1公道五路二段水利路路口						8			50															3
2012	10	4	15	55	新竹市	新竹市1南大路西大路路口						8			50															3
2012	10	12	8	17	新竹市	新竹市2湳雅街282巷						8			50															3
2012	10	9	20	4	新竹市	新竹市1光復路二段575號						8			50															3
2012	10	9	15	16	新竹市	新竹市1東光路八德路路口						8			50															3
2012	10	6	10	25	新竹市	新竹市1南大路567巷21號						8			40															3
2012	10	12	0	10	新竹市	新竹市1明湖路柴橋路口						8			40															3
2012	10	5	18	30	新竹市	新竹市1振興路107號						8			50															3
2012	10	9	10	29	新竹市	新竹市1經國路一段379巷10弄5號						8			50															3
2012	10	9	16	22	新竹市	新竹市1中華路林森路路口						8			50															3
2012	10	4	9	14	新竹市	新竹市1民生路239巷			0	3	0	8	1	5	50	3	1	1	5	4	5	7	4	4	10	5	5	2	16	2
2012	10	8	10	30	新竹市	新竹市1林森路信義街口			0	1	0	8	1	5	50	4	9	1	5	4	5	7	4	4	10	5	5	2	15	2
2012	10	12	14	10	新竹市	新竹市2鐵道路二段110巷						8			50															3
2012	10	12	12	40	新竹市	新竹市1公道五路交流道口						8			50															3
2012	10	12	22	55	新竹市	新竹市1公道五路二段建功二路路口						8			50															3
2012	10	12	4	51	新竹市	新竹市3中華路四段牛埔南路路口			0	2	0	7	3	5	50	3	1	1	5	4	5	7	3	1	10	5	5	2	16	2
2012	10	12	19	0	新竹市	新竹市1北大路錦華街路口			0	1	0	7	3	5	50	4	1	1	5	4	5	7	4	4	10	5	5	2	16	2
2012	10	12	22	27	新竹市	新竹市1東門街中央路路口			0	1	0	7	3	5	50	4	9	1	5	4	5	7	1	1	9	5	5	2	12	2
2012	10	12	23	35	新竹市	新竹市1北大路民生路路口						8			50															3
2012	10	6	13	25	新竹市	新竹市2客雅大道、新香街口			0	1	0	8	1	5	50	4	1	1	5	4	5	7	1	1	10	5	5	2	12	2
2012	10	12	22	42	新竹市	新竹市1公道五路三段708號			0	1	0	8	3	5	50	3	1	1	5	4	5	7	4	4	10	5	5	2	13	2
2012	10	5	7	55	新竹市	新竹市1光復路二段學府路口						8			50															3
2012	10	12	18	40	新竹市	新竹市2中正路375號			0	1	0	8	3	5	50	14	9	1	5	4	5	7	4	4	5	4	5	2	16	2
2012	10	1	13	45	新竹市	新竹市3元培街399號	24.7761946	120.9439439																						3
2012	10	4	7	47	新竹市	新竹市1寶山路346號	24.7869717	120.9865578	0	1	0	8	1	5	50	14	9	1	5	4	5	7	4	4	1	4	5	2	12	2
2012	10	9	16	40	新竹市	新竹市1錦華街北大路路口	24.8115531	120.9708702				8			50															3
2012	10	9	15	29	新竹市	新竹市2中正路經國路路口	24.8119989	120.9644536	0	1	0	8	1	5	50	4	9	1	5	4	5	7	1	1	1	4	5	1	16	2
2012	10	9	15	15	新竹市	新竹市1建中一路45號	24.8013358	120.9924625	0	1	0	8	1	5	50	14	9	1	5	4	5	7	4	4	5	5	5	2	12	2
2012	10	10	19	5	新竹市	新竹市2武陵路169號	24.82085785	120.9681081				8			50															3
2012	10	3	14	48	新竹市	新竹市1北大路108號	24.810692	120.969131				8			50															3
2012	10	4	10	59	新竹市	新竹市1府後街公有停車場內	24.8085345	120.968985				8			20															3
2012	10	12	13	26	新竹市	新竹市1光復路一段關新路路口	24.7832442	121.0177491				8			50															3
2012	10	12	16	45	新竹市	新竹市1	24.8356092	120.9235789				8			90															3
2012	10	13	7	55	新竹市	新竹市2中山路大同路路口	24.34623015	120.6264257	0	1	0	8	1	5	50	4	1	1	5	4	5	7	3	1	10	5	5	2	15	2
2012	10	13	9	5	新竹市	新竹市1光復路一段282號	24.782579	121.019925	0	1	0	8	1	5	50	14	9	1	5	4	5	7	4	4	5	4	5	2	12	2
2012	10	7	20	35	新竹市	新竹市1中華路一段305號	24.80993955	120.9842062	0	1	0	8	3	5	50	14	9	1	5	4	5	7	4	4	1	4	5	1	12	2
2012	10	3	16	10	新竹市	新竹市3大庄路Jun-56號	23.7906725	121.0173356				8			50															3
2012	10	7	9	15	新竹市	新竹市1民權路111巷	24.8066889	120.9732686	0	1	0	8	1	5	50	3	2	1	5	4	5	7	4	4	10	5	5	1	12	2
2012	10	9	8	20	新竹市	新竹市1高翠路332巷	24.77804565	120.984408				8			50															3
2012	10	9	10	50	新竹市	新竹市2西大路415號	24.80386	120.964045	0	1	0	8	1	5	50	4	2	1	5	4	5	7	4	4	10	5	5	2	16	2
2012	10	4	10	22	新竹市	新竹市1光復路二段870號	24.8028751	120.982494	0	1	0	8	1	5	50	14	9	1	5	4	5	7	4	4	1	4	5	2	12	2
2012	10	4	17	55	新竹市	新竹市1光復路二段大學路路口	24.7910677	121.0049133				8			50															3
2012	10	5	21	54	新竹市	新竹市1高翠路292巷	24.77804565	120.984408				8			50															3
2012	10	8	16	23	新竹市	新竹市2東大路二段110號	24.8143767	120.9673414				8			50															3
2012	10	13	22	45	新竹市	新竹市1中華路一段2巷口弄	24.8194681	120.995232	0	1	0	8	3	5	50	4	1	1	5	4	5	7	1	1	10	5	5	2	16	2
2012	10	8	22	8	新竹市	新竹市2中正路中山路路口	24.4235318	120.6435228	0	2	0	8	3	5	50	3	1	1	5	4	5	7	2	1	10	5	5	2	16	2
2012	10	13	19	7	新竹市	新竹市1民族路171號	24.809234	120.979154	0	2	0	8	3	5	50	14	9	1	5	4	5	7	4	4	9	5	5	1	3	2
2012	10	13	20	10	新竹市	新竹市1民生路222巷27弄	24.81259925	120.976726	0	3	0	8	3	5	40	4	1	1	5	4	5	7	4	4	10	5	5	2	15	2
2012	10	13	22	40	新竹市	新竹市2林森路299號	24.79823585	120.962975	0	1	0	8	3	5	50	14	9	1	5	4	5	7	4	4	5	4	5	1	16	2
2012	10	11	23	2	新竹市	新竹市1經國路一段鐵道路路口	24.8147874	120.9808653	0	1	0	7	3	5	50	5	1	1	5	4	5	7	2	1	10	5	5	2	16	2
2012	10	12	20	37	新竹市	新竹市1慈濟路埔頂一路路口	24.7931955	121.0155735				8			50															3
2012	10	13	12	36	新竹市	新竹市1南大路878巷82弄14號	24.787687	120.965074				8			40															3
2012	10	2	21	3	新竹市	新竹市1中華路二段749號	24.7976971	120.9646378				8			50															3
2012	10	13	14	38	新竹市	新竹市2湳雅街鐵道路路口	24.8219504	120.9716382				8			50															3
2012	10	13	11	43	新竹市	新竹市1中華路78巷	24.7495461	120.907815				8			50															3
2012	10	13	15	30	新竹市	新竹市1中華路二段東大路路口	24.8042903	120.9752282	0	1	0	8	1	5	50	5	1	1	5	4	5	7	1	1	10	4	5	1	12	2
2012	10	9	1	18	新竹市	新竹市2城北街137巷10弄16號	24.812744	120.961834				8			40															3
2012	10	3	1	12	新竹市	新竹市2中山路大同路路口	24.34623015	120.6264257	0	1	0	8	3	5	50	4	1	1	5	4	5	7	3	1	10	5	5	2	15	2
2012	10	8	21	22	新竹市	新竹市3景觀大道客雅大道	24.7840586	120.953277				8			70															3
2012	10	3	15	5	新竹市	新竹市2舊港橋上	24.8427976	120.9415422				8			50															3
2012	10	10	11	10	新竹市	新竹市1東光陸橋	24.80854965	120.9843547	0	0	0	8	1	5	50	8	12	1	5	4	5	7	4	4	5	5	4	1	13	3
2012	10	14	7	12	新竹市	新竹市1光復路一段230號	24.781942	121.021402	0	1	0	8	1	5	50	4	2	1	5	4	5	7	1	1	10	5	5	2	12	2
2012	10	14	7	30	新竹市	新竹市3竹香南路牛埔北路路口	24.800688	120.9409727				8			50															3
2012	10	14	10	0	新竹市	新竹市1中華路一段大橋加油站旁	24.8162285	121.0004115				8			50															3
2012	10	8	15	50	新竹市	新竹市1經國路一段18號	24.8160381	120.992547				8			50															3
2012	10	14	7	40	新竹市	新竹市1西大路164號	24.797193	120.969714				8			50															3
2012	10	3	14	16	新竹市	新竹市1經國路一段632號	24.814516	120.975086				8			50															3
2012	10	9	7	50	新竹市	新竹市3華北路18號	24.7961253	120.9477656				8			50															3
2012	10	3	17	8	新竹市	新竹市3內湖路90巷口	24.74292755	120.9051095	0	2	0	8	1	5	50	3	1	1	5	4	5	7	4	4	10	5	5	2	16	2
2012	10	12	19	30	新竹市	新竹市3柴橋路350號	24.7662169	120.9623674	0	1	0	8	3	5	50	11	9	1	5	4	5	7	4	4	4	5	5	1	16	2
2012	10	9	11	40	新竹市	新竹市1光復路一段525巷13號	24.78433475	121.0119963				8			50															3
2012	10	4	14	5	新竹市	新竹市2中正路296號	24.8129647	120.9639579				8			50															3
2012	10	9	13	13	新竹市	新竹市2愛文街34號	24.80878	120.964119	0	1	0	8	1	5	40	14	9	1	5	4	5	7	4	4	10	5	5	2	17	2
2012	10	1	10	40	新竹市	新竹市1中華路二段火車站出口前	24.8042903	120.9752282	0	1	0	8	1	5	50	5	2	1	5	4	5	7	1	1	5	2	5	1	3	2
2012	10	12	21	31	新竹市	新竹市2中正路經國路路口	24.8119989	120.9644536				8			50															3
2012	10	13	22	33	新竹市	新竹市1振興路99巷	24.7945646	120.960448	0	2	0	8	3	5	50	11	9	1	5	4	5	7	4	4	10	5	5	2	16	2
2012	10	13	9	29	新竹市	新竹市2育英路120號	24.7993439	120.9583916				8			50															3
2012	10	13	15	14	新竹市	新竹市2西大路624巷11號	24.807971	120.961769	0	3	0	8	1	5	40	4	1	1	5	4	5	7	4	4	10	5	5	2	15	2
2012	10	14	13	30	新竹市	新竹市2光華北街湳雅街路口	24.8216553	120.9764122	0	1	0	8	1	5	50	3	1	1	5	4	5	7	4	4	10	5	5	2	13	2
2012	10	14	12	10	新竹市	新竹市1興學街37號	24.7976111	120.967613				8			50															3
2012	10	14	15	0	新竹市	新竹市2東大路漁港遊艇碼頭旁道路	24.8256414	120.9566902	0	2	0	8	1	5	50	15	9	1	5	4	4	7	4	4	5	4	5	2	17	2
2012	10	14	7	45	新竹市	新竹市3南隘路2段167號	24.73055375	120.9417009	0	2	0	8	1	5	50	14	9	1	5	4	5	7	4	4	10	5	5	1	16	2
2012	10	14	19	40	新竹市	新竹市1高翠路280號	24.779201	120.985575				8			50															3
2012	10	4	8	40	新竹市	新竹市3柴橋路59巷口	24.7714128	120.9658639	0	1	0	8	1	5	40	11	9	1	5	4	5	7	4	4	5	5	5	2	12	2
2012	10	10	12	9	新竹市	新竹市2東大路四段新港一路口	24.8462581	120.9264122				8			50															3
2012	10	14	17	36	新竹市	新竹市2中山路城隍廟前	24.8356702	121.0202474				8			20															3
2012	10	5	7	10	新竹市	新竹市3明湖路982巷口	24.7729067	120.9770276	0	1	0	8	1	5	50	14	9	1	5	4	5	7	4	4	5	5	5	1	16	2
2012	10	14	20	7	新竹市	新竹市1長春街10號	24.7847758	121.0137615				8			50															3
2012	10	14	23	50	新竹市	新竹市2中華路三段122巷	24.796979	120.960122				8			50															3
2012	10	15	0	26	新竹市	新竹市2北新街民富街口	24.996541	121.536379	0	1	0	8	3	5	50	4	1	1	5	4	5	7	3	1	10	5	5	2	15	2
2012	10	13	9	30	新竹市	新竹市1園後街25號旁東園國小圍牆旁	24.8000558	120.9850739				8			50															3
2012	10	14	17	11	新竹市	新竹市1林森路106號	24.8005731	120.966416	0	1	0	8	1	5	50	14	9	1	5	4	5	7	4	4	5	4	5	1	12	2
2012	10	15	7	40	新竹市	新竹市1中華路二段241號	24.804994	120.976692	0	0	0	8	1	5	50	15	7	1	5	4	5	7	4	4	1	4	4	2	13	3
2012	10	15	9	6	新竹市	新竹市1食品路綠水路路口	24.8010377	120.9826702				8			50															3
2012	10	15	12	8	新竹市	新竹市2經國路二段46號	24.8127285	120.9655633	0	1	0	8	1	5	50	15	9	1	5	4	3	7	4	4	3	4	5	2	12	2
2012	10	15	8	50	新竹市	新竹市1光復路一段512號	24.7924614	121.0067013	0	0	0	8	1	5	50	3	2	1	5	4	5	7	3	1	5	4	5	2	11	3
2012	10	15	9	23	新竹市	新竹市3海埔路183巷	24.82045885	120.9196799				8			40															3
2012	10	15	8	16	新竹市	新竹市1明湖路558-1號	24.777515	120.967034	0	1	0	8	1	5	50	14	9	1	5	4	5	7	4	4	10	5	5	1	17	2
2012	10	15	14	40	新竹市	新竹市1府後街與圓環	24.8085345	120.968985				8			40															3
2012	10	14	20	16	新竹市	新竹市3景觀大道.柴橋路口	24.7597091	120.9584529	0	1	0	8	3	5	50	3	4	1	5	4	5	7	1	1	5	2	5	2	13	2
2012	10	15	8	30	新竹市	新竹市2中華路三段91號	24.796604	120.961352	0	1	0	8	1	5	50	14	9	1	5	4	5	7	4	4	5	5	5	1	16	2
2012	10	5	22	19	新竹市	新竹市1文化街80號	24.8080051	120.9701491				8			50															3
2012	10	15	16	30	新竹市	新竹市1經國路一段442巷16號	24.8160661	120.992638				8			50															3
2012	10	4	17	41	新竹市	新竹市1中華路一段384巷	24.8128035	120.9853889				8			50															3
2012	10	14	1	43	新竹市	新竹市2經國路二段145號	24.81143	120.964155				8			50															3
2012	10	4	15	55	新竹市	新竹市1食品路體育街路口	24.8018053	120.9829618	0	1	0	8	1	5	50	3	1	1	5	4	5	7	4	4	10	5	5	2	11	2
2012	10	15	16	30	新竹市	新竹市1中央路355巷	24.8132554	120.979903				8			50															3
2012	10	11	15	25	新竹市	新竹市1公道五路二段130巷	24.79433965	121.0070411				8			50															3
2012	10	15	17	46	新竹市	新竹市1光復路二段414號	24.7973382	120.9964911				8			50															3
2012	10	15	20	31	新竹市	新竹市2北大路373號	24.8044011	120.96096	0	1	0	8	3	5	50	14	9	1	5	4	5	7	4	4	9	4	5	2	16	2
2012	10	12	14	17	新竹市	新竹市2延平路一段291巷	24.8024866	120.94977				8			50															3
2012	10	3	23	33	新竹市	新竹市1中華路一段經國路路口	24.8161395	120.9934274	0	1	0	8	3	5	50	3	2	1	5	4	5	7	2	1	1	4	5	2	18	2
2012	10	4	17	56	新竹市	新竹市2中山路344巷	24.801167	120.959709				8			50															3
2012	10	5	7	41	新竹市	新竹市1經國路一段自由路路口	24.8147153	120.9796905	0	1	0	8	1	5	50	14	9	1	5	4	5	7	4	4	1	4	4	2	12	2
2012	10	13	12	31	新竹市	新竹市2東大路二段173巷17弄北門國小後門圍牆旁	24.81556815	120.9648185				8			40															3
2012	10	5	7	59	新竹市	新竹市3西濱快速道路	24.8684988	120.9533201	0	0	0	8	1	5	80	14	9	1	5	4	5	7	4	4	5	3	5	2	20	3
2012	10	5	11	20	新竹市	新竹市2中山路130號	24.8044401	120.964651				8			50															3
2012	10	5	12	37	新竹市	新竹市1光復路一段89巷5號	24.780888	121.024226				8			50															3
2012	10	5	16	16	新竹市	新竹市3頂埔路頂埔國小前	24.7976639	120.9509421	0	0	0	8	1	5	50	14	9	1	5	4	5	7	4	4	4	5	5	2	17	3
2012	10	13	8	20	新竹市	新竹市3景觀大道18662路燈桿前	31.3512963	120.9811634				8			50															3
2012	10	8	16	53	新竹市	新竹市1興竹街142號前	24.7969389	120.9650013	0	3	0	8	3	5	50	4	1	1	5	4	5	7	4	4	10	5	5	2	16	2
2012	10	13	17	11	新竹市	新竹市1光復路二段257號	24.79834225	120.9906022				8			50															3
2012	10	15	16	10	新竹市	新竹市1光復路二段308號	24.795583	120.998635				8			50															3
2012	10	16	8	17	新竹市	新竹市1光復路一段569號	24.7924614	121.0067013	0	1	0	8	1	5	50	14	9	1	5	4	5	7	4	4	5	4	5	1	13	2
2012	10	15	17	30	新竹市	新竹市1光復路一段89巷121號	24.778704	121.025119				8			50															3
2012	10	16	6	50	新竹市	新竹市1南大路550巷口	24.81998545	120.9844231	0	1	0	8	1	5	50	3	1	1	5	4	5	7	4	4	10	5	5	2	16	2
2012	10	16	2	40	新竹市	新竹市2武陵路空軍新竹醫院入口前	24.8173271	120.9640372	0	0	0	8	1	5	50	14	9	1	5	4	5	7	4	4	9	4	5	2	16	3
2012	10	15	6	50	新竹市	新竹市1明湖路68號	24.7948541	120.968482	0	1	0	8	1	5	50	11	9	1	5	4	5	5	4	4	10	5	5	1	11	2
2012	10	7	12	5	新竹市	新竹市1光復路二段團管區前	24.7932831	121.001211				8			50															3
2012	10	12	18	9	新竹市	新竹市3中華路五段華北路口	24.7950031	120.9484151	0	1	0	7	3	5	50	4	1	1	5	4	5	7	1	1	10	5	5	2	16	2
2012	10	16	11	40	新竹市	新竹市1金山6街10巷	24.7738857	121.0155538				8			40															3
2012	10	5	7	50	新竹市	新竹市1中華路二段火車站	24.8042903	120.9752282	0	1	0	8	1	5	50	3	1	1	5	4	5	7	1	1	10	5	5	2	16	2
2012	10	16	12	45	新竹市	新竹市1南大路竹蓮街路口	24.7981942	120.9706866				8			50															3
2012	10	15	7	57	新竹市	新竹市3中華路四段270巷	24.79443345	120.9471884				8			50															3
2012	10	15	10	45	新竹市	新竹市1食品路156巷	24.7974672	120.976734				8			50															3
2012	10	15	8	38	新竹市	新竹市3虎林街155巷	24.8084639	120.9409089				8			50															3
2012	10	16	14	8	新竹市	新竹市2武陵路國軍新竹醫院入口處	24.8173271	120.9640372	0	1	0	8	1	5	50	14	9	1	5	4	5	7	4	4	1	4	5	2	16	2
2012	10	11	20	5	新竹市	新竹市1光復路一段414號	24.784642	121.014509				8			50															3
2012	10	16	13	40	新竹市	新竹市1公道五路忠孝路路口	24.41422875	120.759641				8			50															3
2012	10	15	12	42	新竹市	新竹市1光復路二段慈雲路路口	24.7960908	121.0131761				8			50															3
2012	10	11	19	5	新竹市	新竹市2公道五路二段130巷	24.79433965	121.0070411				8			50															3
2012	10	15	13	15	新竹市	新竹市1經國路一段公道五路路口	24.8150922	120.9852896				8			50															3
2012	10	13	9	34	新竹市	新竹市2湳雅街180號	24.821177	120.974775	0	1	0	8	1	5	50	14	9	1	5	4	5	7	4	4	5	5	5	1	16	2
2012	10	16	16	22	新竹市	新竹市3中華路五段301-1號	24.7643011	120.913512	0	2	0	8	1	5	50	14	12	1	5	4	5	7	4	4	1	4	4	1	13	2
2012	10	9	11	3	新竹市	新竹市2武陵路70巷東大路路口190巷	24.8171183	120.9658517				8			50															3
2012	10	16	18	40	新竹市	新竹市2中華路三段振興路口	24.7971868	120.9635806	0	1	0	8	3	5	50	5	1	1	5	4	5	7	4	4	10	5	5	2	17	2
2012	10	9	12	18	新竹市	新竹市1關新北路165號	24.7861472	121.0203452				8			50															3
2012	10	16	20	15	新竹市	新竹市1明湖路361號	24.7853837	120.9680408				8			40															3
2012	10	16	21	38	新竹市	新竹市1建中路赤土崎一街口	24.8020598	120.9954236	0	2	0	8	3	5	40	3	1	1	5	4	5	7	4	4	10	5	5	2	13	2
2012	10	9	15	36	新竹市	新竹市1忠孝路430巷	24.803103	120.983294				8			50															3
2012	10	10	9	44	新竹市	新竹市3南隘路段	24.7308901	120.9424672	0	1	0	8	1	5	50	14	9	1	5	4	5	7	4	4	4	5	5	1	18	2
2012	10	10	12	28	新竹市	新竹市1中華路一段經國路路口	24.8161395	120.9934274	0	1	0	8	1	5	50	14	9	1	5	4	5	7	2	1	10	5	5	2	17	2
2012	10	12	15	39	新竹市	新竹市2天府路二段18號	24.8411651	120.927316				8			50															3
2012	10	13	7	45	新竹市	新竹市1關東路關新路口	24.7842919	121.0181496	0	2	0	8	1	5	50	4	1	1	5	4	5	7	3	1	10	5	5	2	16	2
2012	10	13	9	14	新竹市	新竹市1建功一路49巷	24.8004082	120.9972033	0	1	0	8	1	5	50	3	1	1	5	4	5	7	4	4	10	4	5	2	2	2
2012	10	10	13	55	新竹市	新竹市1中華路二段民權路路口	24.8055397	120.9770756				8			50															3
2012	10	10	2	45	新竹市	新竹市1西大路109號	24.7962951	120.970329				8			50															3
2012	10	10	22	15	新竹市	新竹市1光復路一段526號麥當勞前	24.7924614	121.0067013				8			50															3
2012	10	10	13	46	新竹市	新竹市3中華路四段牛埔南路路口	24.7887326	120.9300059				8			50															3
2012	10	11	5	35	新竹市	新竹市1高翠路73巷	24.78155805	120.9863351	0	1	0	8	2	5	50	3	1	1	5	4	5	7	3	1	10	5	5	2	16	2
2012	10	17	7	48	新竹市	新竹市1中華路一段2巷	24.8193477	120.9955776				8			50															3
2012	10	16	17	42	新竹市	新竹市1光復路一段89巷	24.7813346	121.0239894	0	0	0	8	3	5	50	3	9	1	5	4	5	7	1	1	9	4	5	2	12	3
2012	10	15	18	10	新竹市	新竹市2中正路268號	24.81236	120.964381	0	0	0	8	2	5	50	14	9	1	5	4	5	7	4	4	5	4	5	2	12	3
2012	10	16	18	45	新竹市	新竹市1慈雲路300號	24.787447	121.0098144				8			50															3
2012	10	17	8	37	新竹市	新竹市1民生路17巷10號	24.807389	120.978626				8			40															3
2012	10	17	12	35	新竹市	新竹市1光復路二段124-1號	24.7909793	121.0041462				8			50															3
2012	10	15	8	20	新竹市	新竹市1東門街圓環	24.8041675	120.9700725				8			40															3
2012	10	17	11	35	新竹市	新竹市2經國路一段830號	24.814124	120.96855	0	2	0	8	1	5	50	14	9	1	5	4	5	7	4	4	1	4	5	1	12	2
2012	10	12	9	57	新竹市	新竹市1高峰路95巷	24.79218	120.9737255	0	1	0	8	1	5	50	14	9	1	5	4	5	7	4	4	9	5	5	2	17	2
2012	10	14	20	48	新竹市	新竹市1食品路綠水路路口	24.8010377	120.9826702				8			50															3
2012	10	17	12	50	新竹市	新竹市1綠水路42號	24.8005014	120.984413				8			50															3
2012	10	17	12	37	新竹市	新竹市1光復路一段476巷	24.7924614	121.0067013	0	1	0	8	1	5	50	3	1	1	5	4	5	7	3	1	10	4	5	2	16	2
2012	10	16	18	33	新竹市	新竹市2林森路301號	24.79823585	120.962975	0	1	0	8	3	5	50	14	9	1	5	4	5	7	4	4	5	4	5	1	16	2
2012	10	16	17	25	新竹市	新竹市2東大路四段110號	24.842793	120.933604				8			50															3
2012	10	4	7	10	新竹市	新竹市3竹香北路路燈23161號前	24.8009515	120.9407204	0	2	0	8	1	5	50	14	9	1	5	4	5	7	4	4	9	5	5	1	16	2
2012	10	10	8	14	新竹市	新竹市2延平路一段337號	24.8048681	120.950469				8			50															3
2012	10	16	11	0	新竹市	新竹市2西大路582巷15弄	24.8072281	120.962562				8			40															3
2012	10	17	14	10	新竹市	新竹市1自由路16巷19弄	24.811604	120.98176				8			40															3
2012	10	17	16	17	新竹市	新竹市1光復路二段523號	24.8026828	120.9814558				8			20															3
2012	10	15	18	46	新竹市	新竹市1民權路193號	24.8099631	120.973471				8			50															3
2012	10	15	21	55	新竹市	新竹市2農改場89號	24.81750115	120.9710579	0	1	0	8	1	5	50	14	9	1	5	4	5	7	4	4	5	4	5	2	16	2
2012	10	17	18	53	新竹市	新竹市1光復路一段116號	24.781652	121.023696	0	1	0	7	3	5	50	14	9	1	5	4	5	7	4	4	9	4	5	1	3	2
2012	10	16	20	28	新竹市	新竹市1南大路339號	24.797375	120.9698				8			50															3
2012	10	17	16	0	新竹市	新竹市1中華路一段284巷	24.8127829	120.9888041							50															3
2012	10	17	17	35	新竹市	新竹市1光復路二段忠孝路路口	24.8001525	120.9896318							50															3
2012	10	16	22	28	新竹市	新竹市2湳雅街大潤發前	24.8235233	120.9787074				8			50															3
2012	10	15	16	57	新竹市	新竹市2經國路二段634號	24.801324	120.953972	0	1	0	8	1	5	50	3	1	1	5	4	5	7	4	4	10	4	4	1	16	2
2012	10	16	23	46	新竹市	新竹市1中華路二段新光三越北上車道	24.8042903	120.9752282	0	1	0	8	3	5	50	14	9	1	5	4	5	7	4	4	1	4	5	2	13	2
2012	10	17	20	2	新竹市	新竹市1中華路二段振興路口	24.8042903	120.9752282	0	3	0	8	3	5	50	5	1	5	5	4	5	7	2	1	10	5	5	2	16	2
2012	10	16	18	41	新竹市	新竹市1光復路一段慈雲路口	24.7874802	121.0095148	0	0	0	8	3	5	50	4	2	1	5	4	5	7	4	4	9	4	5	2	12	3
2012	10	17	22	17	新竹市	新竹市1明湖路180號	24.7917812	120.9684184				8			40															3
2012	10	10	20	0	新竹市	新竹市2西門街四維路路口	24.8001658	120.9613885				8			50															3
2012	10	14	8	33	新竹市	新竹市1田美一街43號前	24.814861	120.9745				8			40															3
2012	10	15	18	24	新竹市	新竹市2西大路507號	24.8058111	120.962443				8			50															3
2012	10	17	17	23	新竹市	新竹市2成德路殯葬管理所前路口	24.7943059	120.9577852	0	1	0	8	1	5	50	4	1	1	5	4	5	7	4	4	10	5	5	2	15	2
2012	10	16	18	1	新竹市	新竹市1南大路173號	24.79509185	120.9708905	0	1	0	7	3	5	50	14	9	1	5	4	5	7	4	4	9	4	5	2	13	2
2012	10	17	17	0	新竹市	新竹市1光復路二段東光路路口	24.8011347	120.9870763				8			50															3
2012	10	17	20	32	新竹市	新竹市2東大路二段武陵路路口	24.8171183	120.9658517	0	2	0	7	3	5	50	4	1	1	5	4	5	7	1	1	10	5	5	2	16	2
2012	10	18	7	15	新竹市	新竹市2四維路55號	24.8003211	120.961129	0	1	0	8	1	5	50	14	9	1	5	4	5	7	4	4	5	2	5	1	17	2
2012	10	16	11	5	新竹市	新竹市1光復路二段東光路路口	24.8011347	120.9870763				8			50															3
2012	10	12	16	0	新竹市	新竹市1食品路526號	24.794639	120.965667				8			50															3
2012	10	12	17	30	新竹市	新竹市3中華路五段53號	24.7876921	120.92771				8			50															3