年	月	日	時	分	縣市	allLocation	GoogleLat	GoogleLng	死	受傷	2-30	天候	光線	道路類別	速限	道路型態	事故位置	路面鋪裝	路面狀態	路面缺陷	障礙物	視距	號誌種類	號誌動作	分向設施	快車道或一般車道間	快慢車道間	路面邊線	事故類型及型態	事故類別
2012	10	18	13	35	新竹市	新竹市1仁愛街105號	24.809387	120.969585				8			50															3
2012	10	12	9	1	新竹市	新竹市2國光街72號	24.8119251	120.960663				8			50															3
2012	10	18	7	23	新竹市	新竹市3海埔路171巷105號	24.81224505	120.9220779	0	1	0	8	1	5	50	3	1	1	5	4	5	7	3	3	1	2	5	1	12	2
2012	10	16	9	58	新竹市	新竹市1中華路一段342巷	24.8114031	120.987258				8			50															3
2012	10	18	23	39	新竹市	新竹市3中華路四段411巷1弄	24.7878521	120.942359	0	2	0	8	3	5	50	12	9	1	5	4	5	7	4	4	5	5	5	1	17	2
2012	10	18	21	24	新竹市	新竹市2竹光路和平路路口	29.5541795	106.5700647	0	1	0	8	3	5	50	4	1	1	5	4	5	7	2	1	10	5	5	2	15	2
2012	10	19	1	10	新竹市	新竹市3元培街329號	24.7785691	120.939308	0	1	0	8	3	5	40	11	9	1	5	4	5	7	4	4	5	5	5	2	13	2
2012	10	13	14	40	新竹市	新竹市2東大路四段1月20日號	24.840834	120.936837	0	1	0	8	1	5	50	14	9	1	5	4	5	7	4	4	5	5	5	2	13	2
2012	10	13	15	45	新竹市	新竹市1鐵道路二段3號	24.8151068	120.9810214				8			50															3
2012	10	17	13	32	新竹市	新竹市3元培街220號	24.7789755	120.9367845				8			40															3
2012	10	19	11	27	新竹市	新竹市1明湖路106號	24.79352	120.9682	0	1	0	8	1	5	50	14	9	1	5	4	5	7	4	4	5	5	5	1	18	2
2012	10	13	9	10	新竹市	新竹市1光復路一段220號	24.7821421	121.021576				8			50															3
2012	10	13	11	22	新竹市	新竹市1民生路經國路路口	24.8142127	120.9742827				8			50															3
2012	10	18	17	9	新竹市	新竹市1民生路180巷	24.8110893	120.9763413	0	2	0	8	1	5	50	3	2	1	5	4	5	7	4	4	5	5	5	2	3	2
2012	10	18	7	50	新竹市	新竹市2北大路大同路路口			0	1	0	8	1	5	50	3	1	1	5	4	5	7	4	4	10	5	5	2	16	2
2012	10	18	10	10	新竹市	新竹市1南大路食品路路口						8			50															3
2012	10	19	7	23	新竹市	新竹市1關東路關東國小前			0	1	0	8	1	5	50	3	1	1	5	4	5	7	1	1	10	5	5	2	14	2
2012	10	18	16	0	新竹市	新竹市1光復路一段科學園路路口						8			50															3
2012	10	18	8	20	新竹市	新竹市3華江街19巷			0	2	0	8	1	5	50	4	1	1	5	4	5	7	4	4	10	5	5	2	16	2
2012	10	18	12	10	新竹市	新竹市3香村路701巷			0	1	0	8	1	5	40	3	2	1	5	4	5	1	4	4	10	5	5	2	21	2
2012	10	19	10	30	新竹市	新竹市2中華路一段313號						8			50															3
2012	10	18	14	40	新竹市	新竹市1科學園路裕民街口			0	2	0	8	1	5	40	4	1	1	5	4	5	7	4	4	10	5	5	2	15	2
2012	10	19	7	30	新竹市	新竹市3元培街國中街路口			0	2	0	8	1	5	50	3	1	1	5	4	5	7	4	4	10	5	5	1	16	2
2012	10	19	9	3	新竹市	新竹市3中華路四段頂埔路路口			0	1	0	8	1	5	50	3	1	1	5	4	5	7	4	4	1	4	5	2	12	2
2012	10	19	12	59	新竹市	新竹市1興學街50巷興竹街口			0	0	0	8	1	5	50	4	1	1	5	4	5	7	4	4	10	5	5	2	15	3
2012	10	19	12	50	新竹市	新竹市3元培街198號			0	2	0	8	1	5	50	14	9	1	5	4	5	7	4	4	5	4	5	2	12	2
2012	10	19	14	52	新竹市	新竹市3中華路五段327號	24.781775	120.9195236				8			50															3
2012	10	19	6	30	新竹市	新竹市2延平路一段138巷	24.804452	120.957069	0	2	0	8	1	5	40	4	1	1	5	4	5	7	4	4	10	5	5	2	15	2
2012	10	19	18	40	新竹市	新竹市1中華路一段頭前溪橋上	24.8193477	120.9955776				8			50															3
2012	10	18	21	0	新竹市	新竹市2台68縣3.6K處	24.81488335	120.9394568	0	1	0	8	3	2	90	14	9	1	5	4	5	7	4	4	1	3	5	1	13	2
2012	10	19	15	14	新竹市	新竹市2東大路二段武陵路路口	24.8171183	120.9658517				8			50															3
2012	10	19	16	32	新竹市	新竹市2光華街59巷14號	24.8160108	120.9714736	0	0	0	8	1	5	50	14	9	1	5	4	5	7	4	4	10	5	5	2	17	3
2012	10	19	17	45	新竹市	新竹市1光復路一段84號	24.781547	121.024368	0	1	0	8	2	5	50	14	9	1	5	4	5	7	4	4	5	4	5	1	3	2
2012	10	19	21	5	新竹市	新竹市2經國路二段60巷	24.8138877	120.9642847	0	1	0	7	3	5	50	3	1	1	5	4	5	7	4	4	1	4	5	2	16	2
2012	10	19	21	20	新竹市	新竹市1東南街157號	24.797277	120.974647				8			50															3
2012	10	18	18	40	新竹市	新竹市3元培街399號	24.7761946	120.9439439				8			50															3
2012	10	15	14	36	新竹市	新竹市2西大路(明志書院公有停車場)	24.8091112	120.9601481				8			20															3
2012	10	15	16	5	新竹市	新竹市1三民路105號	23.8548668	120.983603				8			50															3
2012	10	19	17	56	新竹市	新竹市1光復路一段448之2號	24.7846641	121.013784				8			50															3
2012	10	19	23	35	新竹市	新竹市2中山路256號	24.802613	120.962042				8			50															3
2012	10	19	16	0	新竹市	新竹市1中正路1號	24.802041	120.971204	0	1	0	8	1	5	50	14	9	1	5	4	5	7	4	4	5	4	5	2	12	2
2012	10	18	8	1	新竹市	新竹市1明湖路1050巷53號	24.7655791	120.97828				8			40															3
2012	10	18	10	4	新竹市	新竹市2殯葬管理所前停車場內81號停車格	24.81488335	120.9394568				8			40															3
2012	10	11	9	0	新竹市	新竹市3五福路二段735號	24.7571705	120.9484903	0	3	0	8	1	5	50	15	9	1	5	4	5	7	4	4	5	5	5	2	17	2
2012	10	11	12	9	新竹市	新竹市1中華路二段678號國泰醫院前	24.798228	120.965282				8			40															3
2012	10	20	8	42	新竹市	新竹市1建功路60號	24.798414	120.997891				8			40															3
2012	10	10	17	14	新竹市	新竹市2海埔路171巷105號前	24.81224505	120.9220779				8			50															3
2012	10	19	9	0	新竹市	新竹市2東大路二段110號	24.8143767	120.9673414				8			50															3
2012	10	19	13	30	新竹市	新竹市3大湖路167巷	24.75047775	120.9241959				8			40															3
2012	10	20	11	30	新竹市	新竹市2經國路二段626號	24.801484	120.954033	0	1	0	8	1	5	50	14	9	1	5	4	5	7	4	4	1	4	4	1	13	2
2012	10	20	8	33	新竹市	新竹市2武陵路70巷	24.8171183	120.9658517	0	1	0	8	1	5	50	4	1	1	5	4	5	7	1	1	10	5	5	2	16	2
2012	10	18	11	46	新竹市	新竹市3玄奘路(玄奘高幹32D9280CB18燈桿)	24.774262	120.945124	0	2	0	8	4	5	40	11	9	1	5	4	5	7	4	4	4	5	5	2	10	2
2012	10	15	13	52	新竹市	新竹市1光復路一段283號	24.782072	121.019426				8			50															3
2012	10	20	13	10	新竹市	新竹市1食品路178號	24.7972391	120.9761765				8			50															3
2012	10	18	7	50	新竹市	新竹市1中華路一段78巷	24.8176705	120.9933049	0	1	0	8	1	5	50	3	1	1	5	4	5	7	2	1	10	5	5	2	16	2
2012	10	17	12	10	新竹市	新竹市1慈濟路埔頂一路路口	24.7931955	121.0155735				8			40															3
2012	10	20	15	25	新竹市	新竹市2北大路97號	24.8104328	120.9696434				8			50															3
2012	10	20	17	17	新竹市	新竹市2東大路四段215號			0	2	0	8	1	5	50	14	9	1	5	4	5	7	4	4	9	5	5	1	17	2
2012	10	20	13	48	新竹市	新竹市2西大路林森路路口						8			50															3
2012	10	18	17	59	新竹市	新竹市1慈雲路與埔頂路口						8			50															3
2012	10	20	6	4	新竹市	新竹市3延平路二段1225號			0	1	0	8	1	5	60	11	9	1	5	4	5	7	4	4	5	5	5	2	11	2
2012	10	20	19	30	新竹市	新竹市1中華路二段591號						8			50															3
2012	10	20	22	8	新竹市	新竹市2東大路四段109巷附近			0	2	0	8	3	5	50	3	2	1	5	4	3	5	4	4	9	5	5	1	16	2
2012	10	20	20	23	新竹市	新竹市2延平路一段214巷16號對面						8			50															3
2012	10	20	16	33	新竹市	新竹市1寶山路近200巷前			0	1	0	8	1	5	50	14	9	1	5	4	5	7	4	4	1	4	5	2	12	2
2012	10	21	0	44	新竹市	新竹市2中山路90號						8			50															3
2012	10	20	22	6	新竹市	新竹市3竹香北路牛埔北路路口			1	0	0	8	3	5	50	5	2	1	5	4	5	7	3	1	5	5	5	2	20	1
2012	10	20	22	33	新竹市	新竹市1東門街78號			0	1	0	8	3	5	50	4	1	1	5	4	5	7	2	1	10	5	5	2	16	2
2012	10	20	18	0	新竹市	新竹市1寶山路93巷	24.793222	120.9748555				8			50															3
2012	10	19	9	17	新竹市	新竹市1建中路5號	24.8000644	120.9942024	0	1	0	8	1	5	50	4	1	1	5	4	5	7	4	4	5	4	5	2	12	2
2012	10	19	7	20	新竹市	新竹市1埔頂一路慈濟路路口	24.7919685	121.0148844	0	1	0	8	1	5	50	4	1	1	5	4	5	7	4	4	10	5	5	2	15	2
2012	10	20	14	25	新竹市	新竹市1食品路520巷	24.7941221	120.966126	0	2	0	8	1	5	50	3	1	1	5	4	5	7	4	4	10	5	5	2	16	2
2012	10	20	17	0	新竹市	新竹市3中華路六段445號	24.734838	120.913144				8			50															3
2012	10	20	17	40	新竹市	新竹市3中華路六段665巷	24.7318662	120.9153228				8			40															3
2012	10	21	8	40	新竹市	新竹市1光復路二段建新路路口	24.7975598	120.995739	0	0	0	8	1	5	50	4	9	1	5	4	5	7	1	1	1	2	5	2	13	3
2012	10	17	19	39	新竹市	新竹市3中華路三段中山路	24.796563	120.9551932				8			50															3
2012	10	6	13	30	新竹市	新竹市1建功路49號	24.796887	120.99963				8			50															3
2012	10	6	15	19	新竹市	新竹市2湳雅街222號	24.8220721	120.976059	0	1	0	8	1	5	50	14	9	1	5	4	5	7	4	4	9	5	5	1	3	2
2012	10	4	21	18	新竹市	新竹市1寶山路9號	24.7942691	120.973417	0	1	0	8	3	5	50	14	9	1	5	4	5	7	4	4	4	4	5	2	13	2
2012	10	3	18	50	新竹市	新竹市1食品路竹蓮國小前	24.79785375	120.9737786				8			50															3
2012	10	3	20	55	新竹市	新竹市3牛埔路434號	24.7974793	120.9423918				8			50															3
2012	10	21	11	57	新竹市	新竹市1慈雲路	24.7874802	121.0095148	0	1	0	8	1	5	50	14	9	1	5	4	5	7	4	4	1	5	5	2	3	2
2012	10	7	9	38	新竹市	新竹市3牛埔東路251巷內弄	24.74190355	120.9764504				8			50															3
2012	10	14	10	20	新竹市	新竹市1經國路二段西大路路口	24.8091112	120.9601481				8			50															3
2012	10	7	13	38	新竹市	新竹市2經國路二段北新街路口	24.8034591	120.9550289				8			50															3
2012	10	10	6	51	新竹市	新竹市1中華路一段10號	24.8193221	120.9951	0	1	0	8	1	5	50	14	9	1	5	4	5	7	4	4	1	4	5	2	18	2
2012	10	10	9	17	新竹市	新竹市1建華街19號	24.793884	120.974661				8			50															3
2012	10	10	15	33	新竹市	新竹市2武陵路181號	24.82145345	120.9688348				8			50															3
2012	10	10	17	38	新竹市	新竹市2東大路四段151號	24.8438881	120.930985				8			50															3
2012	10	11	18	12	新竹市	新竹市2中山路警光路路口						8			50															3
2012	10	21	12	25	新竹市	新竹市1食品路體育街路口						8			50															3
2012	10	21	13	22	新竹市	新竹市1經國路一段民權路路口						8			50															3
2012	10	21	14	39	新竹市	新竹市2中正路境福街路口						8			50															3
2012	10	13	17	29	新竹市	新竹市1食品路461巷13號						8			40															3
2012	10	20	16	9	新竹市	新竹市3西濱路三段20巷125號			0	1	0	8	1	5	50	14	9	1	5	4	5	7	4	4	10	5	5	2	12	2
2012	10	13	19	42	新竹市	新竹市2竹光路407號						8			50															3
2012	10	14	14	20	新竹市	新竹市2南寮街134號						8			50															3
2012	10	14	16	31	新竹市	新竹市1中華路二段417號			0	1	0	8	1	5	50	14	9	1	5	4	5	7	4	4	5	4	5	2	3	2
2012	10	21	16	10	新竹市	新竹市1公道五路69號						8			50															3
2012	10	20	17	0	新竹市	新竹市1東大路二段60號			0	1	0	8	1	5	40	14	8	1	5	4	5	7	4	4	10	5	5	2	13	2
2012	10	21	18	56	新竹市	新竹市3牛埔東路頂埔路路口						8			50															3
2012	10	21	21	48	新竹市	新竹市1林森路武昌街路口			0	4	0	8	3	5	50	4	1	1	5	4	5	7	3	1	10	5	5	2	15	2
2012	10	21	17	48	新竹市	新竹市2海濱路43號						8			40															3
2012	10	21	17	49	新竹市	新竹市2德成街林森路路口192巷口			0	2	0	8	2	5	50	4	1	1	5	4	5	7	4	4	10	5	5	2	15	2
2012	10	13	19	50	新竹市	新竹市2中山路四維路路口						8			50															3
2012	10	20	17	56	新竹市	新竹市1客雅大道成德一街口						8			50															3
2012	10	21	13	54	新竹市	新竹市1南大路490號						8			50															3
2012	10	21	20	26	新竹市	新竹市1林森路南門街路口						8			50															3
2012	10	21	20	29	新竹市	新竹市1金山18街金山南街口			0	1	0	8	3	5	40	3	1	1	5	4	5	7	4	4	10	5	5	2	3	2
2012	10	22	8	20	新竹市	新竹市2林森路182巷德成街路口			0	2	0	8	1	5	50	4	1	1	5	4	5	7	4	4	10	5	5	2	15	2
2012	10	22	10	50	新竹市	新竹市3元培街337號	24.77862	120.939535				8			50															3
2012	10	22	9	8	新竹市	新竹市3芝柏一街1號	24.776268	120.945596	0	1	0	8	1	5	30	3	1	1	5	4	5	7	4	4	10	5	5	2	13	2
2012	10	22	7	40	新竹市	新竹市3中華路四段372號	24.7928831	120.942759				8			10															3
2012	10	22	11	37	新竹市	新竹市1興學街25號	24.7977871	120.967823				8			20															3
2012	10	21	15	24	新竹市	新竹市2東大路三段274號	24.833304	120.948843	0	0	0	8	1	5	50	14	9	1	5	4	5	7	4	4	5	2	5	1	13	3
2012	10	22	11	32	新竹市	新竹市1中華路一段284巷	24.8127829	120.9888041				8			40															3
2012	10	21	11	54	新竹市	新竹市3中華路六段761巷	24.7318662	120.9153228				8			50															3
2012	10	11	17	5	新竹市	新竹市1光復路一段290號	24.7826271	121.0197381				8			50															3
2012	10	13	12	5	新竹市	新竹市1明湖路400巷49弄	24.78487485	120.9652403	0	1	0	8	1	5	40	4	1	1	5	4	5	7	4	4	10	5	5	2	15	2
2012	10	13	7	17	新竹市	新竹市3竹香南路牛埔北路路口	24.800688	120.9409727	0	1	0	8	1	5	50	4	1	1	5	4	5	7	3	1	10	5	5	2	15	2
2012	10	20	17	15	新竹市	新竹市2東大路二段145號	24.81479355	120.9638567				8			50															3
2012	10	21	23	2	新竹市	新竹市1中華路二段火車站出口處	24.8042903	120.9752282	0	1	0	8	3	5	50	5	1	1	5	4	5	7	1	1	5	2	5	1	12	2
2012	10	22	18	40	新竹市	新竹市3中華路五段35號	24.7878539	120.9280829				8			50															3
2012	10	22	19	10	新竹市	新竹市1食品路313號	24.794445	120.972384	0	3	0	8	3	5	50	14	9	1	5	4	5	7	4	4	5	4	4	2	17	2
2012	10	22	23	10	新竹市	新竹市2武陵路271巷64弄	24.8251986	120.9692006				8			50															3
2012	10	18	13	13	新竹市	新竹市1金山18街金山街路口	36.667672	119.159806				8			50															3
2012	10	18	12	8	新竹市	新竹市1東門街188號	24.804427	120.967218				8			50															3
2012	10	22	22	31	新竹市	新竹市1高翠路73巷2弄	24.781416	120.987618				8			50															3
2012	10	19	17	11	新竹市	新竹市2中山路344巷	24.801167	120.959709	0	2	0	8	1	5	50	3	1	1	5	4	5	7	4	4	10	5	5	2	16	2
2012	10	20	12	38	新竹市	新竹市2湳雅街187巷	24.8219504	120.9716382	0	1	0	8	1	5	50	4	1	1	5	4	5	7	4	4	10	5	5	2	16	2
2012	10	22	0	56	新竹市	新竹市2吉羊路空軍基地大轉彎處	24.8214621	120.9520581				8			50															3
2012	10	18	17	24	新竹市	新竹市1公道五路二段經國路路口	24.819359	120.9825494				8			50															3
2012	10	19	18	0	新竹市	新竹市1北大路44號前	24.812738	120.972532	0	0	0																			3
2012	10	22	22	0	新竹市	新竹市3明湖路715號前	24.7702698	120.9734533	0	2	0	8	3	5	50	14	9	1	5	4	5	7	4	4	5	5	5	1	12	2
2012	10	20	16	23	新竹市	新竹市2新竹市中山路134號	24.804339	120.964623																						3
2012	10	13	15	51	新竹市	新竹市2東大路四段215號	24.8445551	120.929401				8			50															3
2012	10	23	9	53	新竹市	新竹市3牛埔路162-1號	24.7998247	120.9517568				8			50															3
2012	10	22	12	12	新竹市	新竹市1寶山路452巷	24.78597275	120.988269				8			50															3
2012	10	23	9	4	新竹市	新竹市1食品路297號	24.794809	120.972733				8			50															3
2012	10	23	6	35	新竹市	新竹市2光華二街11巷	24.817012	120.974216	0	1	0	8	1	5	50	4	1	1	5	4	5	7	4	4	10	5	5	2	16	2
2012	10	23	8	15	新竹市	新竹市1經國路一段自由路路口	24.8147153	120.9796905				8			50															3
2012	10	22	10	55	新竹市	新竹市1中央路169號	24.808529	120.972682	0	2	0	8	1	4	50	14	9	1	5	4	5	7	4	4	6	5	5	2	12	2
2012	10	14	17	34	新竹市	新竹市2湳雅街光華街路口	24.8185054	120.9714336				8			50															3
2012	10	22	17	33	新竹市	新竹市2中華路三段111號	24.7965941	120.960851				8			50															3
2012	10	23	13	22	新竹市	新竹市1中華路二段509號	24.800068	120.9684998	0	1	0	8	1	5	50	14	9	1	5	4	5	7	4	4	9	5	5	2	16	2
2012	10	5	18	55	新竹市	新竹市1學府路447號	24.8003648	120.9867557				8			50															3
2012	10	22	17	11	新竹市	新竹市1建新路108號	24.7989631	120.999685				8			50															3
2012	10	23	12	21	新竹市	新竹市3景觀大道	24.7714132	120.952796	0	1	0	8	1	5	50	14	8	1	5	4	5	7	4	4	3	1	4	2	18	2
2012	10	4	7	35	新竹市	新竹市1建華街4號	24.793466	120.974347	0	1	0	8	1	4	50	14	9	1	5	4	5	7	4	4	5	5	5	1	16	2
2012	10	23	15	45	新竹市	新竹市2東大路三段315號	24.8353391	120.944855				8			50															3
2012	10	20	14	30	新竹市	新竹市1東大路一段11巷	24.802285	120.976251				8			50															3
2012	10	10	14	42	新竹市	新竹市3中華路四段頂埔路路口	24.7882139	120.9286821				8			50															3
2012	10	23	22	15	新竹市	新竹市1中華路民權路路口	24.8055397	120.9770756				8			50															3
2012	10	20	9	53	新竹市	新竹市2中山路483號	24.79974815	120.9576127				8			50															3
2012	10	24	2	14	新竹市	新竹市3牛埔路中山路路口	24.4235318	120.6435228	0	1	0	8	3	5	50	14	9	1	5	4	5	7	3	1	5	5	5	1	13	2
2012	10	24	0	10	新竹市	新竹市1林森路221號	24.798363	120.963617				8			50															3
2012	10	18	13	30	新竹市	新竹市2北門街141號	24.8089501	120.965019				8			50															3
2012	10	17	10	18	新竹市	新竹市3元培街306號	24.7777953	120.9404076				8			40															3
2012	10	23	17	15	新竹市	新竹市1大學路50號	24.7896991	121.000851	0	1	0	8	2	5	50	14	9	1	5	4	5	7	4	4	4	4	5	2	16	2
2012	10	24	7	39	新竹市	新竹市2東大路經國路路口	24.8137323	120.9674304				8			50															3
2012	10	24	9	28	新竹市	新竹市2四維路76號	24.796531	120.964237				8			50															3
2012	10	5	17	28	新竹市	新竹市1民族路255號	24.8108364	120.9817357				8			50															3
2012	10	18	15	10	新竹市	新竹市3大庄路46號			0	1	0	8	1	5	50	14	9	1	5	4	5	7	4	4	5	5	5	2	16	2
2012	10	24	9	38	新竹市	新竹市1西大路283號			0	1	0	8	1	5	50	14	9	1	5	4	5	7	4	4	5	2	5	2	12	2
2012	10	22	10	41	新竹市	新竹市1東大路二段143號	24.814678	120.966313	0	1	0	8	1	3	50	14	9	1	5	4	5	7	4	4	10	5	5	2	12	2
2012	10	6	10	5	新竹市	新竹市1三民路85號	24.833429	121.017656	0	1	0	8	1	5	50	14	9	1	5	4	5	7	4	4	1	5	1	2	12	2
2012	10	6	13	28	新竹市	新竹市3中華路四段278號	24.79428875	120.9468291	0	1	0	8	1	3	50	14	8	1	5	4	5	7	4	4	1	4	4	2	16	2
2012	10	24	8	50	新竹市	新竹市3中華路五段321號	24.7650255	120.9144374	0	1	0	8	1	5	50	3	1	1	5	4	5	7	3	1	10	5	5	2	13	2
2012	10	24	10	30	新竹市	新竹市3西濱快速道路香山連絡道口	24.7370729	120.886593	0	1	0	8	1	5	50	3	1	1	5	4	5	7	1	1	10	5	5	2	18	2
2012	10	24	11	50	新竹市	新竹市1公道五路二段212巷	24.8019741	121.0001719				8			50															3
2012	10	23	19	0	新竹市	新竹市2光華南街18巷21號	24.816382	120.976503				8			30															3
2012	10	24	9	39	新竹市	新竹市1大同路106號	24.8053051	120.968443				8			50															3
2012	10	24	18	11	新竹市	新竹市1興學街興中街路口	24.7965397	120.9667442	0	1	0	8	3	5	50	3	1	1	5	4	5	7	4	4	10	5	5	2	16	2
2012	10	24	21	45	新竹市	新竹市2林森路264號	24.797854	120.96221	0	2	0	8	3	5	50	14	9	1	5	4	5	7	4	4	9	4	5	2	9	2
2012	10	23	18	40	新竹市	新竹市1光復路建中路路口	24.8020598	120.9954236				8			50															3
2012	10	24	16	35	新竹市	新竹市1培英街29巷	24.7966819	120.9781291	0	1	0	8	1	5	40	4	1	1	5	4	5	7	4	4	10	5	5	2	15	2
2012	10	24	18	22	新竹市	新竹市2西大路451號	24.80455	120.963522				8			50															3
2012	10	19	13	40	新竹市	新竹市2東大路三段168-3號	24.8358851	120.945434				8			50															3
2012	10	10	20	41	新竹市	新竹市3大庄路84號	24.790708	120.926527				8			40															3
2012	10	10	14	52	新竹市	新竹市2北門街107號	24.807307	120.965357				8			50															3
2012	10	6	14	37	新竹市	新竹市3	31.3512963	120.9811634				8			80															3
2012	10	25	8	25	新竹市	新竹市2中正路158號	24.8095863	120.9664756	0	1	0	8	1	5	50	14	9	1	5	4	5	7	4	4	5	4	5	2	3	2
2012	10	22	13	48	新竹市	新竹市3海埔路131巷	24.818964	120.925308	0	1	0	8	1	2	50	4	8	1	5	4	5	7	4	4	1	4	1	1	16	2
2012	10	25	11	40	新竹市	新竹市2北大路140號	24.810285	120.968379				8			50															3
2012	10	24	15	13	新竹市	新竹市2經國路二段158巷	24.81076025	120.9625225				8			50															3
2012	10	25	12	42	新竹市	新竹市1埔頂路276號	24.7939945	121.0137049				8			50															3
2012	10	25	7	4	新竹市	新竹市1關東路208巷電桿分二	24.7857397	121.0216266	0	2	0	8	1	5	40	11	9	1	5	4	5	7	4	4	10	5	5	2	16	2
2012	10	25	9	36	新竹市	新竹市3中華路四段451巷	24.7909301	120.9379034				8			50															3
2012	10	22	18	3	新竹市	新竹市2湳雅街218巷34號	24.817594	120.970475				8			40															3
2012	10	25	9	35	新竹市	新竹市1中華路一段太原路路口	37.8545931	112.5517968	0	1	0	8	1	5	50	4	2	1	5	4	5	7	1	1	9	5	4	2	15	2
2012	10	23	19	30	新竹市	新竹市1西大路46巷35號	24.7962631	120.972084				8			40															3
2012	10	25	12	15	新竹市	新竹市1光復路一段關新路路口	24.7832442	121.0177491				8			50															3
2012	10	20	17	45	新竹市	新竹市1建功一路建新路路口	23.907561	106.625776	0	1	0	8	3	5	50	4	18	1	5	4	5	7	2	1	10	5	5	2	3	2
2012	10	25	17	28	新竹市	新竹市1光復路一段新莊街口	24.8159546	121.0285022	0	2	0	8	3	5	50	4	1	1	5	4	5	7	1	1	10	5	5	2	13	2
2012	10	23	12	5	新竹市	新竹市2東大路二段鐵道路路口	24.8198055	120.961431	0	1	0	8	1	5	50	4	1	1	5	4	5	7	1	1	10	5	5	2	12	2
2012	10	25	19	17	新竹市	新竹市3芝柏五街60號	24.776299	120.948522	0	0	0	8	3	5	40	14	9	1	5	4	5	7	4	4	10	5	5	2	14	3
2012	10	25	18	51	新竹市	新竹市1林森路310號	24.797406	120.961215	0	2	0	8	3	5	50	14	9	1	5	4	5	7	4	4	5	4	5	1	16	2
2012	10	25	22	37	新竹市	新竹市3牛埔路中山路口	27.038013	118.334361	0	1	0	7	3	5	50	4	1	1	5	4	5	7	1	1	10	5	5	2	16	2
2012	10	26	0	0	新竹市	新竹市2愛文街11巷仁德街路口	24.8074818	120.9632782	0	1	0	7	3	5	40	4	1	1	5	4	5	7	3	1	10	5	5	2	15	2
2012	10	18	21	30	新竹市	新竹市1民生路211巷13號前(大門)	24.811139	120.9749888	0	0	0	8	3	5	40	14	9	1	5	4	5	7	4	4	10	5	5	2	17	3
2012	10	19	0	1	新竹市	新竹市2崧嶺路2號	24.796174	120.955803	0	1	0	8	3	5	50	14	9	1	5	4	5	7	4	4	5	5	5	1	17	2
2012	10	26	6	40	新竹市	新竹市1南大路770號			0	1	0	8	1	5	50	14	9	1	5	4	5	7	3	1	5	2	5	1	16	2
2012	10	23	8	0	新竹市	新竹市2北大路大同路路口			0	2	0	8	1	5	50	3	1	1	5	4	5	7	4	4	10	5	5	2	16	2
2012	10	10	12	50	新竹市	新竹市1花園街81號						8			40															3
2012	10	26	10	26	新竹市	新竹市1公道五路一段水源街路口			0	0	0	8	1	5	50	4	1	1	5	4	5	7	1	1	1	2	1	2	16	3
2012	10	25	19	40	新竹市	新竹市3景觀大道茄苳交流道口			0	1	0	8	3	5	50	3	2	1	5	4	5	7	4	4	1	4	5	1	16	2
2012	10	26	8	40	新竹市	新竹市1大學路51巷15號	24.78746585	121.0033154				8			40															3
2012	10	25	22	12	新竹市	新竹市1中華路二段中油民華站前	24.8042903	120.9752282				8			50															3
2012	10	25	17	37	新竹市	新竹市1光復路一段531巷70之3號	24.781507	121.02474				8			50															3
2012	10	25	7	47	新竹市	新竹市3大庄路228巷香北一路191巷口	24.7919646	120.9223516	0	1	0	8	1	5	50	3	1	1	5	4	5	7	4	4	10	5	5	2	16	2
2012	10	26	7	45	新竹市	新竹市1明湖路與柴橋路口	24.771598	120.9683462	0	1	0	8	1	5	50	14	9	1	5	4	5	7	1	1	5	5	5	1	17	2
2012	10	25	9	21	新竹市	新竹市3元培街225號	24.7800731	120.935407	0	1	0	8	1	5	50	3	1	1	5	4	5	1	4	4	5	5	5	1	16	2
2012	10	25	11	32	新竹市	新竹市1光復路一段576巷	24.7910558	121.006802				8			50															3
2012	10	25	13	27	新竹市	新竹市2民富街193號	24.80867115	120.9623971				8			50															3
2012	10	26	8	54	新竹市	新竹市1中華路二段10巷	24.80896535	120.9825236	0	2	0	8	1	5	50	3	1	1	5	4	5	7	3	1	10	5	5	2	3	2
2012	10	26	9	50	新竹市	新竹市1明湖路1036號	24.7677969	120.9786091	0	1	0	8	1	5	50	11	9	1	5	4	5	7	4	4	5	5	5	1	12	2
2012	10	26	10	30	新竹市	新竹市1民生路107號	24.8095543	120.9773552				8			50															3
2012	10	26	11	41	新竹市	新竹市1光復路一段41巷	24.7811741	121.02523	0	1	0	8	1	5	50	3	1	1	5	4	3	5	4	4	10	5	5	2	16	2
2012	10	26	11	55	新竹市	新竹市1埔頂路埔頂一路路口	24.7909875	121.0171366	0	1	0	8	1	5	50	3	1	1	5	4	5	7	4	4	10	5	5	2	16	2
2012	10	19	6	39	新竹市	新竹市1西大路49號	24.7955371	120.971483				8			50															3
2012	10	26	18	45	新竹市	新竹市1慈雲路211號	24.79311235	121.0115108	0	0	0	8	3	5	50	14	8	1	5	4	5	7	4	4	8	3	4	1	12	3
2012	10	26	18	55	新竹市	新竹市2中山路20號	24.8060211	120.96743				8			50															3
2012	10	26	21	25	新竹市	新竹市2康樂路上	24.8647484	120.9914642				8			50															3
2012	10	26	21	15	新竹市	新竹市2中華路三段244號	24.7966231	120.955709	0	1	0	8	3	5	50	14	9	1	5	4	5	7	4	4	5	4	5	1	16	2
2012	10	19	14	9	新竹市	新竹市1明湖路1001號	24.772559	120.9684671	0	1	0	8	1	5	50	14	9	1	5	4	5	7	4	4	5	5	5	1	19	2
2012	10	26	23	35	新竹市	新竹市1公道五路二段359號	24.80357935	120.9961211	0	1	0	8	3	5	50	14	8	1	5	4	5	7	4	4	1	5	1	1	16	2