年	月	日	時	分	縣市	allLocation	GoogleLat	GoogleLng	死	受傷	2-30	天候	光線	道路類別	速限	道路型態	事故位置	路面鋪裝	路面狀態	路面缺陷	障礙物	視距	號誌種類	號誌動作	分向設施	快車道或一般車道間	快慢車道間	路面邊線	事故類型及型態	事故類別
2012	10	26	20	15	新竹市	新竹市2西大路587號	24.8095481	120.959459	0	1	0	8	3	5	50	14	9	1	5	4	5	7	4	4	9	5	5	1	3	2
2012	10	19	10	4	新竹市	新竹市1中華路二段703號	24.7978891	120.9651297				8			50															3
2012	10	21	10	30	新竹市	新竹市2東大路二段3號演藝廳公有停車場	24.8187798	120.961671				8			20															3
2012	10	19	8	14	新竹市	新竹市3中華路四段466號	24.79103715	120.9378794				8			50															3
2012	10	19	12	40	新竹市	新竹市2西大路303號	24.801139	120.966171				8			50															3
2012	10	19	18	0	新竹市	新竹市1北大路44號	24.812738	120.972532				8			50															3
2012	10	20	8	48	新竹市	新竹市1千甲路太原路路口	37.8545931	112.5517968				8			50															3
2012	10	20	7	45	新竹市	新竹市2育英路與林森路口	24.7967798	120.9607008				8			50															3
2012	10	20	15	33	新竹市	新竹市2中山路134號	24.804339	120.964623	0	0	0	8	1	5	50	14	9	1	5	4	5	7	4	4	9	4	5	2	16	3
2012	10	25	17	9	新竹市	新竹市1中正路23號	24.8032171	120.970984	0	1	0	8	2	5	50	14	9	1	5	4	5	7	4	4	5	4	5	2	16	2
2012	10	22	8	40	新竹市	新竹市1大學路光復路路口	24.7910677	121.0049133	0	3	0	8	1	3	50	5	4	1	5	4	5	7	2	1	1	2	5	2	13	2
2012	10	23	22	6	新竹市	新竹市2延平路一段401巷口弄	24.8270975	120.927613				8			40															3
2012	10	27	7	31	新竹市	新竹市1光復路一段543巷	24.7847691	121.0122412	0	1	0	7	1	5	50	3	1	1	5	4	5	7	4	4	10	5	5	2	16	2
2012	10	22	8	49	新竹市	新竹市1公道五路二段69號	24.7962926	121.0105979	0	1	0	8	1	5	50	14	9	1	5	4	5	7	4	4	1	4	5	1	16	2
2012	10	23	10	36	新竹市	新竹市1建中一路8號	24.8006181	120.994112	0	1	0	8	1	5	50	14	9	1	5	4	5	7	4	4	5	5	5	2	12	2
2012	10	23	13	29	新竹市	新竹市1武昌街74號公有室內停車場	24.8024766	120.9674852				8			0															3
2012	10	23	16	1	新竹市	新竹市1中華路一段經國路路口	24.8161395	120.9934274	0	2	0	8	1	5	50	3	1	1	5	4	5	7	2	1	10	5	5	2	13	2
2012	10	19	8	50	新竹市	新竹市1明湖路221巷	24.791322	120.968632				8			50															3
2012	10	22	11	27	新竹市	新竹市3牛埔路88號	24.799179	120.954066	0	2	0	8	1	3	50	14	9	1	5	4	5	7	4	4	9	5	5	1	16	2
2012	10	21	18	50	新竹市	新竹市2延平路二段1590巷	24.8243391	120.926708				8			40															3
2012	10	27	15	6	新竹市	新竹市2西大路407號	24.803369	120.964278	0	1	0	8	1	5	50	15	9	1	5	4	5	7	4	4	5	4	5	2	12	2
2012	10	23	14	55	新竹市	新竹市1千甲路360巷9號	24.80515155	121.0126831	0	2	0	8	1	5	40	14	9	1	5	4	5	7	4	4	10	5	5	2	16	2
2012	10	27	16	25	新竹市	新竹市1水源街79號	24.80189295	120.9922287	0	1	0	8	1	5	50	14	9	1	5	4	5	7	4	4	5	4	5	1	16	2
2012	10	24	17	14	新竹市	新竹市3元培街286號	24.778202	120.938792				8			40															3
2012	10	26	15	54	新竹市	新竹市3中華路五段268之2號	24.7834637	120.9193786				8			40															3
2012	10	27	16	25	新竹市	新竹市1水源街79號	24.80189295	120.9922287	0	1	0	8	1	5	50	14	9	1	5	4	5	7	4	4	5	4	5	2	12	2
2012	10	27	21	38	新竹市	新竹市1水源街75號	24.80174845	120.9921434	0	1	0	7	3	5	50	14	9	1	5	4	5	7	4	4	4	4	5	2	16	2
2012	10	27	22	0	新竹市	新竹市1公道五路三段565巷口	24.8216385	120.9805659	0	1	0	7	3	5	50	4	1	1	5	4	5	7	1	1	10	5	5	2	15	2
2012	10	27	8	11	新竹市	新竹市1光復路一段382號	24.784454	121.015249				8			50															3
2012	10	28	7	39	新竹市	新竹市2經國路延平路路口	24.8047718	120.9556443	0	1	0	8	1	5	50	4	2	1	5	4	5	7	1	1	10	5	5	2	16	2
2012	10	28	7	22	新竹市	新竹市1光復路二段建中路路口	24.7988758	120.9935293	0	2	0	8	1	5	50	3	2	1	2	4	5	7	1	1	1	4	5	2	17	2
2012	10	26	12	33	新竹市	新竹市1中華路一段284巷	24.8127829	120.9888041	0	1	0	8	1	5	50	4	1	1	5	4	5	7	1	1	10	4	5	2	17	2
2012	10	28	11	10	新竹市	新竹市2中正路中山路路口	24.4235318	120.6435228	0	1	0	8	1	5	50	3	2	1	5	4	5	7	2	1	10	5	5	2	16	2
2012	10	20	22	19	新竹市	新竹市3中華路四段牛埔南路路口	24.7887326	120.9300059				8			50															3
2012	10	27	23	34	新竹市	新竹市1中華路二段民權路路口	24.8055397	120.9770756				8			50															3
2012	10	27	22	45	新竹市	新竹市1民生路144巷	24.81034915	120.976919	0	1	0	8	3	5	50	14	9	1	5	4	5	7	4	4	5	4	5	1	16	2
2012	10	27	15	51	新竹市	新竹市1中正路36號前	24.8035831	120.971313																						3
2012	10	28	12	0	新竹市	新竹市1高峰路516號	24.776472	120.983771	0	1	0	8	1	5	40	14	9	1	5	4	5	7	4	4	10	5	5	2	16	2
2012	10	28	10	5	新竹市	新竹市1東山街327巷						8			50															3
2012	10	28	11	41	新竹市	新竹市2四維路132號			0	2	0	8	1	5	50	14	9	1	5	4	5	6	4	4	5	3	5	1	13	2
2012	10	28	11	59	新竹市	新竹市1慈雲路頂埔路路口						8			50															3
2012	10	28	12	48	新竹市	新竹市2延平路一段161號						8			50															3
2012	10	17	21	33	新竹市	新竹市2東大路三段439巷	24.83324075	120.9468056	0	2	0	8	3	5	50	4	1	1	5	4	5	7	3	1	10	5	5	2	16	2
2012	10	27	9	40	新竹市	新竹市2東大路三段439巷	24.83324075	120.9468056	0	1	0	8	1	5	50	4	1	1	5	4	5	7	3	1	10	5	5	2	16	2
2012	10	28	14	0	新竹市	新竹市2延平路二段15號	24.806023	120.943161	0	1	0	8	1	5	50	14	9	1	5	4	5	7	4	4	9	5	5	2	12	2
2012	10	28	10	29	新竹市	新竹市1光復路一段89巷椰城社區前	24.7813346	121.0239894				8			50															3
2012	10	28	12	41	新竹市	新竹市1太原路387號	24.813479	120.992959				8			0															3
2012	10	28	14	6	新竹市	新竹市1光復路一段385巷	24.783575	121.016619	0	0	0	8	1	5	50	3	1	1	5	4	5	7	4	4	10	5	5	2	14	3
2012	10	28	17	15	新竹市	新竹市2東大路四段215號	24.8445551	120.929401				8			50															3
2012	10	28	13	27	新竹市	新竹市1食品路綠水路路口旁公有收費停車場入口處	24.800039	120.981407				8			50															3
2012	10	27	15	14	新竹市	新竹市2中華路三段客雅溪橋北端	24.797232	120.9637474				8			50															3
2012	10	26	3	30	新竹市	新竹市2四維路8號	24.7973901	120.9636194																						3
2012	10	26	11	10	新竹市	新竹市1光復路一段84號			0	2	0	8	1	5	50	14	9	1	5	4	5	7	4	4	5	4	5	2	12	2
2012	10	26	12	5	新竹市	新竹市1中央路東大路路口			0	2	0	8	1	5	5	4	1	1	5	4	5	7	1	1	10	5	5	2	12	2
2012	10	28	18	16	新竹市	新竹市1文化街與東門圓環口			0	2	0	8	3	5	50	16	9	1	5	4	5	7	4	4	10	4	5	2	16	2
2012	10	28	19	38	新竹市	新竹市1文化街與仁義街口						8			50															3
2012	10	28	19	28	新竹市	新竹市3牛埔東路15號						8			50															3
2012	10	28	16	3	新竹市	新竹市3中華路三段中山路口						8			50															3
2012	10	28	19	45	新竹市	新竹市1光復路一段介壽路路口			0	0	0	8	3	5	50	4	9	1	5	4	5	7	1	1	5	2	5	2	11	3
2012	10	28	20	23	新竹市	新竹市2北大路374號(加油站)對面			0	1	0	8	3	5	50	14	9	1	5	4	5	7	4	4	5	4	5	2	16	2
2012	10	23	18	10	新竹市	新竹市1光復路二段清華大學門口前						8			50															3
2012	10	23	16	15	新竹市	新竹市2中正路188號			0	2	0	8	1	5	50	3	1	1	5	4	5	7	4	4	10	5	5	2	16	2
2012	10	28	23	57	新竹市	新竹市1光復路一段介壽路路口			0	1	0	8	3	5	50	14	9	1	5	4	5	7	4	4	5	2	5	2	16	2
2012	10	26	21	36	新竹市	新竹市3元培街309號						8			40															3
2012	10	26	23	37	新竹市	新竹市2中山路102號						8			50															3
2012	10	27	18	15	新竹市	新竹市2中正路145號						8			50															3
2012	10	27	21	45	新竹市	新竹市1文昌街復興路路口	24.8032102	120.96871				8			50															3
2012	10	28	21	18	新竹市	新竹市2東大路三段107號	24.83324075	120.9468056				8			50															3
2012	10	29	8	30	新竹市	新竹市3牛埔路156號	24.79965	120.951935	0	1	0	8	1	5	50	14	9	1	5	4	5	7	4	4	5	4	5	2	3	2
2012	10	29	7	21	新竹市	新竹市1振興一街110號	24.7958321	120.959476				8			50															3
2012	10	29	9	32	新竹市	新竹市2東大路二段鐵道路路口	24.8198055	120.961431	0	1	0	8	1	5	50	4	2	1	5	4	5	7	1	1	10	5	5	2	13	2
2012	10	29	12	20	新竹市	新竹市2仁德街路口1-1號	24.8008407	120.9719637				8			50															3
2012	10	29	9	34	新竹市	新竹市3五福路二段800巷	24.75338155	120.946439				8			50															3
2012	10	29	9	38	新竹市	新竹市1中華路二段347號	24.80345445	120.9739224	0	2	0	8	1	5	50	3	1	1	5	4	5	7	4	4	10	5	5	2	16	2
2012	10	29	13	31	新竹市	新竹市1光復路二段289號	24.79834225	120.9906022				8			50															3
2012	10	26	7	10	新竹市	新竹市3中華路六段647巷136弄	24.73137255	120.918591	0	2	0	8	1	5	50	14	9	1	5	4	5	7	4	4	5	5	5	2	17	2
2012	10	29	14	56	新竹市	新竹市2育英路22號	24.7974582	120.9602786				8			50															3
2012	10	29	10	38	新竹市	新竹市1安和街4巷23號	24.78168	121.014327				8			50															3
2012	10	29	12	38	新竹市	新竹市3中華路華北路路口	24.7950031	120.9484151	0	0	0	8	1	5	50	4	1	1	5	4	5	7	1	1	10	5	5	2	12	3
2012	10	29	14	36	新竹市	新竹市1西大路692號	24.808873	120.96057	0	1	0	8	1	5	50	14	9	1	5	4	5	7	4	4	5	4	5	2	12	2
2012	10	24	15	28	新竹市	新竹市1經國路一段公道五路路口	24.8150922	120.9852896	0	1	0	8	1	5	50	4	1	1	5	4	5	7	2	1	10	5	5	2	16	2
2012	10	28	18	21	新竹市	新竹市1中華路一段太原路路口	37.8545931	112.5517968	0	1	0	8	3	5	50	4	1	1	5	4	5	7	1	1	3	2	4	1	16	2
2012	10	26	16	0	新竹市	新竹市1民權路187號	24.809743	120.973658				8			50															3
2012	10	26	18	0	新竹市	新竹市1光復路二段886號	24.8029971	120.982156				8			50															3
2012	10	27	19	30	新竹市	新竹市2四維路142號	24.80114	120.960946	0	2	0	8	3	5	50	14	9	1	5	4	5	7	4	4	5	4	5	2	16	2
2012	10	29	19	40	新竹市	新竹市1民生路256號	24.812602	120.975312	0	1	0	8	3	5	50	14	9	1	5	4	5	7	4	4	5	4	5	1	16	2
2012	10	27	21	12	新竹市	新竹市1高翠路370號	24.777632	120.983519				8			50															3
2012	10	29	20	10	新竹市	新竹市1中華路一段120號			0	1	0	8	3	5	50	14	9	1	5	4	5	7	4	4	1	5	5	1	13	2
2012	10	29	19	21	新竹市	新竹市3元培街112號			0	1	0	8	3	5	50	14	9	1	5	4	5	7	4	4	5	5	5	2	16	2
2012	10	29	21	43	新竹市	新竹市2光華街3號						8			40															3
2012	10	29	21	55	新竹市	新竹市1公道五路北上交流道匝道口處						8			50															3
2012	10	29	21	5	新竹市	新竹市1寶山路植物園前			0	2	0	8	3	5	50	14	9	1	5	4	5	7	4	4	1	4	5	1	13	2
2012	10	30	1	52	新竹市	新竹市2西大路614號			0	1	0	8	3	5	50	14	9	1	5	4	5	7	4	4	5	4	5	1	12	2
2012	10	29	17	48	新竹市	新竹市1中華路二段302號			0	1	0	8	3	5	50	3	1	1	5	4	5	7	4	4	10	5	5	2	16	2
2012	10	29	22	7	新竹市	新竹市1東門圓環NET前			0	1	0	8	3	5	50	16	9	1	5	4	5	7	4	4	10	2	5	2	16	2
2012	10	28	17	50	新竹市	新竹市1明湖路648巷			0	2	0	7	3	5	50	4	1	1	5	4	5	7	1	1	10	5	5	2	16	2
2012	10	30	7	45	新竹市	新竹市2凌雲街路口						8			50															3
2012	10	30	8	19	新竹市	新竹市3中華路五段111號			0	1	0	8	1	5	50	14	9	1	5	2	5	7	4	4	10	3	5	2	12	2
2012	10	30	7	32	新竹市	新竹市3香村路17號						8			40															3
2012	10	30	12	11	新竹市	新竹市1學府路52號			0	1	0	8	1	5	50	14	9	1	5	4	5	7	4	4	9	4	5	1	2	2
2012	10	30	13	30	新竹市	新竹市2西大路634巷磐石路路口						6			50															3
2012	10	30	7	24	新竹市	新竹市2東大路二段武陵路路口			0	1	0	8	1	5	50	4	1	1	5	4	5	7	1	1	10	5	5	2	12	2
2012	10	30	10	54	新竹市	新竹市3中山路育英街口			0	2	0	8	1	5	50	3	1	1	5	4	5	7	4	4	9	5	5	2	16	2
2012	10	30	12	38	新竹市	新竹市1光復路一段新莊街口						8			50															3
2012	10	29	12	53	新竹市	新竹市2西大路533號						8			50															3
2012	10	30	17	48	新竹市	新竹市2鐵道路二段後湖橋上						6			50															3
2012	10	30	16	20	新竹市	新竹市3景觀大道茄苳交流道南下交流道入口處						6			50															3
2012	10	30	15	30	新竹市	新竹市2中央路110號	24.80599	120.969469				6			50															3
2012	10	29	19	31	新竹市	新竹市1振興路109巷12弄9號	24.7956858	120.9601711				8			40															3
2012	10	25	18	53	新竹市	新竹市1東南街1巷12號	24.7945201	120.975589	0	2	0	7	3	5	50	13	9	1	5	4	5	7	4	4	5	5	5	1	16	2
2012	10	26	15	30	新竹市	新竹市1自由路經國路路口	24.8147153	120.9796905				8			50															3
2012	10	26	20	30	新竹市	新竹市1中華路四段561號	24.789742	120.934183	0	1	0	7	3	5	50	14	9	1	5	4	5	7	4	4	1	4	5	1	17	2
2012	10	27	7	38	新竹市	新竹市3牛埔南路129號	24.79642685	120.9361428	0	1	0	8	1	5	50	3	1	1	5	4	5	7	4	4	9	5	5	2	17	2
2012	10	27	11	14	新竹市	新竹市1金山9街45號	24.777347	121.021054				8			40															3
2012	10	27	13	15	新竹市	新竹市3牛埔東路台玻後方	24.79382215	120.9370932	0	1	0	8	1	5	50	14	9	1	5	4	5	7	4	4	4	5	5	1	16	2
2012	10	27	16	35	新竹市	新竹市2國華街66巷	24.859691	121.005401				8			50															3
2012	10	29	16	5	新竹市	新竹市2台68線下中正路平面道路	24.81607975	120.9630061				8			50															3
2012	10	29	7	55	新竹市	新竹市1經國路一段光華街路口	24.8140911	120.9725373	0	1	0	8	1	5	50	14	9	1	5	4	5	7	1	1	1	4	5	2	13	2
2012	10	7	17	38	新竹市	新竹市3元培街	24.7883507	120.9286567				8			50															3
2012	10	28	17	45	新竹市	新竹市2天府路二段286號	24.8411651	120.927316				8			50															3
2012	10	29	11	49	新竹市	新竹市1慈雲路296號	24.79311235	121.0115108				8			50															3
2012	10	26	11	25	新竹市	新竹市2武陵路300號			0	1	0	8	1	5	50	14	9	1	5	4	5	7	4	4	9	4	5	2	17	2
2012	10	29	18	0	新竹市	新竹市1西大路大遠百前						8			50															3
2012	10	30	17	50	新竹市	新竹市1食品路西大路路口						6			50															3
2012	10	23	18	30	新竹市	新竹市2北大路304號			0	2	0	8	3	4	50	14	9	1	5	4	5	7	4	4	5	4	5	1	16	2
2012	10	24	13	30	新竹市	新竹市1南大路523號	24.79484195	120.9652302	0	1	0	8	1	4	50	3	2	1	5	4	5	7	1	1	5	5	5	2	13	2
2012	10	30	19	5	新竹市	新竹市1經國路一段632號	24.814516	120.975086				6			50															3
2012	10	30	6	18	新竹市	新竹市3西濱路一段2巷口	24.83000025	120.9273822	0	1	0	8	1	5	50	4	2	1	5	4	5	7	1	1	5	2	5	1	13	2
2012	10	30	21	25	新竹市	新竹市1府後街圓環	24.8044633	120.9704172				6			40															3
2012	10	31	2	10	新竹市	新竹市2延平路一段北大路路口圓環	24.803312	120.9603825	0	1	0	7	3	5	50	5	1	1	5	4	5	7	1	1	10	5	5	2	16	2
2012	10	27	11	19	新竹市	新竹市1興學街興中街路口	24.7965397	120.9667442	0	1	0	8	1	5	50	3	1	1	5	4	5	7	4	4	10	5	5	2	16	2
2012	10	25	13	38	新竹市	新竹市1南大路550巷12弄	24.79488565	120.9641955	0	2	0	8	1	5	40	4	1	1	5	4	5	7	4	4	10	5	5	2	15	2
2012	10	30	20	51	新竹市	新竹市1中正路55號	24.804552	120.969915				8			50															3
2012	10	31	0	41	新竹市	新竹市1林森路122號	24.8002811	120.965917	0	1	0	6	3	5	50	14	9	1	4	4	5	7	4	4	5	4	5	1	17	2
2012	10	30	20	30	新竹市	新竹市1明湖路476號	24.7884154	120.9680175				6			50															3
2012	10	30	12	50	新竹市	新竹市1東門圓環(文化街附近)	24.8043843	120.970832	0	1	0	7	1	5	50	16	9	1	5	4	5	7	4	4	10	4	5	2	12	2
2012	10	30	16	39	新竹市	新竹市2東大路二段經國路路口34號	24.8137323	120.9674304	0	1	0	6	3	5	50	14	9	1	4	4	5	7	4	4	1	4	5	2	13	2
2012	10	31	7	24	新竹市	新竹市2經國路一段鐵道路路口	24.8147874	120.9808653				6			50															3
2012	10	31	8	10	新竹市	新竹市1金山街37號	24.7778421	121.021084	0	1	0	6	1	5	50	14	9	1	4	4	5	7	4	4	9	5	5	2	13	2
2012	10	31	7	45	新竹市	新竹市1明湖路920巷	24.7708357	120.9715838	0	1	0	6	1	5	50	3	1	1	4	4	5	7	4	4	10	5	5	1	16	2
2012	10	26	8	34	新竹市	新竹市1南大路706巷35弄	24.802713	120.978108	0	1	0	8	1	4	40	3	1	1	5	4	5	7	4	4	10	5	5	2	16	2
2012	10	31	19	18	新竹市	新竹市1原興路227號	24.811741	121.00046				8			40															3
2012	10	31	18	10	新竹市	新竹市2中山路481號	24.79974815	120.9576127	0	1	0	7	3	5	50	14	9	1	5	4	5	7	4	4	5	4	4	2	16	2
2012	10	31	18	26	新竹市	新竹市1食品路綠水路路口	24.8010377	120.9826702	0	1	0	7	3	5	50	3	1	1	4	4	5	7	2	1	10	5	5	2	16	2
2012	10	10	0	30	新竹市	新竹市3中山路499號前	24.79691	120.95573				8			50															3
2012	10	31	16	15	新竹市	新竹市2東大路二段76號圓環	24.813494	120.968079				8			50															3
2012	10	25	19	5	新竹市	新竹市1光復路一段476巷	24.7924614	121.0067013				8			40															3
2012	10	29	7	10	新竹市	新竹市2湳雅街18號	24.8173336	120.9701043				8			50															3
2012	10	31	22	39	新竹市	新竹市1金山7街80號	24.7771271	121.019881	0	2	0	7	4	5	40	4	1	1	5	4	5	7	4	4	10	5	5	2	15	2
2012	10	31	22	11	新竹市	新竹市1東光路20號	24.80160725	120.9870464	0	1	0	8	3	5	50	14	9	1	5	4	5	7	4	4	5	4	5	2	12	2
2012	10	31	15	13	新竹市	新竹市2經國路二段595號	24.8028221	120.955179				6			50															3
2012	10	31	8	14	新竹市	新竹市1西大路134巷17弄1號	24.794413	120.972522				6			50															3
2012	10	31	18	29	新竹市	新竹市1食品路47號	24.799843	120.981257	0	1	0	7	3	5	50	14	9	1	4	4	5	7	4	4	5	4	5	2	12	2
2012	10	25	23	53	新竹市	新竹市2中正路223巷	24.811528	120.964661				8			50															3
2012	10	27	12	14	新竹市	新竹市3中華路五段華北路路口	24.7950031	120.9484151	0	2	0	8	1	5	50	14	9	1	5	4	5	7	1	1	9	4	5	2	13	2
2012	10	26	15	15	新竹市	新竹市3五福路二段柯湳一街口	24.7546815	120.954002	0	2	0	8	1	5	50	3	1	1	5	4	5	7	3	1	10	5	5	2	16	2
2012	10	23	16	15	新竹市	新竹市2中正路175號	24.809703	120.966029	0	1	0	8	1	5	50	4	1	1	5	4	5	7	4	4	10	5	5	2	13	2
2012	10	25	17	9	新竹市	新竹市1光復路二段356號	24.796453	120.997631				8			50															3
2012	10	24	18	10	新竹市	新竹市2竹光路184巷35弄3號	24.812168	120.956772				8			40															3
2012	10	13	16	0	新竹市	新竹市1光復路二段忠孝路路口	24.8001525	120.9896318	0	2	0	8	1	3	50	3	2	1	5	4	5	7	1	1	1	2	5	2	16	2
2012	10	31	8	11	新竹市	新竹市3經國路三段2巷	24.7991919	120.953374																						3
2012	10	23	14	18	新竹市	新竹市1林森路4號公有停車場內	24.802086	120.970776				8			0															3
2012	10	26	18	39	新竹市	新竹市1慈雲路8號	24.79311235	121.0115108	0	1	0	8	3	5	50	3	2	1	5	4	5	7	4	4	10	5	5	2	12	2
2012	10	22	18	25	新竹市	新竹市1公道五路現代汽車斜對面	24.8150922	120.9852896				8			50															3
2012	10	26	20	39	新竹市	新竹市2西大路495號	24.805619	120.962698	0	1	0	8	3	5	50	4	2	1	5	4	5	7	4	4	5	4	5	2	12	2
2012	10	27	17	3	新竹市	新竹市3大庄路遊樂街路口	24.7928249	120.9243481	0	1	0	8	2	5	50	3	1	1	5	4	5	7	4	4	10	5	5	2	17	2
2012	10	31	7	14	新竹市	新竹市2崧嶺路122號	24.7920679	120.9524816	0	1	0	6	1	5	50	4	1	1	4	4	5	7	4	4	10	5	5	2	16	2
2012	10	31	8	9	新竹市	新竹市1中華路一段255巷	24.8122821	120.989506	0	1	0	6	1	5	50	14	9	1	4	4	5	7	4	4	1	2	5	1	18	2
2012	10	31	10	51	新竹市	新竹市1高峰路221巷1號	24.785195	120.979768	0	1	0	6	1	5	50	11	9	1	4	4	5	7	4	4	5	5	5	2	10	2
2012	10	31	18	11	新竹市	新竹市1光復路二段194巷6號	24.7941781	121.000595				8			40															3
2012	10	30	19	25	新竹市	新竹市1中華路一段9號	24.818963	120.995719				6			50															3
2012	10	31	8	35	新竹市	新竹市3景觀大道與茄冬交流道口	31.3512963	120.9811634	0	1	0	6	1	5	50	14	9	1	4	4	5	7	4	4	1	4	5	2	12	2
2012	10	31	11	38	新竹市	新竹市1光復路二段408號	24.7972301	120.996594				6			50															3
2012	10	30	20	35	新竹市	新竹市2中央路312巷口	24.6925925	120.9015133	0	0	0	6	3	5	50	14	9	1	4	4	5	7	4	4	10	5	5	2	17	3
2012	10	26	11	50	新竹市	新竹市2經國路二段158巷口	24.8205073	120.9891874				8			50															3
2012	10	26	11	0	新竹市	新竹市3中華路四段181巷口	24.79031295	120.9352439				8			50															3
2012	10	31	13	16	新竹市	新竹市1東大路一段21巷	24.8026373	120.9759861	0	1	0	6	3	5	40	7	22	1	2	4	5	2	4	4	4	2	5	2	18	2
2012	10	30	11	57	新竹市	新竹市1民生路74號	24.8088853	120.9781891				8			50															3
2012	10	30	14	35	新竹市	新竹市3牛埔東路牛埔南路路口	24.7922354	120.9323808				8			50															3
2012	10	22	16	40	新竹市	新竹市2經國路二段東大路路口	24.8137323	120.9674304				8			50															3
2012	10	18	17	46	新竹市	新竹市2台68線5.4K處	24.82387895	120.980277				8			40															3
2012	10	29	12	20	新竹市	新竹市2中山路仁德街路口						8			50															3
2012	10	29	9	0	新竹市	新竹市1興竹街142號前			0	2	0	8	1	5	40	4	1	1	5	4	5	7	4	4	10	5	5	2	15	2
2012	10	29	9	51	新竹市	新竹市1博愛街5巷十八尖山電信2號桿前			0	1	0	8	1	4	40	11	9	1	5	4	5	7	4	4	10	5	5	2	2	2
2012	10	31	16	35	新竹市	新竹市1食品路西大路路口						8			50															3
2012	10	30	18	45	新竹市	新竹市2溪洲橋北往南車道						6			50															3
2012	10	17	17	40	新竹市	新竹市2光華街89巷1月16日號						8			40															3
2012	10	29	19	9	新竹市	新竹市3牛埔東路景觀大道路口			0	4	0	8	3	5	50	4	1	1	5	4	5	7	2	1	10	5	5	2	16	2
2012	10	31	17	30	新竹市	新竹市2中山路警光路路口			0	2	0	8	3	5	50	4	1	1	5	4	5	7	1	1	10	5	5	2	15	2
2012	10	31	12	12	新竹市	新竹市1南大路400號						6			50															3
2012	10	31	13	40	新竹市	新竹市1南大路食品路路口						6			50															3
2012	10	31	5	15	新竹市	新竹市3延平路二段95號			0	2	0	6	3	5	50	14	9	1	4	4	5	7	4	4	5	5	5	2	16	2
2012	10	26	19	51	新竹市	新竹市3明湖路、食品路口			0	2	0	8	3	5	50	4	1	1	5	4	5	7	2	1	10	5	5	2	16	2
2012	10	31	17	13	新竹市	新竹市2金竹路107巷			0	1	0	8	3	5	50	13	9	1	5	4	5	7	4	4	9	5	5	2	11	2
2012	10	31	17	49	新竹市	新竹市1西大路食品路路口			0	2	0	7	3	5	50	5	2	1	5	4	5	7	1	1	10	5	5	2	16	2
2012	10	31	21	41	新竹市	新竹市3中華路五段313號			0	1	0	8	3	5	50	14	8	1	5	4	5	7	4	4	1	4	4	1	18	2
2012	10	30	16	40	新竹市	新竹市2經國路二段62號						8			50															3
2012	10	30	15	40	新竹市	新竹市2林森路158巷26號						6			40															3
2012	10	31	21	10	新竹市	新竹市1光復路二段水源街路口			0	1	0	8	3	5	50	4	18	1	5	4	5	7	2	1	10	5	5	2	3	2
2012	10	29	22	10	新竹市	新竹市2北大路21巷46號						8			40															3
2012	10	24	17	10	新竹市	新竹市1三民路31169號停車格						8			50															3
2012	10	20	10	20	新竹市	新竹市2湳雅街光華國中後校門前	24.8235233	120.9787074	0	1	0	8	1	5	50	14	9	1	5	4	5	7	4	4	5	5	5	1	12	2
2012	10	23	10	25	新竹市	新竹市2北大路94號	24.8113456	120.9703661	0	1	0	8	1	5	50	14	9	1	5	4	5	7	4	4	5	4	5	1	12	2
2012	10	13	22	45	新竹市	新竹市1關東路關東路208巷路口	24.7857356	121.0216185																						2
2012	10	18	18	20	新竹市	新竹市1光復路二段光復中學前	24.790798	121.0055625	0	2	0	8	3	5	50	14	9	1	5	4	5	7	4	4	1	4	5	1	12	2
2012	10	7	16	30	新竹市	新竹市3中華路三段142巷	24.7974018	120.9592223				8			50															3
2012	10	31	12	18	新竹市	新竹市2中山路大同路路口	24.34623015	120.6264257	0	1	0	6	1	5	50	4	1	1	4	4	5	7	3	1	10	5	5	2	15	2
2012	10	27	13	34	新竹市	新竹市2湳雅街鐵道路路口	24.8219504	120.9716382	0	1	0	8	1	5	50	4	1	1	5	4	5	7	2	1	10	5	5	2	12	2
2012	10	14	17	28	新竹市	新竹市1南大路550巷26弄	24.7952273	120.9639258	0	2	0	8	2	5	40	4	1	1	5	4	5	7	4	4	10	5	5	2	15	2
2012	10	31	19	0	新竹市	新竹市2四維路中山路路口	24.4235318	120.6435228				8			50															3
2012	10	21	12	20	新竹市	新竹市2東大路四段103號	24.842419	120.933528				8			50															3
2012	10	28	11	55	新竹市	新竹市2城隍廟前單行道上	24.81488335	120.9394568	0	1	0	8	1	5	40	14	9	1	5	4	5	7	4	4	10	5	5	2	8	2
2012	10	15	13	40	新竹市	新竹市1光復路一段138號	24.781707	121.023248	0	1	0	8	1	5	50	14	9	1	5	4	5	7	4	4	5	2	5	1	3	2
2012	10	30	13	15	新竹市	新竹市2中山路131號	24.803514	120.964187				6			50															3
2012	10	31	4	53	新竹市	新竹市3元培街211號			0	2	0	6	3	5	40	14	9	1	4	4	5	7	4	4	5	5	5	2	26	2
2012	10	30	13	44	新竹市	新竹市2仁德街世界街路口			0	1	0	6	1	5	40	4	1	1	4	4	5	7	3	1	10	5	5	2	15	2
2012	10	24	10	20	新竹市	新竹市1中華路一段經國路路口			0	1	0	8	1	5	50	4	1	1	5	4	5	7	2	1	10	5	5	2	16	2
2012	10	20	16	30	新竹市	新竹市1關東路關新北路			0	2	0	8	1	5	50	4	2	1	5	4	5	7	3	1	10	4	5	1	11	2
2012	10	24	10	6	新竹市	新竹市1經國路一段中華路路口			0	1	0	8	1	5	50	4	1	1	5	4	5	7	1	1	10	5	5	2	16	2
2012	10	30	17	45	新竹市	新竹市3香北路59號																								3
2012	10	1	7	50	新竹市	新竹市1金山街2號			0	2	0	8	1	5	50	14	9	1	5	4	5	7	4	4	5	5	5	1	16	2
2012	10	17	19	39	新竹市	新竹市2中山路中華路路口						8			50															3
2012	10	19	11	0	新竹市	新竹市1光復路一段北上匝道口						8			50															3
2012	10	25	7	20	新竹市	新竹市2鐵道路二段110巷			0	2	0	8	1	5	50	3	1	5	5	4	5	7	4	4	10	5	5	2	16	2
2012	10	25	12	30	新竹市	新竹市1金山街85號前	24.7775171	121.022692																						3
2012	10	20	18	20	新竹市	新竹市3元培街香村社區發展協會前	24.7883507	120.9286567				8			40															3